B0	733	1A1M-C-A, 1A1N-C-A, 1A1O-C-A, 1A9E-C-A, 1AGB-C-A, 1AGC-C-A, 1AGD-C-A, 1AGE-C-A, 1AGF-C-A, 1B0G-C-A, 1B0G-F-D, 1BII-P-A, 1DUY-C-A, 1DUY-F-D, 1DUZ-C-A, 1DUZ-F-D, 1E27-C-A, 1EEY-C-A, 1EEY-F-D, 1EEZ-C-A, 1EEZ-F-D, 1FZJ-P-A, 1FZK-P-A, 1FZM-P-A, 1FZO-P-A, 1G7P-P-A, 1G7Q-P-A, 1HHI-C-A, 1HHI-F-D, 1HHJ-C-A, 1HHJ-F-D, 1HHK-C-A, 1HHK-F-D, 1HOC-C-A, 1HSA-C-A, 1HSA-F-D, 1HSB-C-A, 1I1Y-C-A, 1I1Y-F-D, 1I4F-C-A, 1I7R-C-A, 1I7R-F-D, 1I7U-C-A, 1I7U-F-D, 1IM3-C-A, 1IM3-G-E, 1IM3-K-I, 1IM3-O-M, 1INQ-C-A, 1JF1-C-A, 1JGD-C-A, 1JGE-C-A, 1JHT-C-A, 1JPF-C-A, 1JPG-C-A, 1JUF-C-A, 1K5N-C-A, 1K8D-P-A, 1KJ3-P-H, 1KJ3-Q-I, 1KJM-P-A, 1KJV-P-A, 1KPU-P-A, 1KPV-P-A, 1LD9-C-A, 1LD9-F-D, 1LEG-P-A, 1LEK-P-A, 1LK2-P-A, 1M05-E-A, 1M05-F-C, 1M6O-C-A, 1N2R-C-A, 1NAN-M-H, 1NAN-Q-L, 1OF2-C-A, 1OGT-C-A, 1OSZ-C-A, 1QEW-C-A, 1QO3-P-A, 1QR1-C-A, 1QR1-F-D, 1QVO-C-A, 1QVO-F-D, 1RJY-P-A, 1RJY-Q-D, 1RK1-P-A, 1S7Q-C-A, 1S7S-C-A, 1S7T-C-A, 1S7T-F-D, 1S7U-C-A, 1S7U-F-D, 1S7U-I-G, 1S7U-L-J, 1S7V-C-A, 1S7V-F-D, 1S7W-F-D, 1S7W-I-G, 1S7W-L-J, 1S7X-F-D, 1S7X-I-G, 1S7X-L-J, 1S8D-C-A, 1S9W-C-A, 1S9X-C-A, 1S9Y-C-A, 1SYS-C-A, 1SYV-C-A, 1T0M-P-A, 1T0M-Q-D, 1T0N-P-A, 1T0N-Q-D, 1T1W-C-A, 1T1X-C-A, 1T1Y-C-A, 1T1Z-C-A, 1T20-C-A, 1T21-C-A, 1T22-C-A, 1TMC-C-A, 1TVB-C-A, 1TVB-F-D, 1TVH-C-A, 1TVH-F-D, 1UXS-C-A, 1UXW-C-A, 1VAC-P-A, 1VAD-P-A, 1VGK-C-A, 1W0V-C-A, 1W0W-C-A, 1WBX-C-A, 1WBY-C-A, 1WBZ-P-A, 1WBZ-Q-C, 1X7Q-C-A, 1XH3-C-A, 1XR8-C-A, 1XR9-C-A, 1YDP-P-A, 1YN6-C-A, 1YN7-C-A, 1ZHK-C-A, 1ZHL-C-A, 1ZSD-C-A, 1ZT1-P-A, 2A83-C-A, 2AV1-C-A, 2AV1-F-D, 2AV7-C-A, 2AV7-F-D, 2AXF-C-A, 2AXG-C-A, 2BSR-C-A, 2BSS-C-A, 2BST-C-A, 2BVO-C-A, 2BVP-C-A, 2BVQ-C-A, 2C7U-C-A, 2C7U-F-D, 2CIK-C-A, 2CLR-C-A, 2CLR-F-D, 2CLV-C-A, 2CLV-M-H, 2CLZ-C-A, 2CLZ-M-H, 2DYP-C-A, 2FYY-C-A, 2FZ3-C-A, 2GIT-C-A, 2GIT-F-D, 2GT9-C-A, 2GT9-F-D, 2GTW-C-A, 2GTW-F-D, 2GTZ-C-A, 2GTZ-F-D, 2GUO-C-A, 2GUO-F-D, 2H6P-C-A, 2HJK-C-A, 2HJL-C-A, 2HN7-C-A, 2MHA-E-A, 2MHA-F-C, 2NW3-C-A, 2RFX-C-A, 2V2W-C-A, 2V2W-F-D, 2V2X-C-A, 2V2X-F-D, 2VAA-P-A, 2VAB-P-A, 2VLL-C-A, 2VLL-F-D, 2X4O-C-A, 2X4O-F-D, 2X4R-C-A, 2X4R-F-D, 2X4U-C-A, 2X4U-F-D, 2XFX-C-A, 2YPK-C-A, 3BEV-C-A, 3BO8-C-A, 3BP4-C-A, 3BP7-C-A, 3BW9-C-A, 3BWA-C-A, 3BXN-C-A, 3BZE-P-A, 3BZE-R-E, 3BZF-P-A, 3BZF-Q-C, 3C9N-C-A, 3CC5-C-A, 3CC5-F-D, 3CH1-C-A, 3CH1-F-D, 3CH1-I-G, 3CH1-L-J, 3CPL-E-A, 3CPL-F-C, 3CZF-C-A, 3D18-C-A, 3D25-C-A, 3DX6-C-A, 3DX7-C-A, 3DX8-C-A, 3E6F-P-A, 3E6H-P-A, 3ECB-P-A, 3ERY-P-A, 3ERY-Q-B, 3FOL-P-A, 3FOM-P-A, 3FON-P-A, 3FON-E-C, 3FQT-C-A, 3FQW-C-A, 3FT3-P-A, 3FT4-P-A, 3GIV-C-A, 3GIV-F-D, 3GSO-P-A, 3GSQ-P-A, 3GSR-P-A, 3GSU-P-A, 3GSV-P-A, 3GSW-P-A, 3GSX-P-A, 3H7B-C-A, 3H7B-F-D, 3H9H-C-A, 3H9H-F-D, 3HPJ-C-A, 3HPJ-F-D, 3I6L-F-D, 3IXA-C-A, 3IXA-F-D, 3KLA-C-A, 3KPL-C-A, 3KPM-C-A, 3KPN-C-A, 3KPO-C-A, 3KPP-C-A, 3KPQ-C-A, 3KYN-P-A, 3KYO-P-A, 3KYO-Q-C, 3L3D-C-A, 3L3G-C-A, 3L3I-C-A, 3L3J-C-A, 3LKN-C-A, 3LKO-C-A, 3LKP-C-A, 3LKQ-C-A, 3LKR-C-A, 3LKS-C-A, 3LN4-C-A, 3LN5-C-A, 3LV3-C-A, 3MGO-F-D, 3MGO-I-G, 3MGO-L-J, 3MGT-F-D, 3MGT-I-G, 3MGT-L-J, 3MR9-P-A, 3MRB-P-A, 3MRC-P-A, 3MRD-P-A, 3MRE-P-A, 3MRF-P-A, 3MRG-P-A, 3MRH-P-A, 3MRI-P-A, 3MRJ-P-A, 3MRK-P-A, 3MRL-P-A, 3MRM-P-A, 3MRN-P-A, 3MRO-P-A, 3MRP-P-A, 3MRQ-P-A, 3MRR-P-A, 3MYJ-C-A, 3MYJ-F-D, 3NFN-C-A, 3OXR-C-A, 3OXS-C-A, 3P4M-C-D, 3P4M-F-A, 3P4N-C-D, 3P4N-F-A, 3P4O-C-D, 3P4O-F-A, 3P9L-C-D, 3P9L-F-A, 3P9M-C-D, 3P9M-F-A, 3PAB-C-D, 3PAB-F-A, 3PWJ-C-A, 3PWJ-F-D, 3PWL-C-A, 3PWL-F-D, 3PWN-C-A, 3PWN-F-D, 3PWU-C-A, 3QFD-C-A, 3QFD-F-D, 3QQ4-C-A, 3QUK-C-A, 3QUK-F-D, 3QUL-C-A, 3QUL-F-D, 3QUL-I-G, 3QUL-L-J, 3RL1-C-A, 3RL2-C-A, 3ROO-E-A, 3ROO-F-C, 3RWC-C-A, 3RWC-F-D, 3RWE-C-A, 3RWG-C-A, 3RWI-C-A, 3SKM-C-A, 3SKO-C-A, 3SPV-C-A, 3TBS-C-A, 3TBS-F-D, 3TBT-C-A, 3TBT-F-D, 3TBT-I-G, 3TBT-L-J, 3TBV-I-A, 3TBV-J-C, 3TBV-K-E, 3TBV-L-G, 3TBW-I-A, 3TBW-J-C, 3TBW-K-E, 3TBW-L-G, 3TBY-C-A, 3TBY-F-D, 3TBY-I-G, 3TBY-L-J, 3TID-C-A, 3TIE-C-A, 3TIE-F-D, 3UPR-P-A, 3UPR-Q-C, 3UTQ-C-A, 3V5D-F-D, 3V5H-F-D, 3V5K-C-A, 3V5K-F-D, 3VCL-C-A, 3VFM-C-A, 3VFN-C-A, 3VFO-C-A, 3VFP-C-A, 3VFR-C-A, 3VFS-C-A, 3VFT-C-A, 3VFU-C-A, 3VFV-C-A, 3VFW-C-A, 3VJ6-P-A, 3VRI-C-A, 3VRJ-C-A, 3VXN-C-A, 3VXP-C-A, 3VXP-F-D, 3WL9-C-A, 3WLB-C-A, 3WS3-E-A, 3WS3-F-C, 3WS6-E-A, 3WS6-F-B, 3X11-C-A, 3X12-C-A, 3X13-C-A, 3X14-C-A, 4CVZ-C-A, 4E5X-C-A, 4E5X-F-D, 4F7M-C-A, 4F7M-F-D, 4F7P-C-A, 4F7T-C-A, 4F7T-F-D, 4G42-C-A, 4G42-F-D, 4G43-C-A, 4G43-F-D, 4G8I-C-A, 4G9D-C-A, 4GKS-C-A, 4GKS-F-D, 4HS3-C-A, 4HUU-C-A, 4HUU-F-D, 4HUV-C-A, 4HUV-F-D, 4HUX-C-A, 4HV8-E-A, 4HV8-F-C, 4HWZ-C-A, 4HX1-C-A, 4I4W-C-A, 4JFO-C-A, 4JFO-F-D, 4JFP-C-A, 4JFP-F-D, 4JFQ-C-A, 4JFQ-F-D, 4JQV-B-A, 4JQX-B-A, 4K7F-C-A, 4K7F-F-D, 4L8B-C-A, 4L8D-E-A, 4L8D-F-C, 4LCY-C-A, 4LCY-J-F, 4LNR-C-A, 4MJ5-C-A, 4NNY-C-A, 4NO5-C-A, 4NQV-M-A, 4NQV-N-C, 4NQV-Q-I, 4NQV-R-K, 4NQX-M-A, 4NQX-N-C, 4NQX-Q-I, 4NQX-R-K, 4NT6-C-A, 4O2C-C-A, 4O2E-C-A, 4O2E-F-D, 4O2F-C-A, 4O2F-F-D, 4PG9-C-A, 4PGE-C-A, 4PR5-C-A, 4PRA-C-A, 4PRB-C-A, 4PRD-C-A, 4PRE-C-A, 4PRN-C-A, 4QRQ-C-A, 4QRS-C-A, 4QRT-C-A, 4QRU-C-A, 4U1H-C-A, 4U1I-C-A, 4U1J-C-A, 4U1K-C-A, 4U1K-F-D, 4U1L-C-A, 4U1L-F-D, 4U1M-C-A, 4U1N-C-A, 4U1S-C-A, 4U6Y-P-A, 4WDI-C-A, 4WDI-F-D, 4WU5-C-A, 4WU5-F-D, 4XXC-B-A, 4Z76-F-D, 4Z77-C-A, 4Z77-F-D, 4Z78-C-A, 4Z78-F-D, 4Z78-I-G, 4ZUU-C-A, 4ZUV-C-A, 4ZUV-F-D, 5C0D-C-A, 5C0E-C-A, 5C0G-C-A, 5C0I-C-A, 5C0J-C-A, 5D9S-C-A, 5DDH-C-A, 5DEG-C-A, 5E00-C-A, 5E8N-C-A, 5E8N-F-D, 5E8N-I-G, 5E8N-L-J, 5ENW-C-A, 5EO0-C-A, 5EO1-C-A, 5EOT-C-A, 5EU3-C-A, 5EU4-F-D, 5EU5-C-A, 5F1N-C-A, 5F7D-C-A, 5FA3-C-A, 5FA4-C-A, 5GJX-C-A, 5GJY-C-A, 5GR7-C-A, 5GRD-C-A, 5GRG-C-A, 5GRG-D-A, 5GSB-C-A, 5GSD-C-A, 5GSR-P-A, 5GSR-Q-C, 5GSV-C-A, 5GSX-F-D, 5H94-F-D, 5HGA-C-A, 5HGA-F-D, 5HGB-C-A, 5HGB-F-D, 5HGD-C-A, 5HGD-F-D, 5HGH-C-A, 5HHN-C-A, 5HHP-C-A, 5HHQ-C-A, 5IB1-C-A, 5IB2-C-A, 5IEK-C-A, 5IM7-E-A, 5IM7-F-C, 5IND-E-A, 5IND-F-C, 5J6H-F-A, 5JWD-C-A, 5JWE-P-A, 5JWE-Q-C, 5JWE-R-E, 5JWE-S-G, 5KD7-P-A, 5KD7-H-F, 5MEO-C-A, 5MEQ-C-A, 5MER-C-A, 5MER-F-D, 5MZM-C-A, 5MZM-F-D, 5N1Y-C-A, 5NMH-C-A, 5NMK-C-A, 5NPZ-C-A, 5NQ0-C-A, 5NQ1-C-A, 5NQ1-F-D, 5NQ2-C-A, 5NQ3-C-A, 5NQ3-F-D, 5SWQ-C-A, 5T6W-C-A, 5T6X-C-A, 5T6Y-C-A, 5T7G-P-A, 5T7G-Q-C, 5TRZ-P-A, 5TRZ-Q-C, 5TS1-P-A, 5TS1-Q-C, 5TS1-R-E, 5TS1-S-G, 5TXS-C-A, 5U98-C-A, 5U98-F-D, 5V5L-E-A, 5V5L-F-C, 5VCL-P-A, 5VGD-C-A, 5VUD-C-A, 5VUE-C-A, 5VUF-C-A, 5VVP-C-A, 5VWD-C-A, 5VWF-C-A, 5VWH-C-A, 5VWJ-C-A, 5W6A-E-A, 5W6A-F-C, 5WEU-P-A, 5WLI-C-A, 5WLI-F-D, 5WLI-I-G, 5WLI-L-J, 5WMN-E-A, 5WMN-F-C, 5WMO-C-A, 5WMQ-C-A, 5WMR-C-A, 5WSH-C-A, 5WWJ-E-A, 5WWJ-F-C, 5WXC-E-A, 5WXC-F-C, 5XMF-C-A, 5XOS-C-A, 5XS3-C-A, 5YLX-C-A, 5YMV-C-A, 5YMV-F-D, 5YMW-C-A, 5YMW-F-D, 5YMW-I-G, 6A6H-C-A, 6AMT-C-A, 6AMT-F-D, 6AT5-C-A, 6BXQ-A-B, 6D29-C-A, 6D2B-C-A, 6D2R-C-A, 6D2T-C-A, 6EI2-C-A, 6EWA-C-A, 6EWA-G-E, 6EWO-C-A, 6EWO-G-E, 6GB5-E-A, 6GB5-F-C, 6GB5-G-C, 6GB7-I-C, 6GB7-J-G, 6GB7-K-A, 6GB7-L-E, 6GB7-P-A, 6GB7-R-C, 6GH1-P-A, 6GH1-Z-G, 6GH4-P-A, 6GH4-Q-C, 6GH4-R-E, 6GH4-Y-G, 6H6D-C-A, 6H6D-F-D, 6H6H-C-A, 6H6H-F-D, 6ID4-T-E, 6ID4-U-A, 6IEX-C-A, 6ILC-C-A, 6IRL-C-A, 6J1V-C-A, 6J1W-C-A, 6J29-C-A, 6J2A-C-A, 6J2D-C-A, 6J2E-C-A, 6J2E-F-D, 6J2F-C-A, 6J2F-F-D, 6J2G-C-A, 6J2G-F-D, 6J2H-C-A, 6J2H-F-D, 6J2I-C-A, 6J2I-F-D, 6J2J-C-A, 6J2J-F-D, 6JOZ-C-A, 6JP3-C-A, 6JP3-D-A, 6JQ2-P-A, 6JTN-C-A, 6JTO-C-A, 6JTP-C-A, 6K7T-C-A, 6MPP-B-A, 6MT3-B-A, 6MT4-C-A, 6MT5-C-A, 6MT6-B-A, 6MTL-C-A, 6NPR-P-C, 6NPR-R-A, 6O4Y-C-A, 6O4Z-C-A, 6O51-C-A, 6O53-C-A, 6O9B-C-A, 6O9C-C-A, 6OPD-C-A, 6P23-C-A, 6P27-C-A, 6P2C-C-A, 6P2F-C-A, 6P2S-C-A, 6PBH-C-A, 6PTB-F-D, 6PTE-C-A, 6PTE-D-E, 6PTE-G-H, 6PTE-J-K, 6PYJ-C-A, 6PYL-C-A, 6PYV-C-A, 6PYW-C-A, 6PZ5-C-A, 6Q3K-P-A
B1	367	1GWQ-C-A, 1GWQ-D-B, 1GWR-C-A, 1GWR-D-B, 1L2I-C-A, 1L2I-D-B, 1U3R-C-A, 1U3R-D-B, 1U3S-C-A, 1U9E-C-A, 1U9E-D-B, 1X76-C-A, 1X76-D-B, 1X78-C-A, 1X7B-C-A, 1X7B-D-B, 1X7J-C-A, 1X7J-D-B, 1X7R-B-A, 1YYE-C-A, 1YYE-D-B, 1ZAF-C-A, 1ZAF-D-B, 1ZKY-C-A, 1ZKY-D-B, 2B1V-C-A, 2B1V-D-B, 2B1Z-C-A, 2B1Z-D-B, 2B23-C-A, 2B23-D-B, 2FAI-C-A, 2FAI-D-B, 2G5O-C-A, 2G5O-D-B, 2J7X-B-A, 2J7Y-B-A, 2JF9-Q-B, 2NV7-C-A, 2NV7-D-B, 2P15-C-A, 2P15-D-B, 2QA8-C-A, 2QA8-D-B, 2QAB-C-A, 2QAB-D-B, 2QGT-C-A, 2QGT-D-B, 2QGW-C-A, 2QGW-D-B, 2QR9-C-A, 2QR9-D-B, 2QSE-C-A, 2QSE-D-B, 2QXM-C-A, 2QXM-D-B, 2QZO-C-A, 2QZO-D-B, 3ERD-C-A, 3ERD-D-B, 3HM1-C-A, 3HM1-D-B, 3L03-C-A, 3L03-D-B, 3OLL-C-A, 3OLL-D-B, 3OLS-C-A, 3OLS-D-B, 3OMO-C-A, 3OMO-D-B, 3OMP-C-A, 3OMP-D-B, 3OMQ-C-A, 3OMQ-D-B, 3Q95-C-A, 3Q95-D-B, 3UU7-F-A, 3UU7-G-B, 3UUA-F-A, 3UUA-G-B, 3UUD-C-A, 3UUD-D-B, 4DMA-E-A, 4DMA-F-B, 4IU7-C-A, 4IU7-D-B, 4IUI-C-A, 4IUI-D-B, 4IV2-C-A, 4IV2-D-B, 4IV4-C-A, 4IV4-D-B, 4IVW-C-A, 4IVW-D-B, 4IVY-C-A, 4IVY-D-B, 4IW6-C-A, 4IW6-D-B, 4IW8-C-A, 4IW8-D-B, 4IWC-C-A, 4IWC-D-B, 4IWF-C-A, 4IWF-D-B, 4J24-K-C, 4J24-I-A, 4J24-J-B, 4J24-L-D, 4J26-I-A, 4J26-J-B, 4MG5-C-A, 4MG5-D-B, 4MG6-C-A, 4MG6-D-B, 4MG7-C-A, 4MG7-D-B, 4MG8-C-A, 4MG8-D-B, 4MG9-F-A, 4MG9-G-B, 4MGA-C-A, 4MGA-D-B, 4MGB-C-A, 4MGB-D-B, 4MGC-F-A, 4MGC-G-B, 4MGD-F-A, 4MGD-G-B, 4PP6-C-A, 4PP6-D-B, 4PPS-C-A, 4PPS-D-B, 4PXM-C-A, 4PXM-D-B, 4Q13-C-A, 4Q13-D-B, 4TUZ-F-A, 4TUZ-G-B, 4TV1-C-A, 4TV1-D-B, 4ZI1-B-A, 4ZN7-C-B, 4ZN7-D-A, 4ZN9-C-A, 4ZN9-D-B, 4ZNH-C-A, 4ZNH-D-B, 4ZNS-C-A, 4ZNS-D-B, 4ZNT-C-A, 4ZNT-D-B, 4ZNU-C-A, 4ZNU-D-B, 4ZNV-C-B, 4ZNV-D-A, 4ZNW-C-A, 4ZNW-D-B, 5DI7-C-A, 5DI7-D-B, 5DID-C-A, 5DID-D-B, 5DIE-C-A, 5DIE-D-B, 5DIG-C-A, 5DIG-D-B, 5DK9-C-A, 5DK9-D-B, 5DKB-C-A, 5DKB-D-B, 5DKG-C-A, 5DKG-D-B, 5DL4-C-A, 5DL4-D-B, 5DLR-C-B, 5DLR-D-A, 5DMC-C-A, 5DMC-D-B, 5DMF-C-A, 5DMF-D-B, 5DP0-C-B, 5DP0-D-A, 5DRJ-C-A, 5DRJ-D-B, 5DRM-C-A, 5DRM-D-B, 5DTV-C-A, 5DTV-D-B, 5DU5-C-A, 5DU5-D-B, 5DUE-C-A, 5DUE-D-B, 5DUG-C-A, 5DUG-D-B, 5DUH-C-A, 5DUH-D-B, 5DVS-C-A, 5DVS-D-B, 5DWE-C-A, 5DWE-D-B, 5DWG-C-A, 5DWG-D-B, 5DWI-C-A, 5DWI-D-B, 5DWJ-C-A, 5DWJ-D-B, 5DXK-C-A, 5DXK-D-B, 5DXM-C-A, 5DXM-D-B, 5DXP-C-A, 5DXP-D-B, 5DXQ-C-A, 5DXQ-D-B, 5DXR-C-A, 5DXR-D-B, 5DY8-C-A, 5DY8-D-B, 5DYB-C-A, 5DYB-D-B, 5DYD-C-A, 5DYD-D-B, 5DZ0-C-A, 5DZ0-D-B, 5DZ1-C-A, 5DZ1-D-B, 5DZ3-C-A, 5DZ3-D-B, 5DZH-C-A, 5DZH-D-B, 5DZI-C-A, 5DZI-D-B, 5E0W-C-A, 5E0W-D-B, 5E0X-C-A, 5E0X-D-B, 5E14-C-A, 5E14-D-B, 5E15-C-A, 5E15-D-B, 5E19-C-B, 5E19-D-A, 5E1C-C-A, 5E1C-D-B, 5EHJ-C-B, 5EHJ-D-A, 5EI1-C-A, 5EI1-D-B, 5JMM-F-A, 5JMM-G-B, 5KCC-C-A, 5KCC-D-B, 5KCD-C-A, 5KCD-D-B, 5KCE-C-B, 5KCE-D-A, 5KCF-C-B, 5KCF-D-A, 5KCT-C-A, 5KCT-D-B, 5KCU-C-A, 5KCU-D-B, 5KCW-C-A, 5KCW-D-B, 5KD9-C-A, 5KD9-D-B, 5KR9-C-A, 5KR9-D-B, 5KRA-C-A, 5KRA-D-B, 5KRA-G-E, 5KRA-H-F, 5KRC-C-B, 5KRC-D-A, 5KRF-C-A, 5KRF-D-B, 5KRH-C-A, 5KRH-D-B, 5KRI-C-A, 5KRI-D-B, 5KRK-C-A, 5KRK-D-B, 5KRL-C-A, 5KRL-D-B, 5KRM-C-A, 5KRM-D-B, 5KRO-C-A, 5KRO-D-B, 5T1Z-C-A, 5T1Z-D-B, 5TLD-C-A, 5TLD-D-B, 5TLF-C-A, 5TLF-D-B, 5TLG-C-A, 5TLG-D-B, 5TLL-C-A, 5TLL-D-B, 5TLM-C-A, 5TLM-D-B, 5TLO-C-A, 5TLO-D-B, 5TLP-C-A, 5TLP-D-B, 5TLT-C-A, 5TLT-D-B, 5TLU-C-A, 5TLU-D-B, 5TLV-C-A, 5TLV-D-B, 5TLX-C-A, 5TLX-D-B, 5TLY-C-A, 5TLY-D-B, 5TM1-C-A, 5TM1-D-B, 5TM3-C-A, 5TM3-D-B, 5TM4-C-A, 5TM4-D-B, 5TM5-C-A, 5TM5-D-B, 5TM7-C-A, 5TM7-D-B, 5TM8-C-A, 5TM8-D-B, 5TM9-C-A, 5TM9-D-B, 5TML-C-A, 5TML-D-B, 5TMM-C-A, 5TMM-D-B, 5TMO-C-A, 5TMO-D-B, 5TMQ-C-A, 5TMQ-D-B, 5TMR-C-A, 5TMR-D-B, 5TMS-C-A, 5TMS-D-B, 5TMT-C-A, 5TMT-D-B, 5TMU-C-A, 5TMU-D-B, 5TMV-C-A, 5TMV-D-B, 5TMW-C-A, 5TMW-D-B, 5TMZ-C-A, 5TMZ-D-B, 5TN1-C-A, 5TN1-D-B, 5TN4-C-A, 5TN4-D-B, 5TN5-C-A, 5TN5-D-B, 5TN6-C-A, 5TN6-D-B, 5TN7-C-A, 5TN7-D-B, 5U2D-C-A, 5U2D-D-B, 6CBZ-C-A, 6CBZ-D-B, 6CZN-C-A, 6CZN-D-B, 6D0F-C-A, 6D0F-D-B
B10	52	1CDL-E-A, 1CDM-B-A, 1CKK-B-A, 1CM1-B-A, 1CM4-B-A, 1IQ5-B-A, 1IWQ-B-A, 1MXE-E-A, 1MXE-F-B, 1NIW-D-C, 1NIW-F-E, 1NIW-H-G, 1WRZ-B-A, 1YR5-B-A, 1ZUZ-B-A, 2BCX-B-A, 2BE6-D-A, 2BE6-E-B, 2BE6-F-C, 2F3Y-B-A, 2F3Z-B-A, 2HQW-B-A, 2K0F-B-A, 2KDU-B-A, 2L1W-B-A, 2L7L-B-A, 2M5E-B-A, 2MGU-M-A, 3BYA-B-A, 3DVE-B-A, 3DVK-B-A, 3EWT-E-A, 3GOF-C-A, 3GOF-D-B, 3SUI-B-A, 4DJC-B-A, 4M1L-B-A, 4Q5U-C-A, 4UPU-B-A, 5NIN-C-A, 5NIN-D-B, 6DAD-C-A, 6DAD-D-B, 6DAE-D-B, 6DAE-C-A, 6DAF-C-A, 6DAF-D-B, 6SZ5-B-A, 6U3A-C-A, 6U3A-D-B, 6Y4O-B-A, 6Y4P-B-A
B100	8	4BXF-C-A, 4BXF-D-B, 4CCN-C-A, 4CCN-D-B, 4CCO-C-A, 4CCO-D-B, 4Y3O-C-A, 4Y3O-D-B
B1000	1	2V5W-G-B
B1001	1	2V6X-B-A
B1002	1	2G8Z-P-A
B1003	1	2V8C-C-A
B1004	1	2VDA-B-A
B1005	1	2VKN-C-A
B1006	1	2VT1-A-B
B1007	1	2WAY-B-A
B1008	1	2WO6-C-B
B1009	1	2WOK-B-A
B101	8	5JHN-F-A, 5JHN-G-B, 5JIN-F-A, 5JIN-G-B, 5JJ0-F-A, 5JJ0-G-B, 5T0K-P-A, 5T0K-Q-B
B1010	1	2WPV-H-G
B1011	1	2X6M-B-A
B1012	1	2XC8-C-B
B1013	1	2XJY-B-A
B1014	1	2Y4V-B-A
B1015	1	2Y65-Y-A
B1016	1	2Y7L-B-A
B1017	1	2YBF-B-A
B1018	1	2YCH-B-A
B1019	1	2YKA-B-A
B102	8	5N4B-D-A, 5N4B-C-B, 5N4C-E-A, 5N4C-F-B, 5N4C-G-C, 5N4C-H-D, 5N4D-C-A, 5N4D-D-B
B1020	1	2YNO-P-A
B1021	1	2H1C-B-A
B1022	1	2YS5-B-A
B1023	1	2Z9I-E-B
B1024	1	2Z9I-G-A
B1025	1	2Z9I-H-B
B1026	1	2Z9I-I-C
B1027	1	2ZGH-B-A
B1028	1	2ZGJ-B-A
B1029	1	2ZL2-V-K
B103	7	2IHS-C-A, 2IHS-D-B, 2JK9-B-A, 3EMW-B-A, 3F2O-D-B, 5XN3-B-A, 6JWM-B-A
B1030	1	2ZNE-D-B
B1031	1	2ZNL-B-A
B1032	1	2ZPY-B-A
B1033	1	2ZU0-D-B
B1034	1	3AGY-F-B
B1035	1	3AJB-B-A
B1036	1	3AL3-B-A
B1037	1	3AU4-B-A
B1038	1	3AWR-C-A
B1039	1	3AYU-B-A
B104	7	1G3J-B-A, 1JDH-B-A, 1JPW-E-B, 1JPW-F-C, 1QZ7-B-A, 1T08-C-A, 3OUX-B-A
B1040	1	3BEF-C-B
B1041	1	3BIN-B-A
B1042	1	3BRD-D-A
B1043	1	3BRH-C-A
B1044	1	3BRH-D-B
B1045	1	3BS4-B-A
B1046	1	3BT2-B-U
B1047	1	3BXL-B-A
B1048	1	3BXM-I-A
B1049	1	3C0T-B-A
B105	7	1IID-O-A, 6QRM-D-B, 6SJZ-E-B, 6SJZ-F-A, 6SK2-F-B, 6SK8-C-A, 6SK8-D-B
B1050	1	3C5I-E-C
B1051	1	3C5L-B-A
B1052	1	3C9Q-L-A
B1053	1	3CDW-H-A
B1054	1	3CH8-P-A
B1055	1	3D3X-C-A
B1056	1	3D9O-Z-B
B1057	1	3DBO-A-B
B1058	1	3DCG-E-D
B1059	1	3DD7-D-C
B106	7	3BRL-C-A, 3E2B-C-A, 4D07-B-A, 5E0L-C-A, 5E0M-C-A, 6GZJ-B-A, 6GZL-B-A
B1060	1	3DNJ-D-B
B1061	1	3DRJ-B-A
B1062	1	3EAR-B-A
B1063	1	3EBB-E-A
B1064	1	3EBB-F-B
B1065	1	3EBB-G-C
B1066	1	3EU7-X-A
B1067	1	3F2K-C-A
B1068	1	3F6K-N-A
B1069	1	3F7D-B-A
B107	7	1OU8-C-A, 1OU8-D-B, 1TWB-C-A, 1TWB-D-B, 1YFN-F-B, 1YFN-G-C, 1YFN-H-D
B1070	1	6SZ5-C-A
B1071	1	3FMA-P-E
B1072	1	6TJ1-D-A
B1073	1	6Q0M-C-A
B1074	1	3G9W-D-A
B1075	1	3GDV-D-A
B1076	1	3GDV-E-B
B1077	1	5W5D-E-F
B1078	1	6A9C-E-B
B1079	1	3GJO-G-C
B108	7	3ASL-B-A, 3SHB-B-A, 3SOU-D-A, 3SOU-E-B, 3ZVY-C-A, 3ZVY-D-B, 6IIW-B-A
B1080	1	6TYT-B-A
B1081	1	3GLU-B-A
B1082	1	3GME-D-A
B1083	1	3GV4-H-A
B1084	1	3GXV-C-A
B1085	1	3GYT-B-A
B1086	1	3GYU-B-A
B1087	1	3H0A-B-A
B1088	1	3H1Z-P-A
B1089	1	3HBU-Z-P
B109	7	2A25-B-A, 4X3G-C-A, 4X3G-D-B, 5WZZ-E-C, 5WZZ-F-B, 5WZZ-G-A, 5WZZ-H-D
B1090	1	3HDB-L-A
B1091	1	3HIK-B-A
B1092	1	3HQU-S-A
B1093	1	3HRY-C-A
B1094	1	3HS8-P-A
B1095	1	3HS9-P-A
B1096	1	3HTU-F-E
B1097	1	3I5R-B-A
B1098	1	3ICI-C-A
B1099	1	3IQQ-B-A
B11	47	1FM6-V-U, 1FM9-B-A, 1K74-B-A, 1MV9-B-A, 1MVC-B-A, 1MZN-B-A, 1MZN-D-C, 1MZN-F-E, 1MZN-H-G, 1RDT-B-A, 1XIU-E-A, 1XIU-F-B, 2P1T-B-A, 2P1U-B-A, 2P1V-B-A, 3E94-B-A, 3FUG-B-A, 3KWY-B-A, 3OAP-B-A, 3OZJ-B-A, 3OZJ-D-C, 3PCU-B-A, 4K4J-B-A, 4K6I-B-A, 4M8E-B-A, 4M8H-B-A, 4OC7-B-A, 4POH-B-A, 4POJ-B-A, 4PP3-B-A, 4PP5-B-A, 4RFW-G-A, 4RMD-B-A, 4RME-B-A, 4ZSH-B-A, 5EC9-B-A, 5JI0-F-A, 5LYQ-B-A, 5MJ5-B-A, 5MK4-B-A, 5MK4-D-C, 5MKJ-B-A, 5MKU-B-A, 6A5Y-F-D, 6JNR-C-A, 6JNR-D-B, 6STI-B-A
B110	7	2Q0N-B-A, 4FII-B-A, 4JDH-B-A, 4JDI-B-A, 4JDJ-B-A, 4JDK-B-A, 4XBU-B-A
B1100	1	3JRV-E-B
B1101	1	3KTP-B-A
B1102	1	3KYT-C-A
B1103	1	2JZ3-A-C
B1104	1	3KZE-E-C
B1105	1	2JZI-B-A
B1106	1	2K00-B-A
B1107	1	3L6X-B-A
B1108	1	3LAE-X-A
B1109	1	3LCN-D-B
B111	7	3CBP-B-A, 3M53-B-A, 3M54-B-A, 3M57-B-A, 4J7F-B-A, 4J83-B-A, 4J8O-B-A
B1110	1	3LLY-B-A
B1111	1	3LLZ-B-A
B1112	1	3LNY-B-A
B1113	1	3M7U-B-A
B1114	1	3MK4-B-A
B1115	1	3MMG-C-A
B1116	1	3MMY-H-G
B1117	1	3MPJ-Y-B
B1118	1	2KHS-B-A
B1119	1	6KKB-D-X
B112	7	3CWW-D-B, 3CWW-E-A, 3E50-C-A, 3OFI-C-A, 3OFI-D-B, 4PES-C-A, 4PES-D-B
B1120	1	2KOH-B-A
B1121	1	6B9H-B-A
B1122	1	3NGY-E-D
B1123	1	1M46-B-A
B1124	1	2KXW-B-A
B1125	1	3OIQ-B-A
B1126	1	2L2I-B-A
B1127	1	2L9B-B-A
B1128	1	3P72-B-A
B1129	1	3PLV-C-A
B113	7	3DOX-P-A, 3DOX-Q-A, 4EP2-B-A, 4EP3-E-A, 4EPJ-D-A, 4EQ0-P-A, 4EQJ-G-A
B1130	1	3POA-B-A
B1131	1	3PZD-B-A
B1132	1	3Q47-C-B
B1133	1	3Q49-C-B
B1134	1	3Q8D-E-A
B1135	1	3Q8D-F-B
B1136	1	3QIS-B-A
B1137	1	3QLC-C-A
B1138	1	3QRX-B-A
B1139	1	3R0L-A-D
B114	7	3KTR-B-A, 3KUI-B-A, 3KUJ-B-A, 3KUS-C-A, 3KUS-D-B, 3PKN-B-A, 3PTH-B-A
B1140	1	3R42-B-A
B1141	1	3RC0-P-A
B1142	1	3RL8-F-B
B1143	1	3RM1-B-A
B1144	1	3ROF-B-A
B1145	1	3RQG-E-C
B1146	1	3S9C-B-A
B1147	1	3SI5-Y-B
B1148	1	3SJ9-B-A
B1149	1	3SJK-B-A
B115	7	3NMX-D-A, 3QHE-B-A, 4YJE-B-A, 4YJL-G-A, 4YJL-I-D, 4YJL-L-F, 4YK6-B-A
B1150	1	3SL9-F-E
B1151	1	3SO6-Q-A
B1152	1	3SOV-Z-A
B1153	1	3SRJ-D-A
B1154	1	3SRJ-F-B
B1155	1	3SXU-C-A
B1156	1	3T5X-B-A
B1157	1	1M45-B-A
B1158	1	3TG5-B-A
B1159	1	3TJV-B-A
B116	7	3SSB-C-A, 3SSB-I-A, 3SSB-D-B, 3SSB-J-B, 5ONP-B-A, 5ONQ-B-A, 5ONR-B-A
B1160	1	3TSZ-B-A
B1161	1	3TZ1-B-A
B1162	1	6BXG-B-A
B1163	1	3U28-B-A
B1164	1	3UF7-B-A
B1165	1	3UFM-B-A
B1166	1	3UIG-Q-B
B1167	1	3UIH-Q-B
B1168	1	3UNN-B-A
B1169	1	3UPV-B-A
B117	7	4BD2-C-A, 4BD6-C-A, 4ZIE-C-A, 4ZIF-B-A, 4ZIG-B-A, 4ZIH-B-A, 4ZII-C-A
B1170	1	3USD-B-A
B1171	1	5YKW-B-A
B1172	1	3VA4-C-B
B1173	1	5WOS-B-A
B1174	1	3VQG-B-A
B1175	1	3W1B-B-A
B1176	1	3W3W-B-A
B1177	1	2MS4-B-A
B1178	1	3WBN-B-A
B1179	1	3WGX-C-A
B118	6	5WE0-B-A, 5WE0-E-D, 5WE0-H-G, 5WE0-K-J, 5XXE-C-A, 5XXE-D-B
B1180	1	3WGX-D-B
B1181	1	3X23-B-A
B1182	1	3ZIL-B-A
B1183	1	3ZRJ-X-A
B1184	1	3ZRJ-Y-B
B1185	1	3ZS6-B-A
B1186	1	4AFX-B-A
B1187	1	4AOM-T-A
B1188	1	4B45-B-A
B1189	1	4B4S-B-A
B119	6	5WHA-E-D, 5WHA-F-D, 5WHA-H-G, 5WHB-H-G, 5WPM-B-A, 5WPM-C-A
B1190	1	4B60-C-A
B1191	1	4BJT-F-C
B1192	1	4BU0-B-A
B1193	1	4BU0-C-A
B1194	1	4BXU-B-A
B1195	1	4C2C-B-A
B1196	1	4C2F-B-A
B1197	1	4C2F-C-A
B1198	1	4C2G-B-A
B1199	1	4C5A-C-A
B12	43	1O9D-P-A, 2O02-P-A, 2O02-Q-B, 2V7D-P-A, 2V7D-Q-B, 2V7D-R-C, 2V7D-S-D, 3E6Y-C-A, 3E6Y-D-B, 3LW1-P-A, 4GNT-B-A, 4JC3-B-A, 4JDD-B-A, 4N7G-B-A, 4QLI-B-A, 5EWZ-C-A, 5EXA-C-B, 5EXA-D-A, 5F74-B-A, 5MHC-P-A, 5MXO-P-A, 5N10-F-B, 5XY9-C-A, 5XY9-D-B, 6BCY-C-A, 6BCY-G-E, 6HHP-B-A, 6HKB-B-A, 6HKF-B-A, 6HMT-B-A, 6HMU-B-A, 6QDR-B-A, 6QDS-B-A, 6QDT-B-A, 6QZR-R-F, 6QZR-J-E, 6QZR-M-B, 6QZR-N-A, 6QZR-O-C, 6QZR-T-G, 6QZR-U-H, 6TJM-B-A, 6TL3-B-A
B120	6	1F0C-B-A, 1M93-A-B, 1M93-C-B, 5NCT-C-A, 5NCU-B-A, 5NCW-B-A
B1200	1	5WOU-V-A
B1201	1	4C5G-B-A
B1202	1	4C5I-C-A
B1203	1	4CGQ-Q-A
B1204	1	4CGU-C-A
B1205	1	4CKQ-C-A
B1206	1	4CU4-B-A
B1207	1	4CXF-B-A
B1208	1	4D0G-C-A
B1209	1	2N8J-B-A
B121	6	1FZC-I-B, 1FZC-J-E, 1FZG-M-B, 1FZG-N-E, 2OYH-H-B, 2OYH-J-E
B1210	1	4D7Z-A-B
B1211	1	4DCB-F-A
B1212	1	6R15-B-A
B1213	1	4DXR-B-A
B1214	1	4FAJ-B-A
B1215	1	4FBW-D-B
B1216	1	4FDD-B-A
B1217	1	4FGT-D-A
B1218	1	4FVD-C-A
B1219	1	4GF3-B-A
B122	6	2XU7-C-B, 4R7A-A-B, 5VTB-B-A, 5XXQ-C-B, 5Y1U-C-B, 6BW4-B-C
B1220	1	4GGD-C-A
B1221	1	4GQ6-B-A
B1222	1	4GQB-C-A
B1223	1	4GXB-B-A
B1224	1	4GXL-B-A
B1225	1	4H0H-D-B
B1226	1	4H4F-Q-A
B1227	1	4HDQ-C-A
B1228	1	4HH6-Z-A
B1229	1	4HTP-C-A
B123	6	6EJ7-B-A, 6EJ8-B-A, 6EJ9-B-A, 6EJA-B-A, 6EJC-B-A, 6EJE-B-A
B1230	1	4HTP-E-B
B1231	1	4HXJ-C-A
B1232	1	4IB5-G-C
B1233	1	4IGA-B-A
B1234	1	4IIM-E-B
B1235	1	4IKN-B-A
B1236	1	4J8S-B-A
B1237	1	1OM2-B-A
B1238	1	4J9F-D-A
B1239	1	4JIF-B-A
B124	6	6B27-G-A, 6B27-H-B, 6B27-I-C, 6B27-J-D, 6B27-K-E, 6B27-L-F
B1240	1	5XOJ-G-C
B1241	1	4K0U-B-A
B1242	1	4KA7-C-A
B1243	1	1ORY-B-A
B1244	1	6EX9-B-A
B1245	1	4LEB-B-A
B1246	1	4LN2-B-A
B1247	1	4LNP-B-A
B1248	1	4M38-F-B
B1249	1	4M5S-B-A
B125	6	4Z68-E-A, 5GP7-B-A, 5HKP-C-A, 5HKP-D-B, 6CF6-C-B, 6CF6-D-A
B1250	1	4M5T-H-G
B1251	1	4MDD-C-A
B1252	1	4MQV-D-C
B1253	1	4NM5-C-A
B1254	1	6FBX-B-A
B1255	1	6FC6-B-A
B1256	1	4NUT-B-A
B1257	1	4NXQ-E-B
B1258	1	4ODK-C-A
B1259	1	4ODM-E-A
B126	6	5V1Y-E-A, 5V1Y-F-B, 5V1Z-F-B, 6CO4-B-A, 6UYI-B-A, 6UYJ-B-A
B1260	1	4ODP-B-A
B1261	1	4ODQ-B-A
B1262	1	4OUC-B-A
B1263	1	4P0A-D-C
B1264	1	4PO6-B-A
B1265	1	4PZ3-C-B
B1266	1	4PZ5-B-A
B1267	1	4Q1L-D-A
B1268	1	2R3Y-D-A
B1269	1	4QEO-P-A
B127	6	6DO3-C-A, 6DO3-D-B, 6DO4-D-B, 6DO4-C-A, 6DO5-D-B, 6DO5-C-A
B1270	1	4R3L-B-A
B1271	1	6GC3-B-A
B1272	1	4REY-B-A
B1273	1	4RQZ-D-A
B1274	1	4RRV-B-A
B1275	1	4TJX-B-A
B1276	1	4TQ1-B-A
B1277	1	4U7I-B-A
B1278	1	4U7Y-B-A
B1279	1	4UF1-B-A
B128	6	1O9U-B-A, 4NM0-B-A, 4NM3-B-A, 4NM5-B-A, 4NM7-B-A, 4NU1-B-A
B1280	1	4UQT-B-A
B1281	1	4USL-D-A
B1282	1	4UZY-B-A
B1283	1	4V11-B-A
B1284	1	4KMD-B-A
B1285	1	4V3I-B-A
B1286	1	4W8H-D-A
B1287	1	4WCI-D-C
B1288	1	4WCI-F-E
B1289	1	6GWJ-D-B
B129	6	1OXN-F-E, 1OXQ-F-E, 1TW6-C-A, 1TW6-D-B, 2I3H-C-A, 2I3H-D-B
B1290	1	6GY5-U-A
B1291	1	4WZX-E-A
B1292	1	4X1H-C-A
B1293	1	4X1V-B-A
B1294	1	4X2V-E-A
B1295	1	4X5K-B-A
B1296	1	4X8K-B-A
B1297	1	4XAL-B-A
B1298	1	6H8C-B-A
B1299	1	4XMH-B-A
B13	40	1DXP-C-A, 1DXP-D-B, 1DY8-C-A, 1DY8-D-B, 1DY9-C-A, 1DY9-D-B, 1W3C-C-A, 1W3C-D-B, 3KEE-F-B, 3KEE-G-C, 3KEE-H-D, 3M5M-C-B, 3M5N-F-B, 3M5N-H-D, 3M5O-C-A, 3M5O-D-B, 3P8N-C-A, 3P8N-D-B, 3P8O-C-A, 3P8O-D-B, 3RC4-B-A, 3RC5-B-A, 4A1T-C-A, 4A1T-D-B, 4A1V-C-A, 4A1V-D-B, 4A1X-C-A, 4A1X-D-B, 4I31-C-A, 4I31-D-B, 4I32-C-A, 4I32-D-B, 4I33-C-A, 4I33-D-B, 4JMY-C-A, 4JMY-D-B, 4JMY-E-A, 4JMY-F-B, 4KTC-B-A, 4KTC-D-C
B130	6	6J0W-C-A, 6J0W-D-B, 6J0X-E-A, 6J0X-F-B, 6J0X-G-C, 6J0X-H-D
B1300	1	6HC0-A-D
B1301	1	4YL6-B-A
B1302	1	4YOZ-B-A
B1303	1	4YZH-B-A
B1304	1	4Z2O-P-A
B1305	1	4ZHB-B-A
B1306	1	4ZOX-B-A
B1307	1	6HM3-B-A
B1308	1	5XHZ-C-A
B1309	1	5AZF-C-A
B131	6	6G84-D-A, 6G84-C-B, 6G85-C-A, 6G85-D-B, 6G86-D-A, 6G86-C-B
B1310	1	6HSO-I-A
B1311	1	6HY2-A-X
B1312	1	6I41-B-A
B1313	1	5BUO-B-A
B1314	1	5C27-D-A
B1315	1	6I68-F-E
B1316	1	6IAM-C-A
B1317	1	5CP0-C-A
B1318	1	5CRW-B-A
B1319	1	5CWW-C-B
B132	6	1SRN-B-A, 1SSA-B-A, 1SSB-B-A, 1SSC-B-A, 3SRN-B-A, 4SRN-B-A
B1320	1	6IDX-C-A
B1321	1	5DBR-C-A
B1322	1	6IJQ-A-B
B1323	1	5DN2-G-A
B1324	1	6IQJ-D-B
B1325	1	5DX1-H-C
B1326	1	5E8J-D-B
B1327	1	1TTW-B-A
B1328	1	5EFW-C-A
B1329	1	5EPP-B-A
B133	6	1ZAV-V-A, 1ZAW-U-A, 1ZAW-V-A, 1ZAW-W-A, 1ZAW-X-A, 1ZAW-Z-A
B1330	1	5EV0-D-B
B1331	1	5F56-B-A
B1332	1	5F67-C-A
B1333	1	5F6K-M-C
B1334	1	5FB1-C-A
B1335	1	5FBY-B-A
B1336	1	5FBZ-E-A
B1337	1	5FJX-D-B
B1338	1	5FKP-C-A
B1339	1	5FML-A-B
B134	6	5JQY-B-A, 5JTC-B-A, 5JZ8-B-A, 5JZU-B-A, 6Q9F-B-A, 6Q9I-B-A
B1340	1	5FV6-C-B
B1341	1	5FW5-C-A
B1342	1	5G1X-B-A
B1343	1	5GTU-B-A
B1344	1	5H0U-B-A
B1345	1	5H3J-B-A
B1346	1	5H5S-B-A
B1347	1	5H7H-B-A
B1348	1	5H7H-C-A
B1349	1	5H7P-B-A
B135	6	2VP7-B-A, 2VPB-B-A, 2VPE-B-A, 2VPE-D-C, 2VPG-B-A, 2VPG-D-C
B1350	1	5H7Y-B-A
B1351	1	5HAX-B-A
B1352	1	5HH7-P-A
B1353	1	5WUJ-A-B
B1354	1	5HHV-I-A
B1355	1	5HSZ-K-A
B1356	1	5I0Q-A-B
B1357	1	5I22-B-A
B1358	1	5IAY-B-A
B1359	1	6S8R-B-A
B136	6	2XL2-C-A, 2XL2-D-B, 3P4F-B-A, 4CY2-C-A, 4CY5-C-A, 4Y7R-B-A
B1360	1	5IXF-B-A
B1361	1	5IZ2-Z-B
B1362	1	5J6Z-A-B
B1363	1	5J7J-B-A
B1364	1	5J8H-B-A
B1365	1	5JW9-A-B
B1366	1	5KC1-A-F
B1367	1	5KC1-G-F
B1368	1	5KVM-B-A
B1369	1	5L04-B-A
B137	6	3BU8-D-B, 3BUA-F-B, 4M7C-C-A, 4M7C-D-B, 4RQI-E-A, 4RQI-G-C
B1370	1	5L83-C-B
B1371	1	5L85-B-A
B1372	1	6HV2-B-A
B1373	1	5LMF-D-A
B1374	1	5LVF-B-A
B1375	1	5LY3-B-A
B1376	1	5M5G-E-B
B1377	1	5M5U-G-A
B1378	1	5V1T-B-A
B1379	1	5MCO-B-A
B138	6	3C59-B-A, 3C5T-B-A, 3IOL-B-A, 5OTW-D-C, 5OTX-B-A, 5OTX-D-C
B1380	1	5MF9-B-A
B1381	1	5N70-B-A
B1382	1	5NJX-B-A
B1383	1	5NQG-B-A
B1384	1	5NWM-B-A
B1385	1	5OAK-D-C
B1386	1	5ODT-B-A
B1387	1	5OJ5-B-A
B1388	1	5OJR-F-B
B1389	1	5OWU-B-A
B139	6	3DRF-B-A, 3DRG-B-A, 3DRH-B-A, 3DRI-B-A, 3DRK-B-A, 3RYB-B-A
B1390	1	5T0Q-B-A
B1391	1	5T0X-B-A
B1392	1	5T1G-B-A
B1393	1	5T63-C-A
B1394	1	5T6J-C-B
B1395	1	5TED-H-A
B1396	1	5TP6-B-A
B1397	1	5U4K-B-A
B1398	1	5UBP-C-B
B1399	1	5URN-B-A
B14	39	1B05-B-A, 1B32-B-A, 1B3F-B-A, 1B3G-B-A, 1B3L-B-A, 1B3L-D-C, 1B40-B-A, 1B46-B-A, 1B4Z-B-A, 1B51-B-A, 1B52-B-A, 1B58-B-A, 1B5I-B-A, 1B5J-B-A, 1B9J-B-A, 1JET-B-A, 1JEU-B-A, 1JEV-B-A, 1OLA-B-A, 1OLC-B-A, 1QKA-B-A, 1QKB-B-A, 2OLB-B-A, 2Z23-B-A, 3TCG-I-A, 3TCG-J-B, 3TCG-K-C, 3TCG-L-D, 3TCG-M-E, 3TCG-N-F, 3TCG-O-G, 3TCG-P-H, 6DQQ-B-A, 6DQR-B-A, 6DQT-B-A, 6DQU-B-A, 6DTF-B-A, 6DTG-B-A, 6DTH-B-A
B140	6	3OBQ-B-A, 3OBU-B-A, 3OBX-B-A, 4EJE-C-A, 4EJE-D-B, 4ZNY-B-A
B1400	1	6E5N-A-B
B1401	1	5V3R-B-A
B1402	1	5VMO-B-A
B1403	1	5VNF-D-B
B1404	1	5VWI-C-A
B1405	1	5VWI-D-B
B1406	1	5VWV-B-A
B1407	1	1CMI-C-A
B1408	1	1D7Q-B-A
B1409	1	1HOY-B-A
B141	6	1Q3P-C-A, 1Q3P-D-B, 3QJM-C-A, 3QJM-D-B, 5OVC-B-A, 5OVP-B-A
B1410	1	1IDH-B-A
B1411	1	1J4L-P-A
B1412	1	1KLQ-B-A
B1413	1	1MIZ-A-B
B1414	1	1N7T-B-A
B1415	1	1ONV-B-A
B1416	1	1OSV-E-B
B1417	1	1QLS-D-A
B1418	1	1SSE-A-B
B1419	1	1TDV-B-A
B142	6	4PJ0-R-E, 4PJ0-r-e, 5MX2-r-e, 5TIS-r-e, 5WS5-R-E, 5WS6-R-E
B1420	1	1TZS-X-A
B1421	1	1Z9O-L-F
B1422	1	2AK5-D-B
B1423	1	2B1J-D-B
B1424	1	2BTX-B-A
B1425	1	2CIO-B-A
B1426	1	2FKA-B-A
B1427	1	2H2F-B-A
B1428	1	2JMX-B-A
B1429	1	2K7W-B-A
B143	6	4PYU-C-A, 4PYU-D-B, 4PYU-H-G, 4PYU-L-K, 4PYU-P-O, 4PYU-T-S
B1430	1	2L35-B-A
B1431	1	2LOZ-B-A
B1432	1	2LSK-B-A
B1433	1	2M0U-B-A
B1434	1	2MC6-B-A
B1435	1	2QBW-B-A
B1436	1	2QT5-X-A
B1437	1	2VQE-U-M
B1438	1	2WJG-C-A
B1439	1	3BEF-F-E
B144	6	5KXH-B-A, 5KY0-B-A, 5KY3-B-A, 5KY4-B-A, 5KY5-B-A, 5KY9-B-A
B1440	1	3DPC-C-B
B1441	1	3G19-C-A
B1442	1	3LCN-C-A
B1443	1	3SL9-H-G
B1444	1	4EQY-X-G
B1445	1	4W8P-B-A
B1446	1	4X8P-B-A
B1447	1	4ZJ7-B-A
B1448	1	5B74-D-B
B1449	1	5H5Z-C-A
B145	5	6TYT-C-A, 6TYU-B-A, 6TYV-B-A, 6TYW-B-A, 6TYZ-B-A
B1450	1	5HHV-B-A
B1451	1	5JEZ-D-A
B1452	1	5JF0-D-A
B1453	1	5NX1-B-A
B1454	1	5NX3-B-A
B1455	1	5TDY-C-D
B1456	1	5XAD-C-A
B1457	1	5XHZ-D-A
B1458	1	5Y91-C-A
B1459	1	6J19-B-A
B146	5	1BS6-D-A, 1BS6-E-B, 1BS8-D-A, 1BS8-E-B, 1BS8-F-C
B1460	1	6JHZ-Q-A
B1461	1	6JXU-B-A
B1462	1	6S5S-E-A
B1463	1	6TOH-B-A
B1464	1	6TOI-B-A
B1465	1	6TON-B-A
B147	5	3BQO-B-A, 5WIR-D-B, 5WIR-C-A, 5XUP-C-A, 5XUP-D-B
B148	5	1CQG-B-A, 1CQH-B-A, 1MDI-B-A, 1MDJ-B-A, 1MDK-B-A
B149	5	1FCH-C-A, 3CV0-B-A, 3CVL-B-A, 3CVN-B-A, 3CVP-B-A
B15	37	1BXL-B-A, 1G5J-B-A, 1PQ1-B-A, 2BZW-B-A, 2P1L-B-A, 2P1L-D-C, 2P1L-F-E, 2P1L-H-G, 2PON-A-B, 3FDL-B-A, 3IO8-B-A, 3IO8-D-C, 3R85-E-A, 3R85-F-B, 3R85-G-C, 3R85-H-D, 4QVF-B-A, 4Z9V-C-A, 4Z9V-D-B, 5B1Z-C-A, 5B1Z-D-B, 5FCG-C-A, 5FMJ-B-A, 5FMK-B-A, 5VAU-F-B, 5VAU-H-D, 5VAX-E-A, 5VAX-F-B, 5VAX-G-C, 5VAX-H-D, 5VAY-F-B, 5VAY-H-D, 6DCN-D-A, 6DCN-C-B, 6DCO-C-A, 6DCO-D-B, 6QG8-B-A
B150	5	5X8Q-D-C, 5X8Q-H-G, 6IVX-B-A, 6IVX-F-E, 6IVX-H-G
B151	5	1FYN-B-A, 3UA7-F-D, 4HVW-B-A, 4QT7-B-A, 4RTZ-B-A
B152	5	5YAY-B-A, 5YBE-B-A, 5YBU-B-A, 5YBV-C-A, 5YBV-D-B
B153	5	1IR3-B-A, 1K3A-B-A, 3BU3-B-A, 3BU5-B-A, 3FY2-B-A
B154	5	1J4P-B-A, 1J4Q-B-A, 1K3N-B-A, 1K3Q-B-A, 2JQI-B-A
B155	5	4B4N-B-A, 4U0A-B-A, 4U0C-B-A, 6AY9-B-A, 6AYA-B-A
B156	5	1MF4-B-A, 3GCI-P-A, 3JQ5-B-A, 3JQL-B-A, 3JTI-B-A
B157	5	1NOP-C-A, 1RFF-C-A, 1RFF-E-B, 1RFI-C-A, 1RFI-E-B
B158	5	3B1J-C-A, 3B1J-D-B, 3ZDF-C-B, 3ZDF-D-A, 6GFQ-C-B
B159	5	6HLN-B-A, 6HLV-B-A, 6HM8-B-A, 6HMV-B-A, 6Q67-B-A
B16	36	1K4W-B-A, 1N4H-B-A, 1NQ7-B-A, 3L0J-C-A, 4WPF-B-A, 4XT9-B-A, 5APH-C-A, 5APJ-C-A, 5G42-C-A, 5G44-C-A, 5G45-C-A, 5G46-C-A, 5NI5-C-A, 5NI7-C-A, 5NI8-C-A, 5NIB-C-A, 5NTW-Q-B, 5NTW-S-D, 5NU1-P-A, 5NU1-Q-B, 5X8U-B-A, 5X8W-B-A, 5YP6-B-A, 6E3G-C-A, 6E3G-D-B, 6ESN-C-A, 6FZU-P-A, 6FZU-Q-B, 6G05-P-A, 6G05-Q-B, 6G07-Q-B, 6G07-S-D, 6J3N-B-A, 6R7A-C-A, 6R7J-C-A, 6R7K-C-A
B160	5	6J68-C-A, 6JJX-D-B, 6JJX-C-A, 6JJY-U-A, 6JJZ-C-A
B161	5	1UHD-B-A, 1UHE-B-A, 1VC3-A-B, 2EEO-A-B, 3PLX-A-B
B162	5	1YMT-B-A, 1YP0-B-A, 1ZDT-P-A, 1ZDT-Q-B, 4QJR-B-A
B163	5	2BUO-T-A, 2XXM-T-A, 3DS0-T-A, 3DS1-T-A, 3DS4-T-A
B164	5	2L53-B-A, 4LZX-B-A, 6BUT-B-A, 6N5W-A-C, 6N5W-B-C
B165	5	2CNY-B-A, 2CNZ-B-A, 2CO1-B-A, 2CO2-B-A, 2CO4-B-A
B166	5	6OCX-F-D, 6OCX-H-C, 6OCX-J-A, 6OCX-L-B, 6OD0-D-A
B167	5	2I04-C-A, 5N7D-C-A, 6TWU-C-B, 6TWX-C-B, 6TWY-C-B
B168	5	4D49-H-F, 5MFI-C-A, 5MFJ-C-A, 6S9L-D-B, 6SA8-B-A
B169	5	2IVZ-E-A, 2IVZ-F-B, 2IVZ-G-C, 2IVZ-H-D, 4JML-E-A
B17	33	1U7B-B-A, 2ZVL-U-A, 2ZVL-X-D, 2ZVM-U-A, 2ZVM-V-B, 2ZVM-W-C, 2ZVW-I-A, 2ZVW-J-B, 2ZVW-L-D, 2ZVW-M-E, 2ZVW-N-F, 2ZVW-O-G, 4RJF-D-C, 4ZTD-D-B, 4ZTD-E-A, 4ZTD-F-C, 5E0V-C-A, 5MLO-B-A, 5MLO-D-C, 5MLO-F-E, 5MLW-B-A, 5MLW-D-C, 5MLW-F-E, 5YCO-F-C, 5YD8-W-Z, 5YD8-U-X, 5YD8-V-Y, 6HVO-D-B, 6HVO-F-C, 6HVO-E-A, 6K3A-B-A, 6K3A-D-C, 6K3A-F-E
B170	5	5A0R-D-A, 5A0R-E-B, 6R4Y-E-A, 6R4Z-D-B, 6R4Z-E-A
B171	5	3BFQ-F-G, 3BFW-B-A, 3BFW-D-C, 5IQN-B-A, 5IQN-F-G
B172	5	3NIH-B-A, 3NII-B-A, 3NIJ-B-A, 3NIN-D-A, 3NIN-E-B
B173	5	3T6B-C-A, 3T6B-D-B, 5E2Q-B-A, 5E33-B-A, 5E3A-B-A
B174	5	3UEC-B-A, 3UEF-B-A, 3UEF-D-C, 3UIG-P-A, 3UIH-P-A
B175	5	3UXG-B-A, 3V2O-B-A, 3V2X-B-A, 3V30-B-A, 3V31-B-A
B176	5	4FYS-C-A, 4HOM-B-A, 4NAQ-B-A, 4NZ8-C-A, 4OU3-B-A
B177	5	4GUS-B-A, 4GUS-C-A, 4GUU-B-A, 4HSU-B-A, 4HSU-C-A
B178	5	4J44-B-A, 4J45-B-A, 4J46-B-A, 4J47-B-A, 4J48-B-A
B179	5	4MVI-B-A, 4MVL-E-A, 4MVL-F-B, 4MVL-G-C, 4MVL-H-D
B18	31	1AS4-B-A, 1HLE-B-A, 1LQ8-F-E, 2H4P-B-A, 2H4Q-B-A, 2RIV-B-A, 2RIW-B-A, 2XN3-B-A, 2XN5-B-A, 2XN6-B-A, 2XN7-B-A, 3CAA-B-A, 3DY0-B-A, 3F02-C-A, 3F02-D-B, 3NDD-B-A, 5OM5-B-A, 5OM6-B-A, 5OM6-D-C, 5OM7-B-A, 5OM8-B-A, 6F4U-D-A, 6HGD-B-A, 6HGG-B-A, 6HGH-B-A, 6HGI-B-A, 6HGJ-B-A, 6HGK-B-A, 6HGL-B-A, 6HGM-B-A, 6HGN-B-A
B180	5	4TY6-H-A, 4X6N-H-A, 5Q0F-H-A, 5QQO-H-A, 5QTX-H-A
B181	5	5JA5-B-A, 5NQV-E-A, 5NQV-F-B, 5NQV-G-C, 5NQV-H-D
B182	4	3C3O-B-A, 3C3Q-B-A, 3C3R-B-A, 5WA1-B-A
B183	4	5WE0-C-A, 5WE0-F-D, 5WE0-L-J, 5WE2-F-C
B184	4	1CSB-D-E, 1HUC-A-B, 1HUC-C-D, 1SP4-A-B
B185	4	1ELR-B-A, 3ESK-B-A, 3FWV-C-A, 3FWV-D-B
B186	4	1G6G-E-A, 1G6G-F-B, 5T2S-B-A, 5T2S-D-C
B187	4	1KY7-P-A, 1KYF-P-A, 1W80-Q-A, 2VJ0-Q-A
B188	4	1LVB-C-A, 1LVB-D-B, 1LVM-C-A, 1LVM-D-B
B189	4	1NRL-C-A, 1NRL-D-B, 5A86-C-A, 5A86-D-B
B19	30	2BZK-A-B, 2C3I-A-B, 3CXW-B-A, 3CY2-B-A, 3CY3-B-A, 3JPV-B-A, 3MA3-B-A, 3QF9-B-A, 4GW8-B-A, 4JX7-B-A, 5MZL-B-A, 5N4N-B-A, 5N4O-B-A, 5N4R-E-A, 5N4U-B-A, 5N4V-D-A, 5N4X-B-A, 5N4Z-B-A, 5N50-B-A, 5N51-B-A, 5N52-B-A, 5N5L-B-A, 5N5M-B-A, 5NDT-B-A, 6PCW-B-A, 6PDI-B-A, 6PDN-B-A, 6PDO-B-A, 6PDP-B-A, 6QXK-A-B
B190	4	1NVQ-B-A, 1NVR-B-A, 1NVS-B-A, 1ZYS-B-A
B191	4	1SB0-B-A, 2AGH-A-B, 6DNQ-C-D, 6DNQ-A-B
B192	4	1NX0-C-A, 1NX0-D-B, 1NX1-C-A, 1NX1-D-B
B193	4	2FFU-P-A, 5AJN-P-A, 5AJO-B-A, 6E7I-P-A
B194	4	1OR8-B-A, 1OR8-C-A, 1OR8-D-A, 1OR8-E-A
B195	4	6F4Q-B-A, 6F4R-B-A, 6F4S-B-A, 6F4T-B-A
B196	4	1PU9-B-A, 1Q2C-B-A, 1Q2D-B-A, 1QSN-B-A
B197	4	6HPG-a-A, 6HPG-c-C, 6HPG-d-D, 6HPG-e-E
B198	4	2BHA-B-A, 2BHD-B-A, 2V3X-B-A, 2V3Z-B-A
B199	4	5V1A-B-A, 5V3N-B-A, 6MJC-B-A, 6MJE-B-A
B2	319	1A2C-L-H, 1A3B-L-H, 1A3E-L-H, 1A46-L-H, 1A4W-L-H, 1A5G-L-H, 1A61-L-H, 1ABI-L-H, 1ABJ-L-H, 1AD8-L-H, 1AE8-L-H, 1AFE-L-H, 1AHT-L-H, 1AI8-L-H, 1AIX-L-H, 1AWF-L-H, 1AY6-L-H, 1B5G-L-H, 1B7X-A-B, 1BA8-A-B, 1BB0-A-B, 1BBR-J-K, 1BBR-M-N, 1BCU-L-H, 1BTH-L-H, 1BTH-J-K, 1C1U-L-H, 1C1V-L-H, 1C4U-1-2, 1C4V-1-2, 1C5L-L-H, 1C5N-L-H, 1C5O-L-H, 1CA8-A-B, 1D3D-A-B, 1D3P-A-B, 1D4P-A-B, 1DE7-L-H, 1DIT-L-H, 1DM4-A-B, 1EB1-L-H, 1ETR-L-H, 1ETS-L-H, 1ETT-L-H, 1FPC-L-H, 1FPH-L-H, 1G30-A-B, 1G32-A-B, 1GHV-L-H, 1GHW-L-H, 1GJ4-L-H, 1GJ5-L-H, 1H8D-L-H, 1H8I-L-H, 1HAH-L-H, 1HAI-L-H, 1HBT-L-H, 1HGT-L-H, 1HXE-L-H, 1HXF-L-H, 1ID5-L-H, 1IHS-L-H, 1IHT-L-H, 1JMO-L-H, 1JOU-E-F, 1K21-L-H, 1K22-L-H, 1KTS-A-B, 1KTT-A-B, 1LHC-L-H, 1LHD-L-H, 1LHE-L-H, 1LHF-L-H, 1LHG-L-H, 1MKW-L-H, 1MKX-L-H, 1MU6-A-B, 1MU8-A-B, 1MUE-A-B, 1NO9-L-H, 1NRR-L-H, 1NRS-L-H, 1NU7-A-B, 1NU7-E-F, 1NY2-1-2, 1NZQ-L-H, 1O0D-L-H, 1O2G-L-H, 1O5G-L-H, 1OOK-A-B, 1OYT-L-H, 1QBV-L-H, 1QHR-A-B, 1QJ1-A-B, 1QJ6-A-B, 1QJ7-A-B, 1QUR-L-H, 1RD3-A-B, 1RD3-C-D, 1SB1-L-H, 1SFQ-D-E, 1SG8-A-B, 1SGI-D-E, 1SHH-D-E, 1T4U-L-H, 1T4V-L-H, 1TB6-L-H, 1TBZ-L-H, 1THP-A-B, 1THR-L-H, 1THS-L-H, 1TMB-L-H, 1TMT-L-H, 1TMU-L-H, 1TOM-L-H, 1TWX-A-B, 1UCY-J-K, 1UCY-M-N, 1UMA-L-H, 1UVT-L-H, 1VR1-L-H, 1VZQ-L-H, 1W7G-L-H, 1WAY-A-B, 1WBG-A-B, 1XMN-A-B, 1XMN-C-D, 1XMN-E-F, 1XMN-G-H, 1YPE-L-H, 1YPG-L-H, 1YPJ-L-H, 1YPK-L-H, 1YPL-L-H, 1YPM-L-H, 2A0Q-A-B, 2A0Q-C-D, 2A2X-L-H, 2AFQ-A-B, 2AFQ-C-D, 2ANK-L-H, 2ANM-L-H, 2B5T-C-D, 2BVR-L-H, 2BVS-L-H, 2BXT-L-H, 2C8W-A-B, 2C8X-A-B, 2C8Y-A-B, 2C8Z-A-B, 2C90-A-B, 2C93-A-B, 2CF8-L-H, 2CF9-L-H, 2CN0-L-H, 2FEQ-L-H, 2FES-L-H, 2GDE-L-H, 2GP9-A-B, 2H9T-L-H, 2HGT-L-H, 2HWL-A-B, 2HWL-C-D, 2JH0-C-D, 2JH5-C-D, 2JH6-C-D, 2OCV-A-B, 2OD3-A-B, 2PGB-A-B, 2PUX-A-B, 2R2M-A-B, 2THF-A-B, 2UUF-A-B, 2UUJ-A-B, 2UUK-A-B, 2V3H-L-H, 2V3O-L-H, 2ZC9-L-H, 2ZDA-L-H, 2ZDV-L-H, 2ZF0-L-H, 2ZFF-L-H, 2ZFP-L-H, 2ZFQ-L-H, 2ZFR-L-H, 2ZG0-L-H, 2ZGB-L-H, 2ZGX-L-H, 2ZHE-L-H, 2ZHF-L-H, 2ZHQ-L-H, 2ZHW-L-H, 2ZI2-L-H, 2ZIQ-L-H, 2ZNK-L-H, 2ZO3-L-H, 3B23-A-B, 3B9F-L-H, 3BEF-D-E, 3BEI-A-B, 3BF6-L-H, 3BIU-L-H, 3BIV-L-H, 3BV9-A-B, 3C27-A-B, 3D49-L-H, 3DA9-A-B, 3DHK-L-H, 3DT0-L-H, 3DUX-L-H, 3EDX-C-D, 3EDX-E-F, 3EGK-L-H, 3EQ0-L-H, 3F68-L-H, 3GIC-A-B, 3HAT-L-H, 3HK3-A-B, 3JZ2-A-B, 3LDX-L-H, 3LU9-D-E, 3P17-L-H, 3QLP-L-H, 3QTO-L-H, 3QTV-L-H, 3QWC-L-H, 3QX5-L-H, 3R3G-A-B, 3RLW-L-H, 3RLY-L-H, 3RM0-L-H, 3RM2-L-H, 3RML-L-H, 3RMM-L-H, 3RMN-L-H, 3RMO-L-H, 3S7H-A-B, 3SHA-L-H, 3SHC-L-H, 3SI3-L-H, 3SI4-L-H, 3SV2-L-H, 3T5F-L-H, 3TU7-L-H, 3U69-L-H, 3U8O-L-H, 3U8R-L-H, 3U8T-L-H, 3U98-L-H, 3U9A-L-H, 3UTU-L-H, 3UWJ-L-H, 3VXE-L-H, 4AX9-L-H, 4BAH-A-B, 4BAK-A-B, 4BAM-A-B, 4BAN-A-B, 4BAO-A-B, 4BAQ-A-B, 4CH2-A-B, 4CH2-C-D, 4CH8-A-B, 4DT7-A-B, 4DT7-C-D, 4E05-L-H, 4E7R-L-H, 4E7R-M-G, 4H6S-A-B, 4HTC-L-H, 4I7Y-L-H, 4LOY-L-H, 4LXB-L-H, 4MLF-A-B, 4RKO-A-B, 4THN-L-H, 4UD9-L-H, 4UDW-L-H, 4UE7-L-H, 4UEH-L-H, 4UFD-L-H, 4UFE-L-H, 4UFF-L-H, 4UFG-L-H, 4YES-A-B, 5A2M-L-H, 5AF9-L-H, 5AFY-L-H, 5AFZ-L-H, 5AHG-L-H, 5DO4-L-H, 5E8E-L-H, 5GDS-L-H, 5GIM-A-B, 5JDU-A-B, 5JDU-C-D, 5JFD-L-H, 5JZY-L-H, 5L6N-L-H, 5LCE-L-H, 5LPD-L-H, 5MJT-L-H, 5MLS-L-H, 5MM6-L-H, 5TO3-A-B, 6EO6-L-H, 6EO7-L-H, 6EO8-L-H, 6EO9-L-H, 6EVV-L-H, 6FJT-L-H, 6GBW-L-H, 6HSX-L-H, 6I51-L-H, 6PXJ-L-H, 6PXJ-A-B, 6ROT-L-H, 7KME-L-H, 8KME-1-2
B20	29	2CO0-B-A, 2CO0-D-C, 2H9M-B-A, 3EG6-C-A, 3EMH-B-A, 3P4F-C-A, 3PSL-C-A, 3UVK-B-A, 3UVL-B-A, 3UVM-B-A, 3UVN-B-A, 3UVN-D-C, 3UVO-B-A, 4CY1-C-B, 4CY1-D-A, 4CY2-D-A, 4CY3-D-A, 4CY5-D-A, 4ERQ-D-A, 4ERQ-E-B, 4ERY-D-A, 4ERZ-D-C, 4ERZ-E-A, 4ERZ-F-B, 4ES0-C-A, 4ESG-C-B, 4ESG-D-A, 4EWR-C-A, 4O45-B-A
B200	4	3GDV-F-C, 6EW9-P-A, 6EW9-Q-B, 6EW9-R-C
B201	4	2CE8-X-A, 2CE8-Y-C, 2CE9-X-A, 2CE9-Y-C
B202	4	2FLW-B-A, 2FMF-B-A, 2FMH-B-A, 2FMI-B-A
B203	4	2FTS-P-A, 4PD1-C-A, 4U90-D-A, 4U91-B-A
B204	4	2G2L-C-A, 2I0L-D-B, 4G69-B-A, 4OAJ-B-A
B205	4	6TTK-F-B, 6TTK-G-C, 6TTK-H-D, 6TTK-E-A
B206	4	2ODB-B-A, 2OV2-L-D, 2QME-I-A, 4JS0-B-A
B207	4	2P0W-P-A, 2P0W-Q-B, 6VO5-C-A, 6VO5-D-B
B208	4	2P1N-C-B, 2P1N-F-E, 2P1O-C-B, 2P1Q-C-B
B209	4	2QA9-I-E, 3SGB-I-E, 4SGA-P-E, 5SGA-P-E
B21	26	6J4O-B-A, 6J4P-B-A, 6J4U-B-A, 6J4V-B-A, 6J4V-C-A, 6J7B-B-A, 6J8F-A-B, 6J8F-C-B, 6J8N-A-B, 6J8N-C-D, 6J8O-A-B, 6J8O-C-B, 6J9H-A-B, 6J9H-C-D, 6JZC-C-B, 6JZC-D-A, 6JZD-B-A, 6JZD-C-A, 6K81-B-A, 6NVQ-B-C, 6OCF-B-A, 6OCG-B-A, 6OCH-B-A, 6OCH-D-C, 6QBY-B-A, 6QBY-D-C
B210	4	2VZD-C-A, 2VZD-D-B, 2VZG-A-B, 2VZI-A-B
B211	4	2XPN-B-A, 2XPO-B-A, 2XPO-D-C, 2XPP-B-A
B212	4	2XS3-C-A, 2XS3-D-B, 2XS4-B-A, 4IN9-B-A
B213	4	3AT0-B-A, 4F1Z-Q-A, 4F20-Q-A, 4F27-Q-A
B214	4	3DXC-B-A, 3DXD-B-A, 3DXE-B-A, 3DXE-D-C
B215	4	3T98-A-B, 3T98-C-B, 4JO9-A-B, 4JO9-C-B
B216	4	3UF7-C-A, 3ZOQ-B-A, 4L5N-C-A, 4L5N-E-B
B217	4	3UO8-L-B, 3UO8-M-C, 3UOA-L-B, 3UOA-M-C
B218	4	4BWQ-B-A, 4BWQ-H-G, 4BWS-B-A, 4BWS-E-D
B219	4	4CH9-C-A, 4CH9-D-B, 4CHB-C-A, 4CHB-D-B
B22	25	1EJ4-B-A, 1EJH-E-A, 1EJH-F-B, 1EJH-G-C, 1EJH-H-D, 1WKW-B-A, 2JGC-B-A, 2V8W-B-A, 2V8X-B-A, 2V8Y-B-A, 2W97-E-A, 2W97-F-B, 3AM7-B-A, 3M94-C-A, 3U7X-C-A, 3U7X-D-B, 4UE9-B-A, 4UED-B-A, 5ABY-B-A, 5EHC-B-A, 5EI3-B-A, 5ME5-B-A, 5NVN-D-C, 5T48-B-A, 5XLN-B-A
B220	4	4K38-C-B, 4K38-D-A, 4K39-D-B, 4K39-C-A
B221	4	4KP3-E-A, 4KP3-F-B, 4LX2-B-A, 5JCY-B-A
B222	4	4NAW-D-A, 4NAW-H-E, 4NAW-L-I, 4NAW-P-M
B223	4	4O30-C-A, 4O30-D-B, 5VAC-C-A, 5VBC-C-A
B224	4	4QUE-D-C, 4QUE-E-A, 4QUH-D-A, 5IAG-D-A
B225	4	4TZM-C-A, 4TZM-D-B, 4TZO-F-E, 4TZO-H-G
B226	4	6HGT-E-A, 6HGT-F-B, 6HGT-G-C, 6HGT-H-D
B227	4	5CRV-C-A, 5CRV-D-B, 5MK1-F-B, 5MK1-H-C
B228	4	5EAY-G-B, 5EAY-H-A, 5N85-B-A, 5N8A-X-A
B229	4	5ET0-B-A, 5ET0-D-C, 5ET1-C-A, 5ET1-D-B
B23	25	1OL5-B-A, 2BFX-C-B, 2BFX-D-A, 2BFY-C-B, 2BFY-D-A, 2VGO-C-B, 2VGO-D-A, 2VGP-C-B, 2VGP-D-A, 2VRX-C-B, 2VRX-D-A, 3E5A-B-A, 3HA6-B-A, 3ZTX-C-B, 3ZTX-D-A, 4B8M-C-B, 4B8M-D-A, 4C2V-C-B, 4C2V-D-A, 4C2W-C-B, 4C2W-D-A, 5EYK-C-B, 5EYK-D-A, 5K3Y-C-B, 5K3Y-D-A
B230	4	5MGX-A-F, 5MGX-B-G, 5MGX-C-E, 5MGX-D-H
B231	4	5NPI-E-B, 5NPI-D-A, 5NPJ-D-A, 5NPJ-E-B
B232	3	1AQC-C-A, 1AQC-D-B, 1X11-D-B
B233	3	1CJR-A-B, 4K7L-A-B, 4O36-A-B
B234	3	1D4T-B-A, 1KA7-B-A, 1M27-B-A
B235	3	1DP5-B-A, 1DPJ-B-A, 1G0V-B-A
B236	3	1E91-B-A, 1G1E-A-B, 1PD7-B-A
B237	3	2RVB-A-B, 5GOW-A-B, 5XV8-A-B
B238	3	5Z38-E-C, 5Z38-G-A, 5Z38-K-B
B239	3	1JRR-P-A, 2ARQ-P-A, 2ARR-P-A
B24	24	2K6Q-B-A, 2ZJD-B-A, 2ZJD-D-C, 4XC2-F-B, 5CX3-E-A, 5CX3-F-B, 5CX3-G-C, 5CX3-H-D, 5D94-B-A, 5DPW-H-G, 5DPW-J-I, 5DPW-N-M, 5L83-D-A, 5LXH-E-A, 5LXH-F-B, 5LXH-G-C, 5WRD-C-A, 5YIP-B-A, 5YIS-D-B, 6A9X-A-D, 6AAF-B-A, 6HOI-F-B, 6HOL-C-A, 6HOL-D-B
B240	3	1KAP-I-P, 3VI1-C-A, 3VI1-D-B
B241	3	1LB5-B-A, 1LB6-B-A, 6A33-I-A
B242	3	6CCT-B-A, 6CCU-B-A, 6CD8-C-A
B243	3	1N0W-B-A, 6HQU-M-E, 6HQU-N-F
B244	3	6DRT-D-A, 6DRT-E-B, 6DRT-F-C
B245	3	1OEB-D-A, 2W10-C-B, 2W10-D-A
B246	3	1OM9-P-A, 1OM9-Q-B, 1P4U-B-A
B247	3	3B7S-B-A, 3B7T-B-A, 6ENB-B-A
B248	3	6F0F-B-A, 6F0G-C-A, 6F0G-D-B
B249	3	3HQR-S-A, 5L9B-C-A, 6F0W-S-A
B25	24	1SQK-B-A, 2A3Z-C-A, 2A40-C-A, 2A40-F-D, 2V51-E-D, 2V51-F-B, 2V52-M-B, 3MN5-S-A, 3MN7-S-A, 3SJH-B-A, 3U8X-B-A, 3U8X-D-C, 3U9D-B-A, 3U9D-D-C, 3U9Z-C-A, 4B1V-M-A, 4B1V-N-B, 4B1W-M-B, 4B1X-M-B, 4EFH-B-A, 6JCU-B-A, 6JCU-D-C, 6JH8-B-A, 6JH9-B-A
B250	3	6G0Y-G-E, 6G0Y-J-A, 6G0Y-I-C
B251	3	6GJH-K-F, 6GJH-J-D, 6GJH-I-B
B252	3	1RZX-B-A, 1X8S-B-A, 5I7Z-B-A
B253	3	6HOM-B-A, 6HOM-D-C, 6HON-D-C
B254	3	1T0J-C-B, 1T3L-B-A, 4DEX-B-A
B255	3	1UOO-B-A, 1UOP-B-A, 1UOQ-B-A
B256	3	1YJM-E-A, 1YJM-F-B, 1YJM-G-C
B257	3	1ZKK-F-B, 3F9W-E-B, 3F9Z-E-B
B258	3	6O3X-D-A, 6O3X-E-B, 6O3X-F-C
B259	3	2AIJ-P-X, 2AIK-P-X, 2HI8-P-X
B26	24	1YOK-B-A, 1YOK-C-A, 1YUC-C-A, 1YUC-D-B, 1ZDU-P-A, 1ZH7-C-A, 1ZH7-D-B, 3PLZ-C-A, 3PLZ-D-B, 4DOR-C-A, 4DOR-D-B, 4DOS-B-A, 4DOS-C-A, 4ONI-C-A, 4ONI-D-B, 4PLD-B-A, 4PLE-B-A, 4PLE-H-G, 5L11-C-A, 5SYZ-C-A, 5UNJ-C-A, 6OQX-C-A, 6OQY-C-A, 6OR1-C-A
B260	3	5GK9-B-A, 6MAJ-B-A, 6MAK-B-A
B261	3	2BEU-C-A, 2BEV-C-A, 2BEW-C-A
B262	3	2D10-F-B, 2D10-G-C, 2D10-H-D
B263	3	2DEW-A-X, 2DEX-A-X, 2DEY-A-X
B264	3	6P8S-E-A, 6P8S-F-B, 6P8U-C-B
B265	3	2F31-B-A, 4UWX-C-A, 4UWX-D-B
B266	3	2F9D-Q-B, 2FHO-A-B, 3LQV-Q-B
B267	3	6RM8-C-A, 6RMA-B-A, 6RMB-D-A
B268	3	2KA6-B-A, 2KJE-B-A, 2MH0-A-B
B269	3	2KS9-B-A, 2KSA-B-A, 2KSB-B-A
B27	22	1C5W-A-B, 1C5X-A-B, 1C5Y-A-B, 1C5Z-A-B, 1GI7-A-B, 1GI8-A-B, 1GI9-A-B, 1GJ7-A-B, 1GJ8-A-B, 1GJ9-A-B, 1GJA-A-B, 1GJB-A-B, 1GJC-A-B, 1GJD-A-B, 1LMW-A-B, 1LMW-C-D, 1O3P-A-B, 1O5A-A-B, 1O5B-A-B, 1O5C-A-B, 3IG6-A-B, 3IG6-C-D
B270	3	5JJA-C-A, 5JJA-D-B, 6VRO-B-A
B271	3	2OM2-B-A, 2OM2-D-C, 3ONW-C-A
B272	3	2OXW-X-A, 2OXZ-Y-A, 2OXZ-X-A
B273	3	1QGK-B-A, 1QGR-B-A, 2P8Q-B-A
B274	3	2PEH-C-A, 2PEH-D-B, 5LSO-D-B
B275	3	2QHO-D-C, 2QHO-H-G, 4UN2-B-A
B276	3	2V6Q-B-A, 2WH6-B-A, 2XPX-B-A
B277	3	2XCB-C-A, 4JL0-C-A, 4JL0-D-B
B278	3	2Y8T-E-D, 4YIZ-B-A, 4YIZ-D-C
B279	3	3DVU-C-A, 4MI8-C-A, 4MI8-D-B
B28	22	1DKX-B-A, 1DKZ-B-A, 4EZO-C-A, 4EZP-C-A, 4EZQ-B-A, 4EZR-B-A, 4EZS-B-A, 4EZT-B-A, 4EZU-B-A, 4EZW-E-A, 4EZW-F-B, 4EZW-G-C, 4EZW-H-D, 4EZX-C-A, 4EZX-D-B, 4EZY-B-A, 4EZZ-B-A, 4F00-B-A, 4JWD-C-B, 4PO2-C-A, 4PO2-D-B, 4R5I-B-A
B280	3	3E0M-E-A, 3E0M-F-B, 3E0M-G-C
B281	3	3EAB-I-C, 3EAB-J-D, 3EAB-K-E
B282	3	3RL7-J-C, 3RL7-K-E, 6SPZ-P-A
B283	3	3FP2-Q-A, 3FP4-Q-A, 3LCA-Q-A
B284	3	3NY3-B-A, 5TDA-B-A, 5TDD-B-A
B285	3	2KZU-B-A, 5GRQ-D-B, 5Y18-B-A
B286	3	3RDV-F-B, 3RDV-G-C, 3RDV-H-D
B287	3	3TZX-C-B, 3TZY-C-B, 3TZZ-C-B
B288	3	3ZG7-A-B, 3ZG8-A-B, 3ZGA-A-B
B289	3	4BXR-C-A, 4BXR-D-B, 4LD3-B-A
B29	21	4E34-D-B, 4E35-D-B, 4JOE-D-B, 4JOF-D-B, 4JOG-D-B, 4JOH-D-A, 4JOJ-D-B, 4JOK-D-B, 4JOP-C-A, 4JOR-C-A, 4K6Y-D-B, 4K72-C-A, 4K75-B-A, 4K76-E-A, 4K76-H-D, 4K78-B-A, 4Q6H-B-A, 5IC3-C-A, 5K4F-C-A, 6OV7-C-A, 6OV7-D-B
B290	3	4CC2-B-A, 4CC3-B-A, 4CC7-B-A
B291	3	4D2M-B-A, 4D2M-D-C, 5AJJ-B-A
B292	3	4IRV-E-A, 4IRV-F-B, 4IRV-G-C
B293	3	6EVN-C-A, 6EVO-C-A, 6EVP-C-A
B294	3	4J1V-E-A, 4J1V-F-C, 5B5V-F-C
B295	3	4J9C-B-A, 4J9F-B-A, 4J9F-F-E
B296	3	4NIQ-C-A, 4NIQ-D-B, 5FVK-C-A
B297	3	4O97-B-A, 4O9V-B-A, 4R0I-B-A
B298	3	4OYK-C-A, 4OYK-D-B, 4P0A-B-A
B299	3	4QBR-P-A, 4QBR-E-C, 4QBS-P-A
B3	207	1APM-I-E, 1ATP-I-E, 1CDK-I-A, 1CDK-J-B, 1FMO-I-E, 1JBP-S-E, 1L3R-I-E, 1O6K-C-A, 1O6L-C-A, 1Q61-I-A, 1Q62-I-A, 1Q8T-B-A, 1Q8U-B-A, 1Q8W-B-A, 1RDQ-I-E, 1STC-I-E, 1SVE-B-A, 1SVG-B-A, 1SVH-B-A, 1XH4-B-A, 1XH6-B-A, 1XH7-B-A, 1XH8-B-A, 1XH9-B-A, 1XHA-B-A, 1YDR-I-E, 1YDS-I-E, 1YDT-I-E, 2C1A-I-A, 2C1B-I-A, 2ERZ-I-E, 2F7E-I-E, 2F7X-I-E, 2GFC-I-A, 2GNF-I-A, 2GNG-I-A, 2GNH-I-A, 2GNI-I-A, 2GNJ-I-A, 2GU8-C-A, 2JDO-C-A, 2JDR-C-A, 2JDS-I-A, 2JDT-I-A, 2JDV-I-A, 2OH0-I-E, 2OJF-I-E, 2UVX-I-A, 2UVY-I-A, 2UVZ-I-A, 2UW0-I-A, 2UW3-I-A, 2UW4-I-A, 2UW5-I-A, 2UW6-I-A, 2UW7-I-A, 2UW8-I-A, 2UW9-C-A, 2UZT-B-A, 2UZU-I-E, 2UZV-2-A, 2UZW-I-E, 2VNW-I-A, 2VNY-I-A, 2VO0-I-A, 2VO3-I-A, 2VO6-I-A, 2VO7-I-A, 2X39-C-A, 3AMA-B-A, 3AMB-B-A, 3CQU-C-A, 3CQW-C-A, 3DND-I-A, 3DNE-I-A, 3E87-D-B, 3E88-D-B, 3E8C-G-A, 3E8C-H-B, 3E8C-J-D, 3E8C-K-E, 3E8C-L-F, 3E8E-G-A, 3E8E-F-E, 3E8E-J-I, 3E8E-N-L, 3E8E-Q-P, 3FJQ-I-E, 3IEC-E-A, 3IEC-G-C, 3IEC-H-D, 3KKV-I-A, 3L9L-C-A, 3L9L-D-B, 3L9M-C-A, 3L9M-D-B, 3L9N-C-A, 3MV5-C-A, 3MVH-B-A, 3NX8-B-A, 3OOG-B-A, 3OW3-B-A, 3OWP-B-A, 3OXT-B-A, 3P0M-B-A, 3POO-B-A, 3QAL-I-E, 3QAM-I-E, 3QKK-C-A, 3QKL-C-A, 3VQH-B-A, 3X2U-S-A, 3X2V-S-A, 3X2W-S-A, 3ZO1-I-A, 3ZO2-I-A, 3ZO3-I-A, 3ZO4-I-A, 4AXA-I-A, 4C33-I-A, 4C34-I-A, 4C35-I-A, 4C37-I-A, 4C38-I-A, 4DC2-Z-A, 4DFX-I-E, 4DFZ-I-E, 4DG0-I-E, 4DG2-I-E, 4DG3-A-E, 4DH1-I-A, 4DH3-I-A, 4DH5-I-A, 4DH7-I-A, 4DH8-I-A, 4IAC-S-A, 4IE9-I-A, 4O22-S-A, 4UJ1-B-A, 4UJ2-B-A, 4UJ9-B-A, 4UJA-B-A, 4WB5-I-A, 4WB6-I-A, 4WB6-J-B, 4WB8-I-A, 4WIH-B-A, 4XW4-B-A, 4XW5-B-A, 4XW6-B-A, 4YXR-I-A, 4YXS-I-A, 4Z83-I-E, 4Z84-I-A, 5BX6-B-A, 5FG8-B-A, 5H9B-B-A, 5HU3-B-A, 5LCT-B-A, 5LCU-B-A, 5LI1-B-A, 5M0C-B-A, 5M0L-B-A, 5M6V-B-A, 5M6Y-B-A, 5M71-B-A, 5M75-B-A, 5MHI-B-A, 5N1D-B-A, 5N1E-B-A, 5N1L-B-A, 5N1M-B-A, 5N1N-B-A, 5N1O-B-A, 5N23-B-A, 5N32-B-A, 5N33-B-A, 5N36-B-A, 5N37-B-A, 5N39-B-A, 5N3A-B-A, 5N3B-B-A, 5N3C-B-A, 5N3D-B-A, 5N3E-B-A, 5N3F-B-A, 5N7P-B-A, 5N7U-B-A, 5O0E-C-A, 5OTG-D-A, 5OUS-B-A, 5UZK-I-A, 5VHB-B-A, 5VI9-B-A, 5VIB-B-A, 6E99-B-A, 6EH2-B-A, 6EH3-C-A, 6EMD-D-A, 6ERT-D-A, 6ERV-B-A, 6ERW-D-A, 6F14-B-A, 6FRX-B-A, 6I2D-D-A, 6MM5-C-E, 6QJ7-B-A
B30	20	1CA9-H-B, 1CZY-D-A, 1CZY-E-C, 1D01-H-E, 1D01-I-F, 1D0A-G-A, 1D0A-H-B, 1D0A-I-C, 1D0A-J-D, 1D0A-K-E, 1D0A-L-F, 1D0J-G-A, 1D0J-H-C, 1D0J-I-D, 1D0J-J-E, 1D0J-K-F, 1QSC-D-A, 1QSC-E-B, 1QSC-F-C, 4GHU-B-A
B300	3	4RS9-B-A, 4YZ6-B-A, 5T0F-B-A
B301	3	4W50-E-A, 4W50-G-C, 4W50-H-D
B302	3	4WVH-C-A, 4WVI-D-A, 4WVJ-D-A
B303	3	4Z0Y-E-A, 4Z0Z-E-A, 4Z0Z-H-D
B304	3	4ZRK-F-B, 4ZRK-G-C, 4ZRK-H-D
B305	3	5DDZ-B-A, 5GU4-C-A, 5GU4-D-B
B306	3	5JFZ-B-A, 5JFZ-D-C, 5JFZ-F-E
B307	3	5JLB-B-A, 5V21-B-A, 5V22-B-A
B308	3	5M0I-H-B, 5M0I-J-D, 5M0I-I-C
B309	3	5NJC-E-A, 5NJF-E-A, 5NJF-F-C
B31	20	2L1L-A-B, 3WYG-D-C, 5DHF-D-C, 5DI9-D-C, 5DIF-D-C, 5UWH-D-C, 5UWI-D-C, 5UWJ-D-C, 5UWO-D-C, 5UWP-D-C, 5UWQ-D-C, 5UWR-D-C, 5UWS-D-C, 5UWT-D-C, 5UWU-D-C, 5UWW-D-C, 5XOJ-D-C, 6A3A-D-C, 6A3C-D-C, 6CIT-D-C
B310	3	5TZP-B-A, 5TZQ-C-B, 5TZQ-D-A
B311	2	5VYO-G-C, 5VYO-H-D
B312	2	5WQL-F-D, 5WQL-H-C
B313	2	1DEV-B-A, 1DEV-D-C
B314	2	1DKD-F-B, 1DKD-H-D
B315	2	1DLK-A-B, 1DLK-C-D
B316	2	1E54-B-A, 2FGR-B-A
B317	2	1F4V-D-A, 2FMK-B-A
B318	2	1F8H-B-A, 1FF1-B-A
B319	2	1FS1-A-B, 1FS1-C-D
B32	20	1L6X-B-A, 1OQO-C-A, 1OQO-D-B, 5DI8-C-A, 5DJ0-C-A, 5DJ6-C-A, 5DJ8-C-A, 5DJC-C-A, 5DJD-C-A, 5DJX-F-D, 5DJY-C-A, 5DJZ-C-A, 5DK0-C-A, 5DVL-B-A, 5DVN-B-A, 5NSC-C-A, 5U52-E-A, 5U52-Z-B, 6IFJ-C-A, 6IFJ-D-B
B320	2	1HC9-C-A, 1HC9-D-B
B321	2	1I4O-C-A, 1I4O-D-B
B322	2	1ISQ-B-A, 5DAI-B-A
B323	2	6A0F-C-A, 6A0F-D-B
B324	2	1KYD-P-A, 1KYU-P-A
B325	2	1L3E-A-B, 1R8U-A-B
B326	2	6B05-C-A, 6BRS-C-A
B327	2	2AP2-P-A, 2AP2-Q-C
B328	2	2MV7-B-A, 6B7G-B-A
B329	2	6IFG-E-A, 6IFG-F-B
B33	20	3HQH-M-A, 3HQL-C-A, 3HQM-C-A, 3HQM-D-B, 3IVB-M-A, 3IVQ-C-A, 3IVQ-D-B, 3IVV-D-A, 4O1V-B-A, 6F8F-G-D, 6F8G-E-A, 6F8G-H-B, 6I5P-B-A, 6I5P-F-E, 6I5P-H-G, 6I68-B-A, 6I68-D-C, 6I68-H-G, 6I7A-B-A, 6I7A-H-G
B330	2	1M4P-B-A, 1M4Q-B-A
B331	2	1MFG-B-A, 1MFL-B-A
B332	2	1MWN-X-A, 1MWN-Y-B
B333	2	1MXL-I-C, 2MKP-I-C
B334	2	1N4M-C-A, 1N4M-D-B
B335	2	1NH2-B-D, 1YTF-B-D
B336	2	1NWD-B-A, 1NWD-C-A
B337	2	1O0P-B-A, 1OPI-B-A
B338	2	1OAU-I-M, 1OAU-K-O
B339	2	5OY3-B-A, 6F6D-B-A
B34	20	3PE4-B-A, 3PE4-D-C, 3TAX-B-A, 3TAX-D-C, 4GYW-B-A, 4GYW-D-C, 4GYY-B-A, 4GYY-D-C, 4N39-B-A, 4N3A-B-A, 4N3B-B-A, 5BNW-D-A, 5C1D-C-A, 5HGV-B-A, 5HGV-D-C, 6IBO-C-A, 6MA2-B-A, 6MA3-B-A, 6MA4-B-A, 6MA5-B-A
B340	2	6FDP-B-A, 6FDT-B-A
B341	2	1PXD-B-A, 1UGX-B-A
B342	2	1PZL-B-A, 3FS1-B-A
B343	2	5HSP-D-A, 6G55-D-A
B344	2	6GVK-B-A, 6GVL-B-A
B345	2	1HAJ-B-A, 1RGJ-B-A
B346	2	1S5R-A-B, 2L9S-A-B
B347	2	1SDZ-B-A, 1SE0-B-A
B348	2	6HK3-N-A, 6HK4-N-A
B349	2	1SVF-B-A, 1SVF-D-C
B35	19	1LEW-B-A, 1LEZ-B-A, 2B9H-C-A, 2B9I-C-A, 2B9J-C-A, 2FYS-C-A, 2GPH-B-A, 2OKR-C-A, 2Y8O-B-A, 2Y9Q-B-A, 3O71-B-A, 3P4K-P-A, 3TEI-B-A, 4FMQ-B-A, 4H3P-B-A, 4H3P-E-D, 4H3Q-B-A, 5ETF-B-A, 5V62-I-A
B350	2	1SVZ-C-A, 1SVZ-D-B
B351	2	6IKG-E-B, 6IKG-F-A
B352	2	6IN9-C-B, 6IN9-D-A
B353	2	6IUH-C-A, 6IUH-D-B
B354	2	1UK4-H-B, 2Q6G-C-A
B355	2	1W80-P-A, 2VJ0-P-A
B356	2	1Y43-A-B, 3TRS-C-D
B357	2	1ZAX-U-A, 1ZAX-W-A
B358	2	2AQ9-X-A, 4J09-B-A
B359	2	2BJ4-C-A, 2BJ4-D-B
B36	19	3RRB-B-A, 3RRE-B-A, 3RRF-B-A, 3RRJ-B-A, 3RS8-B-A, 3RS9-B-A, 3RSF-B-A, 3RSG-B-A, 3RSQ-B-A, 3RSS-B-A, 3RT7-B-A, 3RT9-B-A, 3RTA-B-A, 3RTB-B-A, 3RTC-B-A, 3RTD-B-A, 3RTE-B-A, 3RTG-B-A, 3RU2-B-A
B360	2	2C5I-P-T, 2C5K-P-T
B361	2	6N3E-B-A, 6NSX-B-A
B362	2	6OKD-C-B, 6OKD-D-A
B363	2	2D1X-P-A, 2D1X-Q-C
B364	2	2D5W-C-A, 2D5W-D-B
B365	2	2FGE-D-A, 2FGE-E-B
B366	2	2FYZ-B-E, 2FYZ-F-E
B367	2	4DZU-B-A, 6R2G-C-A
B368	2	4WSF-B-A, 6R8I-B-A
B369	2	6RRC-B-C, 6RRC-D-A
B37	18	1AWQ-B-A, 1AWR-G-A, 1AWR-H-B, 1AWR-I-C, 1AWR-J-D, 1AWR-K-E, 1AWR-L-F, 1AWU-B-A, 1AWV-G-A, 1AWV-H-B, 1AWV-I-C, 1AWV-J-D, 1AWV-K-E, 1AWV-L-F, 4DGB-B-A, 5YBA-B-A, 5YBA-D-C, 6I42-B-A
B370	2	5XJG-B-A, 5XJG-D-C
B371	2	6SH6-B-A, 6SH7-B-A
B372	2	6TME-C-A, 6TME-D-B
B373	2	5UA5-B-A, 6TZC-C-B
B374	2	2JDL-C-A, 2JDL-D-B
B375	2	2JOG-B-A, 3LL8-E-A
B376	2	2JQ9-B-A, 2JQK-B-A
B377	2	6UCM-A-C, 6UCM-B-C
B378	2	2DOH-C-X, 2KJ4-B-A
B379	2	2KQF-B-A, 2KYL-B-A
B38	18	1FLE-I-E, 1GVK-A-B, 1H9L-A-B, 1HAX-A-B, 1MCV-I-A, 1NES-I-E, 1NES-J-E, 1QIX-A-B, 2BB4-P-A, 2BD2-P-A, 2BD3-P-A, 2BD4-P-A, 2BD5-P-A, 2BD7-P-A, 2BD8-P-A, 2BDA-P-A, 2CV3-B-A, 2H1U-P-A
B380	2	2KTF-B-A, 2L0F-B-A
B381	2	2LLQ-B-A, 5T0X-C-A
B382	2	2LXM-B-A, 4TXR-C-A
B383	2	2LXP-B-A, 3H8K-B-A
B384	2	2MKC-B-A, 2MY3-B-A
B385	2	2MTP-B-A, 2MTP-C-A
B386	2	2MW2-B-A, 2MW2-C-A
B387	2	2NUD-C-A, 2NUD-D-B
B388	2	6OFQ-B-A, 6PU3-B-A
B389	2	2OY2-W-A, 2OY2-Y-F
B39	17	1H2K-S-A, 1H2L-S-A, 1H2M-S-A, 2ILM-S-A, 2XUM-S-A, 2Y0I-S-A, 3D8C-B-A, 3P3N-B-A, 4B7E-B-A, 4B7K-B-A, 5JWP-B-A, 6H9J-D-A, 6HA6-D-A, 6HC8-E-A, 6HKP-S-A, 6HL5-S-A, 6HL6-S-A
B390	2	2QBX-D-B, 2QBX-P-A
B391	2	2QYF-E-A, 2QYF-F-C
B392	2	2R0L-B-A, 3K2U-B-A
B393	2	2R7G-B-A, 2R7G-D-C
B394	2	1N4M-E-B, 2R7G-E-A
B395	2	6B05-B-A, 6BRS-F-A
B396	2	2V3S-C-B, 2V3S-D-A
B397	2	3TVT-B-A, 5YPR-B-A
B398	2	2W2U-C-A, 2W2U-D-B
B399	2	2WV4-C-A, 2WV4-D-B
B4	134	1A3B-I-H, 1A3E-I-H, 1AN1-I-E, 1B7X-C-B, 1BBR-I-N, 1CO7-I-E, 1DM4-C-B, 1EB1-A-H, 1F2S-I-E, 1FN8-B-A, 1FPH-I-H, 1FY4-B-A, 1FY5-B-A, 1G37-B-A, 1G9I-I-E, 1GDN-B-A, 1GDU-B-A, 1GL1-I-A, 1GL1-J-B, 1GL1-K-C, 1H9H-I-E, 1H9I-I-E, 1HXE-I-H, 1HXF-I-H, 1LDT-L-T, 1LHC-I-H, 1LHD-I-H, 1LHE-I-H, 1LHF-I-H, 1LHG-I-H, 1MCT-I-A, 1NRR-R-H, 1NRS-R-H, 1NY2-4-2, 1OOK-P-B, 1OX1-B-A, 1OXG-B-A, 1PQ8-C-A, 1SBW-I-A, 1SFI-I-A, 1SMF-I-E, 1TAB-I-E, 1THR-I-H, 1TMT-J-H, 1VZQ-I-H, 1W7G-I-H, 1XVM-B-A, 1YCP-F-H, 2BTC-I-E, 2CMY-B-A, 2F3C-I-E, 2F91-B-A, 2H9T-I-H, 2HGT-J-H, 2NWN-B-A, 2O9Q-C-A, 2PLX-B-A, 2PUX-C-B, 2R2M-H-B, 2STA-I-E, 2STB-I-E, 2VU8-I-E, 2WPM-L-S, 2XTT-A-B, 2Z7F-I-E, 3B23-C-B, 3BF6-I-H, 3C27-H-B, 3FP7-I-E, 3FP7-J-E, 3HKI-C-B, 3HKI-F-E, 3LDX-I-H, 3LU9-C-B, 3M61-P-U, 3OX7-P-U, 3OY5-P-U, 3OY6-P-U, 3P6Z-C-B, 3P6Z-I-H, 3P8F-I-A, 3TVJ-I-B, 3VXE-J-H, 4AOQ-F-C, 4AOR-E-B, 4AOR-F-C, 4AX9-I-H, 4DOQ-B-A, 4DT7-E-B, 4DT7-F-D, 4E05-I-H, 4GUX-D-A, 4GUX-E-B, 4K1E-B-A, 4K8Y-B-A, 4KEL-B-A, 4KTU-B-A, 4U2W-B-A, 4UD9-I-H, 4X1Q-P-U, 4XOJ-B-A, 4ZHL-P-U, 4ZKN-P-U, 4ZKO-P-U, 4ZKO-Q-U, 4ZKS-P-U, 5AFY-I-H, 5GIM-C-B, 5GIM-D-B, 5JBT-X-A, 5JBT-Y-A, 5NHU-I-H, 5NHU-J-A, 5NHU-K-C, 5WXQ-P-U, 5WXR-P-U, 5XWJ-C-A, 5XWJ-D-B, 5XWL-C-A, 5XWL-D-B, 6A8N-P-A, 6A8N-C-B, 6BVH-I-A, 6D3Y-C-A, 6D3Z-C-A, 6D40-C-A, 6E5M-I-A, 6EAT-I-A, 6EAU-I-A, 6EAV-I-A, 6EAW-I-A, 6EAX-I-A, 6O21-B-A, 6XVD-P-U
B40	17	6ICV-C-A, 6ICV-D-B, 6MBJ-Y-A, 6MBJ-Z-B, 6MBK-Y-A, 6MBK-Z-B, 6MBL-Y-A, 6OX0-Y-A, 6OX0-Z-B, 6OX3-Y-A, 6OX3-Z-B, 6OX4-Y-A, 6OX4-Z-B, 6OX5-Y-A, 6V62-Y-A, 6V63-Y-A, 6V63-Z-B
B400	2	2XS1-B-A, 2XS8-B-A
B401	2	2YLE-B-A, 3R7G-B-A
B402	2	2Z3N-C-A, 2Z3N-D-B
B403	2	3AGY-C-A, 3AGY-D-B
B404	2	3BRF-D-A, 5EG6-R-C
B405	2	3C2G-C-A, 3C2G-D-B
B406	2	3CBL-B-A, 3CD3-B-A
B407	2	3D24-B-A, 3D24-D-C
B408	2	3D2U-G-E, 3D2U-C-A
B409	2	3D9T-C-A, 3D9U-B-A
B41	17	4RE1-C-B, 4RE1-D-A, 5OAQ-L-A, 6GE3-L-A, 6GE4-L-A, 6GE5-L-A, 6GE6-L-A, 6GEC-L-A, 6GEE-L-A, 6GEG-L-A, 6GEI-L-A, 6GEK-L-A, 6GEK-M-B, 6HIK-L-A, 6HIL-L-A, 6HIL-M-B, 6Q2X-L-A
B410	2	3G6N-F-A, 3G6N-G-B
B411	2	3GZ1-P-B, 3GZ1-Q-A
B412	2	3GZE-X-A, 3GZE-Y-C
B413	2	3HBV-Z-P, 3HDA-Z-P
B414	2	3HXG-C-A, 3HXI-C-A
B415	2	3IK5-D-C, 3IK5-B-A
B416	2	3IUR-B-A, 3IUR-C-A
B417	2	3JRV-C-A, 3JRV-D-B
B418	2	3K24-C-B, 3K24-D-A
B419	2	3L81-B-A, 4MDR-B-A
B42	16	1BJR-I-E, 1P7V-B-A, 1P7W-B-A, 1PEK-C-E, 1SUA-C-A, 1YU6-D-B, 2DQK-P-A, 2DUJ-P-A, 2HD4-B-A, 2HPZ-B-A, 2PQ2-B-A, 3F7O-X-A, 3F7O-Y-B, 3OSZ-B-A, 3PTL-B-A, 5OX2-P-A
B420	2	4DLQ-B-A, 6V55-Q-A
B421	2	3N2D-B-A, 3N3X-B-A
B422	2	3O37-F-B, 6IEU-C-A
B423	2	3OAK-C-B, 3OAK-D-A
B424	2	3PLU-C-A, 3PLU-D-B
B425	2	3QF7-D-B, 3QF7-C-A
B426	2	3TDI-C-B, 3TDI-D-A
B427	2	3TDU-E-B, 3TDU-F-A
B428	2	3U3W-P-A, 3U3W-Q-B
B429	2	3U7D-B-A, 3U7D-D-C
B43	16	1UKH-B-A, 2XRW-B-A, 3OXI-J-A, 3PTG-J-A, 4E73-B-A, 4G1W-B-A, 4H39-B-A, 4H3B-B-A, 4H3B-D-C, 4HYS-B-A, 4HYU-B-A, 4IZY-B-A, 4UX9-F-A, 4UX9-G-B, 4UX9-H-C, 4UX9-I-D
B430	2	3UP0-Q-B, 3UP3-P-A
B431	2	3V43-Q-A, 4LK9-B-A
B432	2	3W8J-C-A, 3W8J-D-B
B433	2	3ZED-E-B, 3ZED-F-C
B434	2	3ZQG-C-A, 3ZQH-C-A
B435	2	3ZWL-E-B, 3ZWL-F-D
B436	2	4A2A-C-A, 4A2A-D-B
B437	2	4A62-C-A, 4A62-D-B
B438	2	4AIF-D-A, 4AIF-E-B
B439	2	4APO-D-B, 4APO-E-A
B44	16	1SDX-E-A, 3TOD-B-A, 3U72-B-A, 3U8Q-B-A, 3UGW-B-A, 3UK4-B-A, 3V5A-B-A, 3VDF-B-A, 4DIG-B-A, 4DXU-B-A, 4FIM-B-A, 4FJP-B-A, 4FOR-B-A, 4G2Z-B-A, 4GRK-B-A, 4N6P-B-A
B440	2	4BL0-C-A, 4BL0-F-D
B441	2	4BQ6-C-D, 4BQ6-E-F
B442	2	4BT9-C-A, 4BTB-C-A
B443	2	4C2C-C-A, 4C2G-C-A
B444	2	4CO6-D-A, 4CO6-F-B
B445	2	4EOY-D-A, 4EOY-E-B
B446	2	4F02-C-A, 4F02-F-D
B447	2	5M72-B-A, 5WRV-A-B
B448	2	4GNE-B-A, 4GNF-C-A
B449	2	4GYO-C-B, 4GYO-D-A
B45	16	5O3U-L-A, 5O3U-M-B, 5O3U-N-C, 5O3U-O-D, 5O3V-D-B, 5O3V-C-A, 5O3W-W-A, 5O3W-X-B, 5O3W-Y-C, 5O3W-Z-D, 5UW3-E-A, 5UW3-F-B, 5UW3-G-C, 5UW3-H-D, 5UW7-C-A, 5UW7-D-B
B450	2	6E3D-B-A, 6E4D-F-A
B451	2	4IB5-E-B, 4IB5-F-C
B452	2	4IF6-B-A, 4KXQ-B-A
B453	2	4J1V-G-A, 4J1V-H-C
B454	2	4JE8-D-A, 4JE8-E-B
B455	2	4L1U-I-E, 4L1U-J-F
B456	2	4LOO-B-A, 5O90-B-A
B457	2	4LX3-B-A, 4QFQ-B-A
B458	2	4M1Z-C-A, 4M1Z-D-B
B459	2	4M91-B-A, 4M92-B-A
B46	15	1T4F-P-M, 1YCQ-B-A, 3DAB-B-A, 3DAB-D-C, 3DAB-H-G, 3EQS-B-A, 3EQY-D-B, 3JZO-P-A, 3JZP-P-A, 3JZQ-P-A, 3JZQ-Q-B, 3JZR-P-A, 3JZS-P-A, 3LNZ-J-I, 3LNZ-L-K
B460	2	4MLI-D-C, 4MLS-B-A
B461	2	4NY3-C-A, 4NY3-D-B
B462	2	4OD8-C-A, 4YGM-D-B
B463	2	4OH4-F-B, 4OH4-E-A
B464	2	4OI4-B-A, 4OI4-D-C
B465	2	4OWT-C-A, 4OWW-C-A
B466	2	4PKF-C-A, 5BWD-C-A
B467	2	4RQZ-E-B, 4RQZ-F-C
B468	2	4TXQ-C-A, 4TXR-B-A
B469	2	4TXQ-D-B, 4U7E-A-B
B47	15	2YNN-P-A, 4J73-B-A, 4J77-C-A, 4J77-D-B, 4J78-B-A, 4J79-B-A, 4J81-C-B, 4J81-D-A, 4J82-C-A, 4J82-D-B, 4J84-C-A, 4J84-D-B, 4J86-D-B, 4J8B-B-A, 4J8G-C-B
B470	2	4UQY-B-A, 4UQZ-B-A
B471	2	4WYU-D-A, 4WYU-C-B
B472	2	4X2H-C-A, 4X2O-C-A
B473	2	4X3H-B-A, 4X3I-B-A
B474	2	4XEF-B-A, 4XEF-E-D
B475	2	4XEF-C-A, 4XEF-F-D
B476	2	4XEK-C-A, 4XEV-F-D
B477	2	4XI7-C-A, 4XIB-C-A
B478	2	4Z0U-D-A, 4Z0U-E-B
B479	2	4Z80-C-A, 4Z80-D-B
B48	14	1Y7L-P-A, 2Q3C-B-A, 3IQG-P-X, 3IQH-P-X, 3IQI-P-X, 3T4P-B-A, 3TBH-B-A, 4JBN-C-A, 4NU8-A-X, 4ZU6-B-X, 5DBE-A-X, 5XOQ-C-A, 5XOQ-D-B, 6AIF-B-A
B480	2	4Z88-T-H, 4Z88-V-J
B481	2	4Z8J-B-A, 5ELQ-P-A
B482	2	4ZOZ-Y-A, 4ZOZ-C-B
B483	2	5A2J-P-H, 5FXC-P-H
B484	2	5AER-B-A, 5AER-C-A
B485	2	5AFP-C-B, 5AFP-D-A
B486	2	5B6C-B-A, 5GLF-B-A
B487	2	5C6D-C-A, 5C6D-D-B
B488	2	5CFA-D-B, 5CFA-C-A
B489	2	5DHM-A-C, 5DHM-B-D
B49	14	1OBZ-P-A, 1V1T-S-B, 1V1T-T-A, 1W9E-S-B, 1W9E-T-A, 1W9O-S-B, 1W9O-T-A, 1W9Q-S-B, 1YBO-C-A, 1YBO-D-B, 4Z33-C-A, 4Z33-D-B, 5A2P-E-A, 5A2P-H-C
B490	2	5DIY-P-A, 5DIY-Q-B
B491	2	5E1D-D-A, 5E1O-D-A
B492	2	5E6O-G-C, 5E6O-H-A
B493	2	5F5O-D-C, 5F5O-F-E
B494	2	5F6K-D-C, 5F6K-F-E
B495	2	5F85-B-A, 5F86-B-A
B496	2	5FPX-E-A, 5FPX-F-B
B497	2	5HAW-L-A, 5HAW-K-B
B498	2	5HQ8-I-A, 5HQ8-J-B
B499	2	5J3Q-D-C, 5JP4-B-A
B5	118	1EE4-C-A, 1EE4-D-A, 1EE4-E-B, 1EE4-F-B, 1EE5-B-A, 1PJM-A-B, 1PJN-A-B, 1Q1S-A-C, 1Q1S-B-C, 1Q1T-A-C, 1Q1T-B-C, 1Y2A-P-C, 2C1M-B-A, 2YNR-B-A, 2YNR-C-A, 2YNS-C-A, 2YNS-D-B, 3KND-B-A, 3L3Q-B-A, 3L3Q-C-A, 3OQS-B-A, 3Q5U-B-A, 3RZ9-B-A, 3TPM-B-A, 3UKX-C-B, 3UKY-C-B, 3UKZ-C-B, 3UL0-C-B, 3UL1-A-B, 3UVU-B-A, 3ZIN-B-A, 3ZIN-C-A, 3ZIO-B-A, 3ZIO-C-A, 3ZIP-B-A, 3ZIP-C-A, 3ZIQ-B-A, 3ZIQ-C-A, 3ZIR-B-A, 3ZIR-C-A, 4B8O-B-A, 4B8O-C-A, 4B8P-C-A, 4B8P-D-B, 4BA3-B-A, 4BPL-B-A, 4BQK-C-B, 4BQK-D-A, 4MZ5-A-E, 4MZ5-C-E, 4MZ6-A-E, 4MZ6-C-E, 4OIH-B-A, 4RXH-A-B, 4RXH-C-B, 4WV6-B-A, 4WV6-C-A, 4XZR-A-B, 4YI0-A-C, 4ZDU-B-A, 5B56-E-A, 5B56-F-B, 5CTT-B-A, 5D5K-B-C, 5E6Q-A-B, 5EKF-B-A, 5EKF-C-A, 5FC8-C-E, 5GXW-B-A, 5H2W-B-A, 5H2W-D-C, 5H2X-B-A, 5H43-B-A, 5H43-C-A, 5HHG-C-E, 5HUW-A-C, 5HUW-B-C, 5HUY-B-C, 5HUY-A-C, 5K9S-B-A, 5K9S-C-A, 5KLR-A-B, 5SVZ-B-A, 5U5P-C-A, 5U5P-B-A, 5U5R-B-A, 5UMZ-E-B, 5UMZ-D-B, 5V5O-A-C, 5V5O-B-C, 5V5P-A-C, 5V5P-B-C, 5VQI-A-B, 5VQI-C-B, 5W41-B-A, 5W4E-A-B, 5W4E-D-B, 5W4F-A-B, 5W4F-D-B, 5W4G-A-B, 5WUM-C-A, 5WUN-B-A, 5WUN-C-A, 5X8N-B-A, 6BVV-B-A, 6BW0-C-E, 6BW1-C-E, 6BW9-B-A, 6BWA-B-A, 6BWB-B-A, 6IU7-B-A, 6IUA-B-A, 6K06-A-C, 6MJL-A-B, 6P6A-A-B, 6P6A-C-B, 6P6E-B-A, 6P6E-C-A
B50	14	1OK7-C-B, 3D1E-P-A, 3Q4J-H-B, 3Q4J-I-C, 3Q4J-J-D, 3Q4J-K-E, 3Q4J-L-F, 4K3M-E-A, 4K3O-E-A, 4K3P-E-A, 4K3Q-E-A, 4K3R-E-A, 4K74-C-A, 4K74-D-B
B500	2	5JIU-C-A, 5JIU-D-B
B501	2	5JP2-E-A, 5JP2-F-B
B502	2	5JTM-F-B, 5JTP-G-C
B503	2	5KZT-C-A, 5KZT-D-B
B504	2	5LEO-G-B, 5LEO-H-A
B505	2	5LMG-C-B, 5LMG-D-A
B506	2	5M5T-G-A, 5M5V-G-A
B507	2	5NAF-E-A, 5NAF-F-B
B508	2	5NL1-G-F, 5NL1-L-E
B509	2	5NX1-D-A, 5NX3-D-A
B51	14	2BOK-L-A, 2H9E-L-H, 2PR3-B-A, 2VWL-L-A, 2VWN-L-A, 2VWO-L-A, 2W3I-B-A, 2W3K-B-A, 2XBV-L-A, 2XBX-L-A, 2XBY-L-A, 2XC0-L-A, 2XC5-L-A, 3KL6-B-A
B510	2	5OXX-B-A, 5OXZ-B-A
B511	2	5TU5-B-A, 5TU6-B-A
B512	2	5TWA-D-A, 5TWA-C-B
B513	2	5TWG-E-A, 5TWH-E-A
B514	2	5TXE-C-A, 5TXE-D-B
B515	2	5U3L-P-H, 5U3O-A-H
B516	2	5U3M-A-H, 5U3N-A-H
B517	2	5VAP-C-B, 6E5X-B-A
B518	2	5V8Z-B-A, 5V8Z-D-C
B519	2	5VB9-C-A, 5VB9-D-B
B52	14	4RU2-B-A, 4RU2-D-C, 4RU2-F-E, 4RU2-J-I, 4RU2-L-K, 4RU2-P-O, 4RU2-R-Q, 5CXT-B-A, 5CXT-D-C, 5CXT-F-E, 5CXT-J-I, 5CXT-L-K, 5CXT-P-O, 5CXT-R-Q
B520	2	5VLA-Z-A, 5VLL-Y-A
B521	1	1A2X-B-A
B522	1	1ABT-B-A
B523	1	1AKH-A-B
B524	1	1B0N-B-A
B525	1	1B8Q-B-A
B526	1	1BC5-T-A
B527	1	1BXP-B-A
B528	1	5WN9-A-H
B529	1	5WQL-E-D
B53	13	1JPL-E-A, 1JPL-G-C, 1JUQ-E-A, 1JUQ-F-B, 1JUQ-G-C, 1JUQ-H-D, 1JWG-C-A, 1JWG-D-B, 3G2S-C-A, 3G2S-D-B, 3G2U-D-B, 3G2W-C-A, 3G2W-D-B
B530	1	5WQL-G-C
B531	1	1CF4-B-A
B532	1	1CFF-B-A
B533	1	1CLV-I-A
B534	1	1CMI-D-B
B535	1	1CVU-F-B
B536	1	1D5G-B-A
B537	1	1DDM-B-A
B538	1	1DDV-B-A
B539	1	1DOW-B-A
B54	13	4HKN-C-A, 4HL5-C-A, 4HMH-C-A, 5ADQ-B-A, 5ADR-B-A, 5ADS-B-A, 5ADT-B-A, 5ZQO-B-A, 5ZQP-B-A, 5ZQQ-B-A, 5ZQR-B-A, 6A84-B-A, 6KRO-B-A
B540	1	1DPU-B-A
B541	1	5W5C-E-F
B542	1	1E0A-B-A
B543	1	1EES-B-A
B544	1	1EG4-P-A
B545	1	1EKB-A-B
B546	1	1ELW-C-A
B547	1	1EMU-B-A
B548	1	1EVH-B-A
B549	1	1EYX-G-B
B55	13	4MOY-B-A, 4MP0-B-A, 4MP0-D-C, 4V0V-B-A, 4V0W-B-A, 4V0W-D-C, 4V0X-B-A, 4XPN-B-A, 4XPN-D-C, 5INB-B-A, 5J28-C-A, 5J28-D-B, 6DNO-B-A
B550	1	1EYX-H-L
B551	1	1F47-A-B
B552	1	5XA5-B-A
B553	1	5XAD-D-B
B554	1	5XBO-B-A
B555	1	1FIW-L-A
B556	1	1G3F-B-A
B557	1	1GBR-B-A
B558	1	5W93-E-B
B559	1	1GD2-I-H
B56	13	1SYQ-B-A, 1T01-B-A, 1U6H-B-A, 1YDI-B-A, 1ZVZ-B-A, 1ZW2-B-A, 3S90-C-A, 3S90-D-B, 3TJ5-B-A, 3ZDL-B-A, 4DJ9-B-A, 4E17-B-A, 4E18-B-A
B560	1	5Y59-C-B
B561	1	5Y5A-B-A
B562	1	1GUX-E-B
B563	1	1H3H-B-A
B564	1	1H6W-B-A
B565	1	1H8B-B-A
B566	1	1HAA-B-A
B567	1	5YAH-C-B
B568	1	5YF4-B-A
B569	1	5YGF-D-A
B57	13	2W9R-B-A, 2WA8-B-A, 2WA8-D-C, 3DNJ-C-A, 3G1B-C-A, 3G1B-D-B, 3GQ1-C-A, 3GQ1-D-B, 3GW1-C-A, 3GW1-D-B, 3O2B-B-A, 3O2B-D-C, 3O2H-B-A
B570	1	5YI7-B-A
B571	1	5YI8-B-A
B572	1	1HQW-B-A
B573	1	1HTM-A-B
B574	1	1HTR-P-B
B575	1	1HV2-B-A
B576	1	5YT0-B-A
B577	1	1I31-P-A
B578	1	5YV5-B-A
B579	1	5YYZ-B-A
B58	12	3ABD-X-A, 3ABD-Y-B, 4EXT-B-C, 5O8K-B-A, 5XPT-B-A, 5XPU-B-A, 6BC8-B-A, 6BCD-B-A, 6EKJ-B-A, 6EKL-B-A, 6K07-B-A, 6K08-B-A
B580	1	5Z38-I-D
B581	1	1IDG-B-A
B582	1	1IHJ-C-B
B583	1	1IHJ-D-A
B584	1	1J19-B-A
B585	1	1J2X-B-A
B586	1	1J71-B-A
B587	1	1JBD-B-A
B588	1	1JBU-X-H
B589	1	1JD5-B-A
B59	12	3NFK-D-B, 3NFL-E-A, 3NFL-F-B, 3NFL-H-D, 5EYZ-E-A, 5EZ0-F-B, 5EZ0-H-D, 6HKS-G-A, 6HKS-H-B, 6HKS-J-D, 6HKS-K-E, 6HKS-L-F
B590	1	1JEG-B-A
B591	1	1JGN-B-A
B592	1	1JH4-B-A
B593	1	1JK4-B-A
B594	1	6JX3-A-B
B595	1	1JOT-B-A
B596	1	1JW6-B-A
B597	1	5WGG-B-A
B598	1	1K2N-P-A
B599	1	1K4U-P-S
B6	95	1OSV-C-A, 1OSV-D-B, 3BEJ-E-A, 3BEJ-F-B, 3DCT-B-A, 3FXV-B-A, 3OKH-B-A, 3OKI-B-A, 3OKI-D-C, 3OLF-B-A, 3OLF-D-C, 3OMK-B-A, 3OMK-D-C, 3OMM-B-A, 3OMM-D-C, 3OOF-B-A, 3OOF-D-C, 3OOK-B-A, 3OOK-D-C, 3P89-B-A, 3RUU-B-A, 4QE6-B-A, 5ICK-C-B, 5ICK-D-A, 5Q0I-B-A, 5Q0J-B-A, 5Q0J-D-C, 5Q0K-B-A, 5Q0L-B-A, 5Q0L-D-C, 5Q0M-B-A, 5Q0N-B-A, 5Q0N-D-C, 5Q0O-B-A, 5Q0O-D-C, 5Q0P-B-A, 5Q0P-D-C, 5Q0R-B-A, 5Q0S-B-A, 5Q0S-D-C, 5Q0T-B-A, 5Q0U-B-A, 5Q0U-D-C, 5Q0V-B-A, 5Q0V-D-C, 5Q0W-B-A, 5Q0X-B-A, 5Q0Y-B-A, 5Q0Y-D-C, 5Q0Z-B-A, 5Q0Z-D-C, 5Q10-B-A, 5Q11-B-A, 5Q12-B-A, 5Q13-B-A, 5Q13-D-C, 5Q14-B-A, 5Q14-D-C, 5Q15-B-A, 5Q15-D-C, 5Q16-B-A, 5Q16-D-C, 5Q17-B-A, 5Q18-B-A, 5Q18-D-C, 5Q19-B-A, 5Q19-D-C, 5Q1A-B-A, 5Q1A-D-C, 5Q1B-B-A, 5Q1B-D-C, 5Q1C-B-A, 5Q1C-D-C, 5Q1D-B-A, 5Q1D-D-C, 5Q1E-B-A, 5Q1F-B-A, 5Q1F-D-C, 5Q1G-B-A, 5Q1H-B-A, 5Q1H-D-C, 5Q1H-F-E, 5Q1H-H-G, 5Q1I-B-A, 5Y1J-U-A, 5Y44-B-A, 5Y49-D-A, 5Y49-E-B, 5YXL-B-A, 5YXL-D-C, 6A5Y-B-A, 6HL0-B-A, 6HL1-B-A, 6ITM-B-A, 6ITM-D-C
B60	12	2JM6-A-B, 2KBW-B-A, 2ROC-B-A, 2ROD-B-A, 3D7V-B-A, 3KZ0-C-A, 3KZ0-D-B, 5C6H-B-A, 5UUM-C-A, 5UUM-D-B, 6MBE-B-A, 6QFI-B-A
B600	1	5ZOO-A-G
B601	1	1KC4-B-A
B602	1	5ZYS-B-A
B603	1	6AE8-D-B
B604	1	6ITU-B-A
B605	1	1KL8-B-A
B606	1	6AU8-C-A
B607	1	1KY6-P-A
B608	1	1L2Z-B-A
B609	1	1L4W-B-A
B61	12	4AA1-P-A, 4AA2-P-A, 4APH-P-A, 4ASQ-P-A, 4ASR-P-A, 5AM8-P-A, 5AM8-Q-B, 5AM8-R-C, 5AM8-S-D, 5AMB-P-A, 5AMB-Q-B, 6QS1-F-B
B610	1	6B3X-B-A
B611	1	6B4E-D-B
B612	1	6B74-A-B
B613	1	6B77-A-B
B614	1	1LJZ-B-A
B615	1	6BGG-A-B
B616	1	6BGH-B-A
B617	1	1LVM-E-A
B618	1	1LXF-I-C
B619	1	1LXG-B-A
B62	12	5IGO-W-C, 5IGO-X-D, 5KWN-U-A, 6QTO-B-A, 6QTQ-B-A, 6QTR-B-A, 6QTS-B-A, 6QTT-B-A, 6QTU-B-A, 6QTV-B-A, 6QTW-B-A, 6QTX-B-A
B620	1	1LXH-B-A
B621	1	6KLR-B-A
B622	1	6BNH-B-A
B623	1	6C0A-B-A
B624	1	6C90-B-A
B625	1	6CDG-B-A
B626	1	1MTP-B-A
B627	1	1MV0-A-B
B628	1	1MZW-B-A
B629	1	6CTB-B-A
B63	12	2OT0-E-A, 2OT0-F-B, 2OT0-G-C, 2OT0-H-D, 2PC4-H-D, 3LGE-E-A, 3LGE-F-B, 3LGE-G-C, 3LGE-H-D, 4TR9-H-A, 4TR9-I-B, 4TR9-J-C
B630	1	1N12-D-C
B631	1	6LNM-F-E
B632	1	1N7F-C-A
B633	1	1N7F-D-B
B634	1	1NPQ-B-A
B635	1	1NVP-B-D
B636	1	6DSL-A-B
B637	1	1O9A-B-A
B638	1	1OBX-B-A
B639	1	6E83-A-B
B64	11	1BE9-B-A, 1TP3-B-A, 1TP5-B-A, 5HEB-B-A, 5HED-B-A, 5HEY-B-A, 5HF1-B-A, 5HFB-B-A, 5HFC-B-A, 5HFE-B-A, 5HFF-B-A
B640	1	1OC0-B-A
B641	1	1OJ5-B-A
B642	1	6EVM-C-A
B643	1	1OQP-B-A
B644	1	6EZI-B-A
B645	1	1OTR-A-B
B646	1	1OW6-D-A
B647	1	1OW6-F-C
B648	1	1OZS-B-A
B649	1	6F0Y-B-A
B65	11	5Y24-C-A, 5Y24-D-B, 5ZVW-B-A, 5ZW6-C-A, 5ZW6-D-B, 6HP5-C-B, 6HP5-D-A, 6IM4-C-B, 6IM4-D-A, 6JG9-C-A, 6JG9-D-B
B650	1	1P3Q-R-V
B651	1	6F55-B-A
B652	1	1P9D-S-U
B653	1	1PCX-B-A
B654	1	6FBK-P-A
B655	1	1PMX-B-A
B656	1	1PNB-A-B
B657	1	1PTS-P-B
B658	1	1PVC-0-4
B659	1	1Q0W-A-B
B66	11	2FP7-A-B, 2GGV-A-B, 2IJO-A-B, 2WHX-C-A, 3U1J-A-B, 4R8T-A-B, 5H4I-A-B, 5H6V-A-B, 5YOD-G-H, 5YOF-A-B, 5YVU-A-B
B660	1	6G04-B-A
B661	1	1Q5L-B-A
B662	1	1QFN-B-A
B663	1	6GB5-H-A
B664	1	6GBE-B-A
B665	1	6GD5-B-A
B666	1	6GHJ-B-A
B667	1	1QXA-B-A
B668	1	6GMZ-B-A
B669	1	1RDT-E-D
B67	11	1JJ2-1-R, 1S72-2-S, 1VQ7-2-S, 1VQ8-2-S, 1VQ9-2-S, 1VQK-2-S, 1VQL-2-S, 1VQO-2-S, 1VQP-2-S, 1YHQ-2-S, 3CC2-2-S
B670	1	1RTF-A-B
B671	1	1RXZ-B-A
B672	1	1S2K-B-A
B673	1	6H9U-B-A
B674	1	1S5Q-A-B
B675	1	1S6C-B-A
B676	1	6HM4-B-A
B677	1	1SOZ-D-A
B678	1	1SOZ-E-B
B679	1	1SSH-B-A
B68	11	1NLN-B-A, 4PID-B-A, 4PIE-B-A, 4PIQ-B-A, 4PIS-B-A, 4WX4-C-A, 4WX6-B-A, 4WX6-D-C, 4WX7-B-A, 4WX7-D-C, 5FGY-B-A
B680	1	1SY9-B-A
B681	1	1T08-B-A
B682	1	1T0F-C-A
B683	1	6I6H-B-A
B684	1	6I7A-D-C
B685	1	6I7A-F-E
B686	1	1TFC-C-A
B687	1	1TFC-D-B
B688	1	6IGK-B-A
B689	1	6IY0-J-H
B69	11	5M5R-C-A, 5M5S-E-A, 5M5S-F-B, 5M5T-E-A, 5M5T-F-B, 5M5U-E-A, 5M5U-F-B, 5M5V-E-A, 5M5V-F-B, 5M61-E-A, 5M61-F-B
B690	1	6J56-D-B
B691	1	1TY4-D-B
B692	1	6J68-D-B
B693	1	1TZS-P-A
B694	1	1U00-P-A
B695	1	1U38-B-A
B696	1	1U3S-D-B
B697	1	6J8Y-D-C
B698	1	1U8T-F-B
B699	1	6JF6-E-C
B7	83	1M2Z-B-A, 1M2Z-E-D, 1T5Z-B-A, 1T63-B-A, 1T65-B-A, 1T73-B-A, 1T74-B-A, 1T76-B-A, 1T79-B-A, 1T7F-B-A, 1T7M-B-A, 1T7R-B-A, 1XOW-B-A, 2A3I-B-A, 2AO6-B-A, 2OVH-B-A, 2PKL-B-A, 2Q3Y-B-A, 2Q7I-B-A, 2Q7J-B-A, 2Q7K-B-A, 2Q7L-B-A, 2QPY-B-A, 3BQD-B-A, 3E7C-H-A, 3E7C-D-B, 3GN8-C-A, 3GN8-E-B, 3K22-H-A, 3K22-D-B, 3L3X-B-A, 3L3Z-B-A, 3MNE-B-A, 3MNO-B-A, 3MNP-B-A, 3V49-B-A, 3V4A-B-A, 4CSJ-B-A, 4E2J-C-A, 4E2J-E-B, 4LSJ-B-A, 4OAR-B-A, 4OEY-B-A, 4OEZ-B-A, 4OFR-B-A, 4OFU-B-A, 4OH5-B-A, 4OHA-B-A, 4OK1-B-A, 4OKT-B-A, 4OKW-B-A, 4OKX-B-A, 4P6W-B-A, 4P6X-B-A, 4P6X-F-E, 4P6X-J-I, 4P6X-L-K, 4UDA-B-A, 4UDB-B-A, 4UDC-B-A, 4UDD-B-A, 5CJ6-B-A, 5G3J-B-A, 5G5W-B-A, 5JJM-G-A, 5JJM-H-B, 5JJM-I-C, 5JJM-J-D, 5L7E-B-A, 5L7G-B-A, 5L7H-B-A, 5MWP-B-A, 5MWY-B-A, 5NFP-B-A, 5NFT-B-A, 6EL6-B-A, 6EL7-B-A, 6EL9-B-A, 6GEV-B-A, 6GG8-B-A, 6GGG-B-A, 6NWK-B-A, 6NWL-B-A
B70	10	1H24-E-B, 1H25-E-B, 1H26-E-B, 1H27-E-B, 2CCH-E-B, 2CCH-F-D, 3QHR-L-B, 3QHR-M-D, 3QHW-L-B, 3QHW-M-D
B700	1	6JFA-C-A
B701	1	1UEL-B-A
B702	1	6JLE-E-A
B703	1	5W2J-F-B
B704	1	1UK4-K-B
B705	1	1UPK-B-A
B706	1	1VF6-D-B
B707	1	1VJ6-B-A
B708	1	1W70-C-A
B709	1	1W9E-R-A
B71	10	1HXL-C-A, 1HXL-D-B, 1HXZ-C-A, 1HXZ-D-B, 1RST-P-B, 1RSU-P-B, 1SLG-M-B, 1SLG-P-D, 1VWA-M-B, 1VWA-P-D
B710	1	1WA7-B-A
B711	1	1WBP-B-A
B712	1	1WLP-A-B
B713	1	1X78-D-B
B714	1	1XOC-B-A
B715	1	1XR0-A-B
B716	1	1XRP-Q-A
B717	1	1YP1-B-A
B718	1	1YRN-A-B
B719	1	1YTI-I-A
B72	10	2NM1-B-A, 4KBB-C-A, 4KBB-D-B, 5VMR-C-A, 5VMR-D-B, 6G5F-P-B, 6G5G-P-B, 6G5K-C-A, 6G5K-D-B, 6QNS-S-A
B720	1	1YTV-M-A
B721	1	1YTV-N-B
B722	1	1YYP-B-A
B723	1	1Z9O-J-D
B724	1	1ZAV-U-A
B725	1	1ZAV-W-A
B726	1	1ZAV-X-A
B727	1	1ZAV-Y-A
B728	1	1ZAV-Z-A
B729	1	1ZAW-Y-A
B73	10	1SKG-B-A, 1TG4-I-A, 1TJ9-B-A, 1TJK-I-A, 1TK4-B-A, 2GNS-P-A, 2PB8-P-A, 3FG5-C-A, 4FGA-P-A, 4GLD-B-A
B730	1	1ZAX-V-A
B731	1	1ZAX-X-A
B732	1	1ZAX-Y-A
B733	1	1ZAX-Z-A
B734	1	1ZB5-B-A
B735	1	1ZB5-C-A
B736	1	1ZBC-C-A
B737	1	1ZDU-Q-A
B738	1	1ZGX-B-A
B739	1	1ZSG-B-A
B74	10	1YY6-B-A, 2FOJ-B-A, 2FOO-B-A, 2FOP-B-A, 2XXN-B-A, 3MQR-B-A, 3MQS-D-C, 4JJQ-B-A, 4KG9-B-A, 4YSI-B-A
B740	1	1ZUB-B-A
B741	1	1ZY3-B-A
B742	1	2A0T-B-A
B743	1	2A4J-B-A
B744	1	6JUE-A-L
B745	1	6JWJ-C-A
B746	1	2AGH-C-B
B747	1	2AIN-B-A
B748	1	6JXW-B-A
B749	1	2ASQ-B-A
B75	10	3DIW-C-A, 3DIW-D-B, 3SFJ-B-A, 3SFJ-D-C, 4E3B-C-A, 4E3B-D-B, 4NNL-C-A, 4NNL-D-B, 4NNM-C-A, 4NNM-D-B
B750	1	2ASU-A-B
B751	1	2AWU-C-B
B752	1	2AWW-C-A
B753	1	6KZJ-B-A
B754	1	6KZJ-C-A
B755	1	2B1J-C-A
B756	1	2B1N-B-A
B757	1	6L0W-D-C
B758	1	2B3G-B-A
B759	1	2B6N-B-A
B76	10	3IPQ-B-A, 3IPS-C-A, 3IPS-D-B, 3IPU-C-A, 3IPU-D-B, 3L0E-B-A, 4DK7-B-A, 4DK7-D-C, 5HJS-C-A, 5HJS-D-B
B760	1	2BBA-P-A
B761	1	2BBM-B-A
B762	1	2BBN-B-A
B763	1	2BEZ-F-C
B764	1	6MHE-C-A
B765	1	6MHF-C-A
B766	1	2BP3-S-B
B767	1	6ML1-G-A
B768	1	2BUG-B-A
B769	1	6MS1-D-A
B77	9	1X2R-B-A, 2DYH-B-A, 2FLU-P-X, 2Z32-B-A, 4IFL-P-X, 5WFV-P-A, 5WG1-P-A, 5X54-C-A, 5X54-D-B
B770	1	6MUE-B-A
B771	1	6NID-E-A
B772	1	6NJG-B-C
B773	1	6NJZ-D-B
B774	1	2CVY-B-A
B775	1	2CZY-B-A
B776	1	2D7D-B-A
B777	1	2DEN-A-B
B778	1	2DT7-A-B
B779	1	2DYO-B-A
B78	9	1FZC-G-C, 1FZC-H-F, 1FZG-S-C, 1FZG-T-F, 1RE3-G-C, 1RE3-H-F, 2FIB-B-A, 2OYH-G-C, 2OYH-I-F
B780	1	6OP8-B-A
B781	1	2E30-B-A
B782	1	2E4H-B-A
B783	1	2EGN-B-A
B784	1	2EJY-B-A
B785	1	2F49-C-A
B786	1	2FF4-F-B
B787	1	2FFF-A-B
B788	1	2FLK-B-A
B789	1	2FOM-A-B
B79	9	5YD3-B-A, 5YD3-D-C, 5YD3-F-E, 5YD3-H-G, 5YD4-B-A, 5YD4-D-C, 5YD4-F-E, 5YD4-H-G, 5YD5-D-C
B790	1	2FOT-C-A
B791	1	6Q0U-D-B
B792	1	2G30-P-A
B793	1	2G30-S-A
B794	1	2G3Q-A-B
B795	1	6QZR-P-D
B796	1	2GPO-C-A
B797	1	2GS0-B-A
B798	1	6R7W-B-A
B799	1	6RH6-B-A
B8	80	1RJK-C-A, 1RK3-C-A, 1RKG-C-A, 1RKH-C-A, 2HC4-B-A, 2O4J-C-A, 2O4R-C-A, 2ZFX-C-A, 2ZL9-C-A, 2ZLA-C-A, 2ZLC-C-A, 2ZMH-C-A, 2ZMI-C-A, 2ZMJ-C-A, 2ZXN-C-A, 3A2H-B-A, 3AFR-C-A, 3AUN-B-A, 3O1D-B-A, 3O1E-B-A, 3VJS-C-A, 3VJT-C-A, 3VRT-C-A, 3VRU-C-A, 3VRV-C-A, 3VRW-C-A, 3VT3-C-A, 3VT4-C-A, 3VT5-C-A, 3VT6-C-A, 3VT7-C-A, 3VT8-C-A, 3VT9-C-A, 3VTB-B-A, 3VTC-B-A, 3W0G-C-A, 3W0H-C-A, 3W0I-C-A, 3W0J-C-A, 3W5P-C-A, 3W5Q-C-A, 3W5R-C-A, 3W5T-C-A, 3WT5-C-A, 3WT6-C-A, 3WT7-C-A, 3WTQ-C-A, 4FHH-B-A, 4FHI-B-A, 4G1Z-B-A, 4G2H-B-A, 4IA1-B-A, 4Q0A-D-C, 4RUJ-B-A, 4YNK-C-A, 5AWJ-C-A, 5B41-C-A, 5B5B-C-A, 5B5B-F-D, 5E7V-B-A, 5GIC-C-A, 5GID-C-A, 5LGA-B-A, 5NKY-B-A, 5OW7-B-A, 5OW9-B-A, 5OWD-B-A, 5XPL-C-A, 5XPM-C-A, 5XPN-C-A, 5XPO-C-A, 5XZF-C-A, 5XZH-C-A, 5ZWF-C-A, 5ZWH-C-A, 5ZWI-C-A, 6FO8-B-1, 6FOD-B-A, 6JEZ-C-A, 6K5O-C-A
B80	9	2XYI-B-A, 2YB8-A-B, 3CFS-E-B, 4PBY-D-B, 4PBZ-B-A, 4PC0-C-A, 4PC0-D-B, 5WJC-B-A, 6S1R-B-A
B800	1	2H4J-D-A
B801	1	6RR0-N-G
B802	1	5XIU-A-B
B803	1	5XJL-M-2
B804	1	6S0Y-D-B
B805	1	2HPL-B-A
B806	1	6S3F-B-A
B807	1	6S3W-B-A
B808	1	2HT9-X-A
B809	1	2I0L-C-A
B81	9	1NU8-D-B, 1R9N-E-A, 1R9N-F-B, 1R9N-G-C, 1R9N-H-D, 1WCY-C-A, 1WCY-D-B, 2BGR-Y-A, 2BGR-Z-B
B810	1	2I3S-D-C
B811	1	2I94-B-A
B812	1	6SH9-E-B
B813	1	6SLG-B-A
B814	1	2IIJ-B-A
B815	1	6SPZ-Q-A
B816	1	5XOD-B-A
B817	1	6T2E-B-A
B818	1	2IQ6-B-A
B819	1	2IWB-B-A
B82	9	1Q4K-E-B, 1Q4K-F-C, 1UMW-F-B, 3BZI-E-A, 3P37-F-C, 4O56-B-A, 5DMS-B-A, 5DMV-D-C, 5J19-D-A
B820	1	6TOF-B-A
B821	1	6TOG-B-A
B822	1	6TOO-B-A
B823	1	6TWX-D-A
B824	1	2JAM-D-A
B825	1	2JAM-E-B
B826	1	2JBY-B-A
B827	1	6TYX-C-A
B828	1	6TYX-D-B
B829	1	2JF1-T-A
B83	9	4XO9-B-A, 4XOD-B-A, 4XOE-B-A, 5JQI-G-H, 5JQI-A-B, 5JQI-C-D, 5JQI-E-F, 6GTV-D-C, 6GU0-B-A
B830	1	5XOJ-E-C
B831	1	5XOJ-F-C
B832	1	2JKG-P-A
B833	1	2JLD-E-A
B834	1	2JMA-B-A
B835	1	2JNW-B-A
B836	1	2JOA-B-A
B837	1	2JOD-B-A
B838	1	2JQL-B-A
B839	1	2JW1-B-A
B84	9	2VM6-B-A, 2VOG-B-A, 2VOH-B-A, 2VOI-B-A, 3I1H-B-A, 3MQP-B-A, 4ZEQ-B-A, 5UUK-B-A, 6MBC-B-A
B840	1	2JXC-B-A
B841	1	2K20-B-A
B842	1	2K2I-B-A
B843	1	2K2R-B-A
B844	1	2K2U-B-A
B845	1	2K3W-B-A
B846	1	2K42-B-A
B847	1	2K7L-B-A
B848	1	2K8F-B-A
B849	1	2K9U-B-A
B85	9	6PJ4-B-A, 6PJ5-B-A, 6PJ7-B-A, 6PJ8-B-A, 6PJ9-B-A, 6PJP-B-A, 6PJQ-B-A, 6PJR-B-A, 6PJU-B-A
B850	1	2KA9-B-A
B851	1	2KA9-C-A
B852	1	2KBR-B-A
B853	1	2KBS-B-A
B854	1	2KC8-B-A
B855	1	2KE1-B-A
B856	1	2KFF-B-A
B857	1	2KFG-B-A
B858	1	2KFH-B-A
B859	1	2KGB-I-C
B86	9	2G47-C-A, 2G47-D-B, 2G49-C-A, 2G49-D-B, 2G54-C-A, 2G54-D-B, 2G56-C-A, 2G56-D-B, 3E4Z-D-B
B860	1	2KHW-A-B
B861	1	2KNE-B-A
B862	1	2KNH-B-A
B863	1	2KPL-B-A
B864	1	2KQS-B-A
B865	1	2KRB-B-A
B866	1	2KSP-B-A
B867	1	2KT5-B-A
B868	1	2KUP-B-A
B869	1	2KWF-B-A
B87	9	3KMR-C-A, 4DM6-E-A, 4DM6-F-B, 4DM8-C-A, 4DM8-D-B, 4JYG-F-B, 4JYI-F-B, 6SSQ-F-B, 6SSQ-G-A
B870	1	2KWK-B-A
B871	1	2KWU-A-B
B872	1	2KWV-A-B
B873	1	2KXC-B-A
B874	1	2KXH-B-A
B875	1	2KXQ-B-A
B876	1	2KYM-B-A
B877	1	2L0Y-B-A
B878	1	2L1R-B-A
B879	1	2L4T-B-A
B88	9	4WJO-B-A, 4WJQ-D-C, 6UYO-D-C, 6UYP-B-A, 6UYQ-B-A, 6UYR-B-A, 6UYZ-B-A, 6V7P-B-A, 6V7R-D-C
B880	1	2L6J-B-A
B881	1	2L8J-B-A
B882	1	8PCH-P-A
B883	1	2LAS-B-A
B884	1	2LCS-B-A
B885	1	2LE8-B-A
B886	1	2LEH-B-A
B887	1	2LGF-B-A
B888	1	2LGG-B-A
B889	1	2LI5-B-A
B89	9	2X0X-D-A, 2X0X-E-B, 2X0X-F-C, 2XAP-D-A, 2XAP-E-B, 2XAP-F-C, 2XO4-D-A, 2XO4-E-B, 2XO4-F-C
B890	1	2LKM-A-B
B891	1	2LL6-B-A
B892	1	2LL7-B-A
B893	1	2LLO-B-A
B894	1	2LOB-B-A
B895	1	2LOX-B-A
B896	1	2LP0-B-A
B897	1	2LPB-B-A
B898	1	2LQC-B-A
B899	1	2LR1-B-A
B9	68	1FM6-E-D, 1FM6-Y-X, 1FM9-E-D, 1K74-E-D, 1ZGY-B-A, 2FVJ-B-A, 2GTK-B-A, 2HFP-B-A, 2NPA-B-A, 2NPA-D-C, 2P54-B-A, 3B1M-B-A, 3CS8-B-A, 3CWD-C-A, 3CWD-D-B, 3ET1-P-A, 3ET3-P-A, 3FEI-Z-A, 3FEJ-B-A, 3FUR-H-A, 3G8I-Z-A, 3G9E-B-A, 3H0A-E-D, 3KMG-B-A, 3KMG-E-D, 3LMP-C-A, 3QT0-C-A, 3SP6-B-A, 3T03-C-A, 3T03-D-B, 3U9Q-B-A, 3V9T-C-A, 3V9V-C-A, 3V9Y-B-A, 3VN2-C-A, 4F9M-C-A, 4HEE-Y-X, 4Y29-B-A, 5DVC-B-A, 5DWL-B-A, 5GTN-B-A, 5GTO-B-A, 5GTP-B-A, 5JI0-E-D, 5TWO-B-A, 5YCN-B-A, 5YCP-B-A, 5Z5S-C-A, 5Z6S-C-A, 6AD9-B-A, 6D94-B-A, 6FZF-C-A, 6FZF-D-B, 6FZJ-C-A, 6FZJ-D-B, 6FZP-C-A, 6ICJ-B-A, 6IJS-B-A, 6ILQ-B-A, 6IZM-C-A, 6IZN-C-A, 6K0T-B-A, 6K0T-D-C, 6MS7-B-A, 6ONI-D-B, 6ONJ-C-A, 6PDZ-C-B, 6PDZ-D-A
B90	8	5TP1-P-A, 5TP1-Q-B, 5TP1-R-C, 5TP1-S-D, 5WY2-B-A, 5WY2-D-C, 6E8R-C-A, 6E8R-D-B
B900	1	2LSI-B-A
B901	1	2LSJ-B-A
B902	1	2LSR-B-A
B903	1	2LSV-B-A
B904	1	2LXS-B-A
B905	1	2LXT-B-A
B906	1	2LY4-B-A
B907	1	2LYD-B-A
B908	1	2M04-B-A
B909	1	2M0J-B-A
B91	8	1M7E-E-B, 1M7E-F-C, 1NTV-B-A, 1NU2-B-A, 1OQN-C-A, 1OQN-D-B, 6O5O-C-A, 6O5O-D-B
B910	1	2M0K-B-A
B911	1	2M0V-B-A
B912	1	2M14-B-A
B913	1	2M41-A-B
B914	1	2M8S-B-A
B915	1	2MBB-A-B
B916	1	2MBH-B-A
B917	1	2MES-B-A
B918	1	2MG5-B-A
B919	1	2MHO-B-A
B92	8	2QXV-B-A, 5GSA-C-A, 5H17-B-A, 5H19-B-A, 5U5T-C-A, 5U5T-D-B, 5U62-C-A, 5WUK-B-A
B920	1	2MJF-A-B
B921	1	2MKC-C-A
B922	1	2MKR-B-A
B923	1	2MNJ-A-B
B924	1	2MNU-B-A
B925	1	2MOW-B-A
B926	1	2MPS-B-A
B927	1	2MRO-B-A
B928	1	2MSR-A-B
B929	1	2MWN-A-B
B93	8	5M5R-D-A, 5M5S-H-B, 5M5T-I-A, 5M5T-J-B, 5M5V-I-A, 5M5V-J-B, 5M61-H-B, 6QNN-B-A
B930	1	2MWY-B-A
B931	1	5XYF-B-A
B932	1	2MY2-B-A
B933	1	2MZD-B-A
B934	1	2MZP-I-C
B935	1	2N01-A-B
B936	1	2N0Y-B-A
B937	1	2N13-D-C
B938	1	2N1G-B-A
B939	1	2N23-B-A
B94	8	3BZL-A-C, 3BZL-B-D, 3BZO-A-B, 3BZV-A-B, 3BZX-A-B, 3BZY-A-B, 3BZZ-A-B, 3C00-A-B
B940	1	2N2H-A-B
B941	1	2N3A-A-B
B942	1	2N3K-B-A
B943	1	2N4Q-A-B
B944	1	2N55-B-A
B945	1	2N77-B-A
B946	1	2N9X-B-A
B947	1	2NCZ-B-A
B948	1	2ND0-B-A
B949	1	2ND1-B-A
B95	8	3N55-B-A, 3NJF-B-A, 3NJF-D-C, 3NJG-B-A, 3NJI-B-A, 3NJJ-B-A, 3NJN-B-A, 3NJN-D-C
B950	1	2NNU-B-A
B951	1	2L27-B-A
B952	1	2O9V-B-A
B953	1	6Q0N-D-B
B954	1	2OFQ-B-A
B955	1	2OOB-A-B
B956	1	2OQS-B-A
B957	1	2ORZ-B-A
B958	1	2OS6-B-A
B959	1	2OVR-C-B
B96	8	3RO2-B-A, 3RO3-B-A, 4A1S-C-A, 4A1S-E-B, 4G2V-B-A, 4WND-B-A, 4WNE-B-A, 4WNG-B-A
B960	1	2A7U-A-B
B961	1	2P58-A-C
B962	1	2P58-B-C
B963	1	2PCU-B-A
B964	1	2PDZ-B-A
B965	1	2PHG-B-A
B966	1	2PIE-F-A
B967	1	2PKU-B-A
B968	1	2PQ4-B-A
B969	1	2PQN-B-A
B97	8	3SRI-B-A, 3SRJ-C-A, 3SRJ-E-B, 3ZWZ-B-A, 4Z09-C-A, 4Z0D-C-A, 5NQF-B-A, 6N7Q-C-A
B970	1	2PUY-E-B
B971	1	2PV1-B-A
B972	1	2PVF-B-A
B973	1	2Q5Y-B-A
B974	1	2QIY-D-B
B975	1	2QN6-C-A
B976	1	2QOS-A-C
B977	1	2QT5-Y-B
B978	1	5Y9W-C-B
B979	1	2R3Y-E-B
B98	8	3WOO-C-A, 3WOO-D-B, 3WOP-C-A, 3WOP-D-B, 3WOQ-C-A, 3WOQ-D-B, 3WOR-C-A, 3WOR-D-B
B980	1	2R3Y-F-C
B981	1	2R9Q-Y-B
B982	1	5YCA-C-A
B983	1	2RL0-E-D
B984	1	5XYF-C-A
B985	1	2ROL-B-A
B986	1	2ROZ-A-B
B987	1	2RPQ-B-A
B988	1	2RQG-A-B
B989	1	2RQH-A-B
B99	8	3ZRK-X-A, 3ZRK-Y-B, 3ZRL-X-A, 3ZRL-Y-B, 3ZRM-X-A, 3ZRM-Y-B, 4AFJ-X-A, 4AFJ-Y-B
B990	1	2RQU-B-A
B991	1	2RQW-B-A
B992	1	2RR3-B-A
B993	1	2V1R-P-B
B994	1	2V1R-Q-A
B995	1	2V1R-R-A
B996	1	2V1S-N-F
B997	1	2V2F-A-F
B998	1	2V3Y-B-A
B999	1	2V5F-X-A
