I0	659	1A1M-C-A, 1A1N-C-A, 1A1O-C-A, 1A9E-C-A, 1AGB-C-A, 1AGC-C-A, 1AGD-C-A, 1AGE-C-A, 1AGF-C-A, 1B0G-C-A, 1B0G-F-D, 1BII-P-A, 1DUY-C-A, 1DUY-F-D, 1DUZ-C-A, 1DUZ-F-D, 1E27-C-A, 1EEY-C-A, 1EEY-F-D, 1EEZ-C-A, 1EEZ-F-D, 1FZJ-P-A, 1FZK-P-A, 1FZM-P-A, 1FZO-P-A, 1G7P-P-A, 1G7Q-P-A, 1HHI-C-A, 1HHI-F-D, 1HHJ-C-A, 1HHJ-F-D, 1HHK-C-A, 1HHK-F-D, 1HOC-C-A, 1HSA-C-A, 1HSA-F-D, 1HSB-C-A, 1I1Y-C-A, 1I1Y-F-D, 1I4F-C-A, 1I7R-C-A, 1I7R-F-D, 1I7U-C-A, 1I7U-F-D, 1IM3-C-A, 1IM3-G-E, 1IM3-K-I, 1IM3-O-M, 1INQ-C-A, 1JF1-C-A, 1JGD-C-A, 1JGE-C-A, 1JHT-C-A, 1JPF-C-A, 1JPG-C-A, 1JUF-C-A, 1K5N-C-A, 1K8D-P-A, 1KJ3-P-H, 1KJ3-Q-I, 1KJM-P-A, 1KJV-P-A, 1KPU-P-A, 1KPV-P-A, 1LD9-C-A, 1LD9-F-D, 1LEG-P-A, 1LEK-P-A, 1LK2-P-A, 1M05-E-A, 1M05-F-C, 1M6O-C-A, 1N2R-C-A, 1NAN-M-H, 1NAN-Q-L, 1OF2-C-A, 1OGT-C-A, 1OSZ-C-A, 1QEW-C-A, 1QO3-P-A, 1QR1-C-A, 1QR1-F-D, 1QVO-C-A, 1QVO-F-D, 1RJY-P-A, 1RJY-Q-D, 1RK1-P-A, 1S7Q-C-A, 1S7S-C-A, 1S7T-C-A, 1S7T-F-D, 1S7U-C-A, 1S7U-F-D, 1S7U-I-G, 1S7U-L-J, 1S7V-C-A, 1S7V-F-D, 1S7W-F-D, 1S7W-I-G, 1S7W-L-J, 1S7X-F-D, 1S7X-I-G, 1S7X-L-J, 1S8D-C-A, 1S9W-C-A, 1S9X-C-A, 1S9Y-C-A, 1SYS-C-A, 1SYV-C-A, 1T0M-P-A, 1T0M-Q-D, 1T0N-P-A, 1T0N-Q-D, 1T1W-C-A, 1T1X-C-A, 1T1Y-C-A, 1T1Z-C-A, 1T20-C-A, 1T21-C-A, 1T22-C-A, 1TMC-C-A, 1TVB-C-A, 1TVB-F-D, 1TVH-C-A, 1TVH-F-D, 1UXS-C-A, 1UXW-C-A, 1VAC-P-A, 1VAD-P-A, 1VGK-C-A, 1W0V-C-A, 1W0W-C-A, 1WBX-C-A, 1WBY-C-A, 1WBZ-P-A, 1WBZ-Q-C, 1X7Q-C-A, 1XH3-C-A, 1XR8-C-A, 1XR9-C-A, 1YDP-P-A, 1YN6-C-A, 1YN7-C-A, 1ZHK-C-A, 1ZHL-C-A, 1ZSD-C-A, 1ZT1-P-A, 2A83-C-A, 2AV1-C-A, 2AV1-F-D, 2AV7-C-A, 2AV7-F-D, 2AXF-C-A, 2AXG-C-A, 2BSR-C-A, 2BSS-C-A, 2BST-C-A, 2BVO-C-A, 2BVP-C-A, 2BVQ-C-A, 2C7U-C-A, 2C7U-F-D, 2CIK-C-A, 2CLR-C-A, 2CLR-F-D, 2CLV-C-A, 2CLV-M-H, 2CLZ-C-A, 2CLZ-M-H, 2DYP-C-A, 2FYY-C-A, 2FZ3-C-A, 2GIT-C-A, 2GIT-F-D, 2GT9-C-A, 2GT9-F-D, 2GTW-C-A, 2GTW-F-D, 2GTZ-C-A, 2GTZ-F-D, 2GUO-C-A, 2GUO-F-D, 2H6P-C-A, 2HJK-C-A, 2HJL-C-A, 2HN7-C-A, 2MHA-E-A, 2MHA-F-C, 2NW3-C-A, 2RFX-C-A, 2V2W-C-A, 2V2W-F-D, 2V2X-C-A, 2V2X-F-D, 2VAA-P-A, 2VAB-P-A, 2VLL-C-A, 2VLL-F-D, 2X4O-C-A, 2X4O-F-D, 2X4R-C-A, 2X4R-F-D, 2X4U-C-A, 2X4U-F-D, 2XFX-C-A, 2YPK-C-A, 3BO8-C-A, 3BP4-C-A, 3BP7-C-A, 3BW9-C-A, 3BWA-C-A, 3BXN-C-A, 3BZE-P-A, 3BZE-R-E, 3BZF-P-A, 3BZF-Q-C, 3C9N-C-A, 3CC5-C-A, 3CC5-F-D, 3CH1-C-A, 3CH1-F-D, 3CH1-I-G, 3CH1-L-J, 3CPL-E-A, 3CPL-F-C, 3CZF-C-A, 3D18-C-A, 3D25-C-A, 3DX6-C-A, 3DX7-C-A, 3DX8-C-A, 3E6F-P-A, 3E6H-P-A, 3ECB-P-A, 3ERY-P-A, 3ERY-Q-B, 3FOL-P-A, 3FOM-P-A, 3FON-P-A, 3FON-E-C, 3FQT-C-A, 3FQW-C-A, 3FT3-P-A, 3FT4-P-A, 3GIV-C-A, 3GIV-F-D, 3GSO-P-A, 3GSQ-P-A, 3GSR-P-A, 3GSU-P-A, 3GSV-P-A, 3GSW-P-A, 3GSX-P-A, 3H7B-C-A, 3H7B-F-D, 3H9H-C-A, 3H9H-F-D, 3HPJ-C-A, 3HPJ-F-D, 3I6L-F-D, 3IXA-C-A, 3IXA-F-D, 3KLA-C-A, 3KPL-C-A, 3KPM-C-A, 3KPN-C-A, 3KPO-C-A, 3KPP-C-A, 3KPQ-C-A, 3KYN-P-A, 3KYO-P-A, 3KYO-Q-C, 3L3D-C-A, 3L3G-C-A, 3L3I-C-A, 3L3J-C-A, 3LKN-C-A, 3LKO-C-A, 3LKP-C-A, 3LKQ-C-A, 3LKR-C-A, 3LKS-C-A, 3LN4-C-A, 3LN5-C-A, 3LV3-C-A, 3MGO-F-D, 3MGO-I-G, 3MGO-L-J, 3MGT-F-D, 3MGT-I-G, 3MGT-L-J, 3MR9-P-A, 3MRB-P-A, 3MRC-P-A, 3MRD-P-A, 3MRE-P-A, 3MRF-P-A, 3MRG-P-A, 3MRH-P-A, 3MRI-P-A, 3MRJ-P-A, 3MRK-P-A, 3MRL-P-A, 3MRM-P-A, 3MRN-P-A, 3MRO-P-A, 3MRP-P-A, 3MRQ-P-A, 3MRR-P-A, 3MYJ-C-A, 3MYJ-F-D, 3NFN-C-A, 3OXR-C-A, 3OXS-C-A, 3P4M-C-D, 3P4M-F-A, 3P4N-C-D, 3P4N-F-A, 3P4O-C-D, 3P4O-F-A, 3P9L-C-D, 3P9L-F-A, 3P9M-C-D, 3P9M-F-A, 3PAB-C-D, 3PAB-F-A, 3PWJ-C-A, 3PWJ-F-D, 3PWL-C-A, 3PWL-F-D, 3PWN-C-A, 3PWN-F-D, 3PWU-C-A, 3QFD-C-A, 3QFD-F-D, 3QQ4-C-A, 3QUK-C-A, 3QUK-F-D, 3QUL-C-A, 3QUL-F-D, 3QUL-I-G, 3QUL-L-J, 3RL1-C-A, 3RL2-C-A, 3ROO-E-A, 3ROO-F-C, 3RWC-C-A, 3RWC-F-D, 3RWE-C-A, 3RWG-C-A, 3RWI-C-A, 3SKM-C-A, 3SKO-C-A, 3SPV-C-A, 3TBS-C-A, 3TBS-F-D, 3TBT-C-A, 3TBT-F-D, 3TBT-I-G, 3TBT-L-J, 3TBV-I-A, 3TBV-J-C, 3TBV-K-E, 3TBV-L-G, 3TBW-I-A, 3TBW-J-C, 3TBW-K-E, 3TBW-L-G, 3TBY-C-A, 3TBY-F-D, 3TBY-I-G, 3TBY-L-J, 3TID-C-A, 3TIE-C-A, 3TIE-F-D, 3UPR-P-A, 3UPR-Q-C, 3UTQ-C-A, 3V5D-F-D, 3V5H-F-D, 3V5K-C-A, 3V5K-F-D, 3VCL-C-A, 3VFM-C-A, 3VFN-C-A, 3VFO-C-A, 3VFP-C-A, 3VFR-C-A, 3VFS-C-A, 3VFT-C-A, 3VFU-C-A, 3VFV-C-A, 3VFW-C-A, 3VJ6-P-A, 3VRI-C-A, 3VRJ-C-A, 3VXN-C-A, 3VXP-C-A, 3VXP-F-D, 3WL9-C-A, 3WLB-C-A, 3WS3-E-A, 3WS3-F-C, 3WS6-E-A, 3WS6-F-B, 3X11-C-A, 3X12-C-A, 3X13-C-A, 3X14-C-A, 4E5X-C-A, 4E5X-F-D, 4F7M-C-A, 4F7M-F-D, 4F7P-C-A, 4F7T-C-A, 4F7T-F-D, 4G8I-C-A, 4G9D-C-A, 4GKS-C-A, 4GKS-F-D, 4HS3-C-A, 4HUU-C-A, 4HUU-F-D, 4HUV-C-A, 4HUV-F-D, 4HUX-C-A, 4HV8-E-A, 4HV8-F-C, 4HWZ-C-A, 4HX1-C-A, 4I4W-C-A, 4JFO-C-A, 4JFO-F-D, 4JFP-C-A, 4JFP-F-D, 4JFQ-C-A, 4JFQ-F-D, 4JQV-B-A, 4JQX-B-A, 4K7F-C-A, 4K7F-F-D, 4L8B-C-A, 4L8D-E-A, 4L8D-F-C, 4LCY-C-A, 4LCY-J-F, 4LNR-C-A, 4MJ5-C-A, 4NNY-C-A, 4NO5-C-A, 4NQV-M-A, 4NQV-N-C, 4NQV-Q-I, 4NQV-R-K, 4NQX-M-A, 4NQX-N-C, 4NQX-Q-I, 4NQX-R-K, 4NT6-C-A, 4O2C-C-A, 4O2E-C-A, 4O2E-F-D, 4O2F-C-A, 4O2F-F-D, 4PG9-C-A, 4PGE-C-A, 4PR5-C-A, 4PRA-C-A, 4PRB-C-A, 4PRD-C-A, 4PRE-C-A, 4PRN-C-A, 4QRQ-C-A, 4QRS-C-A, 4QRT-C-A, 4QRU-C-A, 4U1H-C-A, 4U1I-C-A, 4U1J-C-A, 4U1K-C-A, 4U1K-F-D, 4U1L-C-A, 4U1L-F-D, 4U1M-C-A, 4U1N-C-A, 4U1S-C-A, 4U6Y-P-A, 4WDI-C-A, 4WDI-F-D, 4WU5-C-A, 4WU5-F-D, 4XXC-B-A, 4Z76-F-D, 4Z77-C-A, 4Z77-F-D, 4Z78-C-A, 4Z78-F-D, 4Z78-I-G, 4ZUU-C-A, 4ZUV-C-A, 4ZUV-F-D, 5C0D-C-A, 5C0E-C-A, 5C0G-C-A, 5C0I-C-A, 5C0J-C-A, 5D9S-C-A, 5DDH-C-A, 5DEG-C-A, 5E00-C-A, 5E8N-C-A, 5E8N-F-D, 5E8N-I-G, 5E8N-L-J, 5ENW-C-A, 5EO0-C-A, 5EO1-C-A, 5EOT-C-A, 5EU3-C-A, 5EU4-F-D, 5EU5-C-A, 5F1N-C-A, 5F7D-C-A, 5FA3-C-A, 5FA4-C-A, 5GR7-C-A, 5GRD-C-A, 5GRG-C-A, 5GSB-C-A, 5GSD-C-A, 5GSR-P-A, 5GSR-Q-C, 5GSV-C-A, 5GSX-F-D, 5H94-F-D, 5HGA-C-A, 5HGA-F-D, 5HGB-C-A, 5HGB-F-D, 5HGD-C-A, 5HGD-F-D, 5HGH-C-A, 5HHN-C-A, 5HHP-C-A, 5HHQ-C-A, 5IB1-C-A, 5IB2-C-A, 5IEK-C-A, 5IM7-E-A, 5IM7-F-C, 5IND-E-A, 5IND-F-C, 5J6H-F-A, 5JWD-C-A, 5JWE-P-A, 5JWE-Q-C, 5JWE-R-E, 5JWE-S-G, 5KD7-P-A, 5KD7-H-F, 5MEO-C-A, 5MEQ-C-A, 5MER-C-A, 5MER-F-D, 5MZM-C-A, 5MZM-F-D, 5N1Y-C-A, 5NMH-C-A, 5NMK-C-A, 5NPZ-C-A, 5NQ0-C-A, 5NQ1-C-A, 5NQ1-F-D, 5NQ2-C-A, 5NQ3-C-A, 5NQ3-F-D, 5SWQ-C-A, 5T6W-C-A, 5T6X-C-A, 5T6Y-C-A, 5T7G-P-A, 5T7G-Q-C, 5TRZ-P-A, 5TRZ-Q-C, 5TS1-P-A, 5TS1-Q-C, 5TS1-R-E, 5TS1-S-G, 5TXS-C-A, 5U98-C-A, 5U98-F-D, 5V5L-E-A, 5V5L-F-C, 5VCL-P-A, 5VGD-C-A, 5VUD-C-A, 5VUE-C-A, 5VUF-C-A, 5VVP-C-A, 5VWD-C-A, 5VWF-C-A, 5VWH-C-A, 5VWJ-C-A, 5W6A-E-A, 5W6A-F-C, 5WEU-P-A, 5WLI-C-A, 5WLI-F-D, 5WLI-I-G, 5WLI-L-J, 5WMN-E-A, 5WMN-F-C, 5WMO-C-A, 5WMQ-C-A, 5WMR-C-A, 5WSH-C-A, 5WWJ-E-A, 5WWJ-F-C, 5WXC-E-A, 5WXC-F-C, 5XMF-C-A, 5XOS-C-A, 5XS3-C-A, 5YLX-C-A, 6A6H-C-A, 6AMT-C-A, 6AMT-F-D, 6AT5-C-A, 6BXQ-A-B, 6D29-C-A, 6D2B-C-A, 6D2R-C-A, 6D2T-C-A, 6EI2-C-A, 6EWA-C-A, 6EWA-G-E, 6EWO-C-A, 6EWO-G-E, 6GB5-E-A, 6GB5-F-C, 6GB7-I-C, 6GB7-J-G, 6GB7-K-A, 6GB7-L-E, 6GH1-P-A, 6GH1-Z-G, 6GH4-P-A, 6GH4-Q-C, 6GH4-R-E, 6GH4-Y-G, 6ID4-T-E, 6ID4-U-A, 6ILC-C-A, 6MT3-B-A, 6MT4-C-A, 6MT5-C-A, 6MT6-B-A, 6MTL-C-A, 6Q3K-P-A
I1	369	1GWQ-C-A, 1GWQ-D-B, 1GWR-C-A, 1GWR-D-B, 1L2I-C-A, 1L2I-D-B, 1U3R-C-A, 1U3R-D-B, 1U3S-C-A, 1U3S-D-B, 1U9E-C-A, 1U9E-D-B, 1X76-C-A, 1X76-D-B, 1X78-C-A, 1X78-D-B, 1X7B-C-A, 1X7B-D-B, 1X7J-C-A, 1X7J-D-B, 1X7R-B-A, 1YYE-C-A, 1YYE-D-B, 1ZAF-C-A, 1ZAF-D-B, 1ZKY-C-A, 1ZKY-D-B, 2B1V-C-A, 2B1V-D-B, 2B1Z-C-A, 2B1Z-D-B, 2B23-C-A, 2B23-D-B, 2FAI-C-A, 2FAI-D-B, 2G5O-C-A, 2G5O-D-B, 2J7X-B-A, 2J7Y-B-A, 2JF9-Q-B, 2NV7-C-A, 2NV7-D-B, 2P15-C-A, 2P15-D-B, 2QA8-C-A, 2QA8-D-B, 2QAB-C-A, 2QAB-D-B, 2QGT-C-A, 2QGT-D-B, 2QGW-C-A, 2QGW-D-B, 2QR9-C-A, 2QR9-D-B, 2QSE-C-A, 2QSE-D-B, 2QXM-C-A, 2QXM-D-B, 2QZO-C-A, 2QZO-D-B, 3ERD-C-A, 3ERD-D-B, 3HM1-C-A, 3HM1-D-B, 3L03-C-A, 3L03-D-B, 3OLL-C-A, 3OLL-D-B, 3OLS-C-A, 3OLS-D-B, 3OMO-C-A, 3OMO-D-B, 3OMP-C-A, 3OMP-D-B, 3OMQ-C-A, 3OMQ-D-B, 3Q95-C-A, 3Q95-D-B, 3UU7-F-A, 3UU7-G-B, 3UUA-F-A, 3UUA-G-B, 3UUD-C-A, 3UUD-D-B, 4DMA-E-A, 4DMA-F-B, 4IU7-C-A, 4IU7-D-B, 4IUI-C-A, 4IUI-D-B, 4IV2-C-A, 4IV2-D-B, 4IV4-C-A, 4IV4-D-B, 4IVW-C-A, 4IVW-D-B, 4IVY-C-A, 4IVY-D-B, 4IW6-C-A, 4IW6-D-B, 4IW8-C-A, 4IW8-D-B, 4IWC-C-A, 4IWC-D-B, 4IWF-C-A, 4IWF-D-B, 4J24-K-C, 4J24-I-A, 4J24-J-B, 4J24-L-D, 4J26-I-A, 4J26-J-B, 4MG5-C-A, 4MG5-D-B, 4MG6-C-A, 4MG6-D-B, 4MG7-C-A, 4MG7-D-B, 4MG8-C-A, 4MG8-D-B, 4MG9-F-A, 4MG9-G-B, 4MGA-C-A, 4MGA-D-B, 4MGB-C-A, 4MGB-D-B, 4MGC-F-A, 4MGC-G-B, 4MGD-F-A, 4MGD-G-B, 4PP6-C-A, 4PP6-D-B, 4PPS-C-A, 4PPS-D-B, 4PXM-C-A, 4PXM-D-B, 4Q13-C-A, 4Q13-D-B, 4TUZ-F-A, 4TUZ-G-B, 4TV1-C-A, 4TV1-D-B, 4ZI1-B-A, 4ZN7-C-B, 4ZN7-D-A, 4ZN9-C-A, 4ZN9-D-B, 4ZNH-C-A, 4ZNH-D-B, 4ZNS-C-A, 4ZNS-D-B, 4ZNT-C-A, 4ZNT-D-B, 4ZNU-C-A, 4ZNU-D-B, 4ZNV-C-B, 4ZNV-D-A, 4ZNW-C-A, 4ZNW-D-B, 5DI7-C-A, 5DI7-D-B, 5DID-C-A, 5DID-D-B, 5DIE-C-A, 5DIE-D-B, 5DIG-C-A, 5DIG-D-B, 5DK9-C-A, 5DK9-D-B, 5DKB-C-A, 5DKB-D-B, 5DKG-C-A, 5DKG-D-B, 5DL4-C-A, 5DL4-D-B, 5DLR-C-B, 5DLR-D-A, 5DMC-C-A, 5DMC-D-B, 5DMF-C-A, 5DMF-D-B, 5DP0-C-B, 5DP0-D-A, 5DRJ-C-A, 5DRJ-D-B, 5DRM-C-A, 5DRM-D-B, 5DTV-C-A, 5DTV-D-B, 5DU5-C-A, 5DU5-D-B, 5DUE-C-A, 5DUE-D-B, 5DUG-C-A, 5DUG-D-B, 5DUH-C-A, 5DUH-D-B, 5DVS-C-A, 5DVS-D-B, 5DWE-C-A, 5DWE-D-B, 5DWG-C-A, 5DWG-D-B, 5DWI-C-A, 5DWI-D-B, 5DWJ-C-A, 5DWJ-D-B, 5DXK-C-A, 5DXK-D-B, 5DXM-C-A, 5DXM-D-B, 5DXP-C-A, 5DXP-D-B, 5DXQ-C-A, 5DXQ-D-B, 5DXR-C-A, 5DXR-D-B, 5DY8-C-A, 5DY8-D-B, 5DYB-C-A, 5DYB-D-B, 5DYD-C-A, 5DYD-D-B, 5DZ0-C-A, 5DZ0-D-B, 5DZ1-C-A, 5DZ1-D-B, 5DZ3-C-A, 5DZ3-D-B, 5DZH-C-A, 5DZH-D-B, 5DZI-C-A, 5DZI-D-B, 5E0W-C-A, 5E0W-D-B, 5E0X-C-A, 5E0X-D-B, 5E14-C-A, 5E14-D-B, 5E15-C-A, 5E15-D-B, 5E19-C-B, 5E19-D-A, 5E1C-C-A, 5E1C-D-B, 5EHJ-C-B, 5EHJ-D-A, 5EI1-C-A, 5EI1-D-B, 5JMM-F-A, 5JMM-G-B, 5KCC-C-A, 5KCC-D-B, 5KCD-C-A, 5KCD-D-B, 5KCE-C-B, 5KCE-D-A, 5KCF-C-B, 5KCF-D-A, 5KCT-C-A, 5KCT-D-B, 5KCU-C-A, 5KCU-D-B, 5KCW-C-A, 5KCW-D-B, 5KD9-C-A, 5KD9-D-B, 5KR9-C-A, 5KR9-D-B, 5KRA-C-A, 5KRA-D-B, 5KRA-G-E, 5KRA-H-F, 5KRC-C-B, 5KRC-D-A, 5KRF-C-A, 5KRF-D-B, 5KRH-C-A, 5KRH-D-B, 5KRI-C-A, 5KRI-D-B, 5KRK-C-A, 5KRK-D-B, 5KRL-C-A, 5KRL-D-B, 5KRM-C-A, 5KRM-D-B, 5KRO-C-A, 5KRO-D-B, 5T1Z-C-A, 5T1Z-D-B, 5TLD-C-A, 5TLD-D-B, 5TLF-C-A, 5TLF-D-B, 5TLG-C-A, 5TLG-D-B, 5TLL-C-A, 5TLL-D-B, 5TLM-C-A, 5TLM-D-B, 5TLO-C-A, 5TLO-D-B, 5TLP-C-A, 5TLP-D-B, 5TLT-C-A, 5TLT-D-B, 5TLU-C-A, 5TLU-D-B, 5TLV-C-A, 5TLV-D-B, 5TLX-C-A, 5TLX-D-B, 5TLY-C-A, 5TLY-D-B, 5TM1-C-A, 5TM1-D-B, 5TM3-C-A, 5TM3-D-B, 5TM4-C-A, 5TM4-D-B, 5TM5-C-A, 5TM5-D-B, 5TM7-C-A, 5TM7-D-B, 5TM8-C-A, 5TM8-D-B, 5TM9-C-A, 5TM9-D-B, 5TML-C-A, 5TML-D-B, 5TMM-C-A, 5TMM-D-B, 5TMO-C-A, 5TMO-D-B, 5TMQ-C-A, 5TMQ-D-B, 5TMR-C-A, 5TMR-D-B, 5TMS-C-A, 5TMS-D-B, 5TMT-C-A, 5TMT-D-B, 5TMU-C-A, 5TMU-D-B, 5TMV-C-A, 5TMV-D-B, 5TMW-C-A, 5TMW-D-B, 5TMZ-C-A, 5TMZ-D-B, 5TN1-C-A, 5TN1-D-B, 5TN4-C-A, 5TN4-D-B, 5TN5-C-A, 5TN5-D-B, 5TN6-C-A, 5TN6-D-B, 5TN7-C-A, 5TN7-D-B, 5U2D-C-A, 5U2D-D-B, 6CBZ-C-A, 6CBZ-D-B, 6CZN-C-A, 6CZN-D-B, 6D0F-C-A, 6D0F-D-B
I10	39	1B05-B-A, 1B32-B-A, 1B3F-B-A, 1B3G-B-A, 1B3L-B-A, 1B3L-D-C, 1B40-B-A, 1B46-B-A, 1B4Z-B-A, 1B51-B-A, 1B52-B-A, 1B58-B-A, 1B5I-B-A, 1B5J-B-A, 1B9J-B-A, 1JET-B-A, 1JEU-B-A, 1JEV-B-A, 1OLA-B-A, 1OLC-B-A, 1QKA-B-A, 1QKB-B-A, 2OLB-B-A, 2Z23-B-A, 3TCG-I-A, 3TCG-J-B, 3TCG-K-C, 3TCG-L-D, 3TCG-M-E, 3TCG-N-F, 3TCG-O-G, 3TCG-P-H, 6DQQ-B-A, 6DQR-B-A, 6DQT-B-A, 6DQU-B-A, 6DTF-B-A, 6DTG-B-A, 6DTH-B-A
I100	8	5JHN-F-A, 5JHN-G-B, 5JIN-F-A, 5JIN-G-B, 5JJ0-F-A, 5JJ0-G-B, 5T0K-P-A, 5T0K-Q-B
I1000	1	2ZNL-B-A
I1001	1	2ZU0-D-B
I1002	1	3ABD-X-A
I1003	1	3ABD-Y-B
I1004	1	3AGY-F-B
I1005	1	3AL3-B-A
I1006	1	3AU4-B-A
I1007	1	3AYU-B-A
I1008	1	3B23-C-B
I1009	1	3BIN-B-A
I101	8	5EWZ-C-A, 5EXA-C-B, 5EXA-D-A, 5MHC-P-A, 5XY9-C-A, 5XY9-D-B, 6BCY-C-A, 6BCY-G-E
I1010	1	3BRD-D-A
I1011	1	3BRF-D-A
I1012	1	3BRH-C-A
I1013	1	3BRH-D-B
I1014	1	3BS4-B-A
I1015	1	3BT2-B-U
I1016	1	3BXM-I-A
I1017	1	3BZL-A-C
I1018	1	3BZL-B-D
I1019	1	3BZO-A-B
I102	8	5IGO-W-C, 5IGO-X-D, 5KWN-U-A, 6QTT-B-A, 6QTU-B-A, 6QTV-B-A, 6QTW-B-A, 6QTX-B-A
I1020	1	3BZV-A-B
I1021	1	3BZX-A-B
I1022	1	3BZY-A-B
I1023	1	3BZZ-A-B
I1024	1	3C00-A-B
I1025	1	3C0T-B-A
I1026	1	3C3Q-B-A
I1027	1	3C5I-E-C
I1028	1	3C9Q-L-A
I1029	1	3CC2-2-S
I103	8	5N4B-D-A, 5N4B-C-B, 5N4C-E-A, 5N4C-F-B, 5N4C-G-C, 5N4C-H-D, 5N4D-C-A, 5N4D-D-B
I1030	1	3CDW-H-A
I1031	1	3D3X-C-A
I1032	1	3D9O-Z-B
I1033	1	3DBO-A-B
I1034	1	3DD7-D-C
I1035	1	3DPC-C-B
I1036	1	3E0M-F-B
I1037	1	3E4Z-D-B
I1038	1	3EAR-B-A
I1039	1	3EU7-X-A
I104	8	5TP1-P-A, 5TP1-Q-B, 5TP1-R-C, 5TP1-S-D, 5WY2-B-A, 5WY2-D-C, 6E8R-C-A, 6E8R-D-B
I1040	1	3F2K-C-A
I1041	1	3F6K-N-A
I1042	1	3FMA-P-E
I1043	1	3FP7-J-E
I1044	1	3FY2-B-A
I1045	1	3G9W-D-A
I1046	1	3GDV-D-A
I1047	1	3GDV-E-B
I1048	1	3GDV-F-C
I1049	1	3GJO-G-C
I105	7	1FN8-B-A, 1FY4-B-A, 1FY5-B-A, 1GDN-B-A, 1GDU-B-A, 1PQ8-C-A, 1XVM-B-A
I1050	1	3GLU-B-A
I1051	1	3GME-D-A
I1052	1	3GV4-H-A
I1053	1	3GXV-C-A
I1054	1	3GZ1-P-B
I1055	1	3GZ1-Q-A
I1056	1	3H1Z-P-A
I1057	1	3HBU-Z-P
I1058	1	3HBV-Z-P
I1059	1	3HDA-Z-P
I106	7	1HAA-B-A, 1HAJ-B-A, 1HC9-C-A, 1HC9-D-B, 1L4W-B-A, 1LJZ-B-A, 1RGJ-B-A
I1060	1	3HDB-L-A
I1061	1	3HQU-S-A
I1062	1	3HRY-C-A
I1063	1	3HS9-P-A
I1064	1	3HTU-F-E
I1065	1	3I5R-B-A
I1066	1	3ICI-C-A
I1067	1	3IEC-E-A
I1068	1	3IEC-G-C
I1069	1	3IEC-H-D
I107	7	1G6G-E-A, 1G6G-F-B, 1J4P-B-A, 1J4Q-B-A, 2JQI-B-A, 5T2S-B-A, 5T2S-D-C
I1070	1	3IG6-A-B
I1071	1	3IUR-B-A
I1072	1	3IUR-C-A
I1073	1	3JRV-E-B
I1074	1	3K2U-B-A
I1075	1	3KL6-B-A
I1076	1	3KND-B-A
I1077	1	3L6X-B-A
I1078	1	3LAE-X-A
I1079	1	3LCA-Q-A
I108	7	1G3F-B-A, 1OXN-F-E, 1OXQ-F-E, 1TW6-C-A, 1TW6-D-B, 2I3H-C-A, 2I3H-D-B
I1080	1	3LCN-C-A
I1081	1	3LCN-D-B
I1082	1	3LU9-C-B
I1083	1	3M7U-B-A
I1084	1	3MMY-H-G
I1085	1	3MN7-S-A
I1086	1	3MPJ-Y-B
I1087	1	3NDD-B-A
I1088	1	3NGY-E-D
I1089	1	3O37-F-B
I109	7	2A25-B-A, 4X3G-C-A, 4X3G-D-B, 5WZZ-E-C, 5WZZ-F-B, 5WZZ-G-A, 5WZZ-H-D
I1090	1	3OFI-C-A
I1091	1	3OFI-D-B
I1092	1	3OIQ-B-A
I1093	1	3OUX-B-A
I1094	1	3P72-B-A
I1095	1	3P8F-I-A
I1096	1	3PLX-A-B
I1097	1	3POA-B-A
I1098	1	3PZD-B-A
I1099	1	3QHE-B-A
I11	38	3KYT-C-A, 3L0J-C-A, 4WPF-B-A, 4XT9-B-A, 5APH-C-A, 5APJ-C-A, 5G42-C-A, 5G44-C-A, 5G45-C-A, 5G46-C-A, 5NI5-C-A, 5NI7-C-A, 5NI8-C-A, 5NIB-C-A, 5NTW-Q-B, 5NTW-S-D, 5NU1-P-A, 5NU1-Q-B, 5X8Q-D-C, 5X8Q-H-G, 5X8U-B-A, 5X8W-B-A, 5YP6-B-A, 6E3G-C-A, 6E3G-D-B, 6ESN-C-A, 6FZU-P-A, 6FZU-Q-B, 6G05-P-A, 6G05-Q-B, 6G07-Q-B, 6G07-S-D, 6IVX-B-A, 6IVX-F-E, 6IVX-H-G, 6R7A-C-A, 6R7J-C-A, 6R7K-C-A
I110	7	2Q0N-B-A, 4FII-B-A, 4JDH-B-A, 4JDI-B-A, 4JDJ-B-A, 4JDK-B-A, 4XBU-B-A
I1100	1	3QIS-B-A
I1101	1	3QLC-C-A
I1102	1	3QLP-L-H
I1103	1	3QRX-B-A
I1104	1	3R0L-A-D
I1105	1	3R42-B-A
I1106	1	3RC0-P-A
I1107	1	3RO3-B-A
I1108	1	3ROF-B-A
I1109	1	3RQG-E-C
I111	7	2NM1-B-A, 5VMR-C-A, 5VMR-D-B, 6G5F-P-B, 6G5G-P-B, 6G5K-C-A, 6G5K-D-B
I1110	1	3S9C-B-A
I1111	1	3SGB-I-E
I1112	1	3SI5-Y-B
I1113	1	3SJ9-B-A
I1114	1	3SJH-B-A
I1115	1	3SJK-B-A
I1116	1	3SL9-F-E
I1117	1	3SL9-H-G
I1118	1	3SO6-Q-A
I1119	1	3SOV-Z-A
I112	7	2V51-E-D, 2V51-F-B, 2V52-M-B, 4B1V-M-A, 4B1V-N-B, 4B1W-M-B, 4B1X-M-B
I1120	1	3SRJ-D-A
I1121	1	3SRJ-F-B
I1122	1	3SSB-C-A
I1123	1	3SSB-D-B
I1124	1	3SXU-C-A
I1125	1	3T5X-B-A
I1126	1	3T98-A-B
I1127	1	3T98-C-B
I1128	1	3TG5-B-A
I1129	1	3TJV-B-A
I113	7	3CBP-B-A, 3M53-B-A, 3M54-B-A, 3M57-B-A, 4J7F-B-A, 4J83-B-A, 4J8O-B-A
I1130	1	3TPM-B-A
I1131	1	3TSZ-B-A
I1132	1	3TVJ-I-B
I1133	1	3TZ1-B-A
I1134	1	3U1J-A-B
I1135	1	3U28-B-A
I1136	1	3U3W-P-A
I1137	1	3U3W-Q-B
I1138	1	3U8X-B-A
I1139	1	3U8X-D-C
I114	7	3KMR-C-A, 4DM6-E-A, 4DM6-F-B, 4DM8-C-A, 4DM8-D-B, 4JYG-F-B, 4JYI-F-B
I1140	1	3U9D-B-A
I1141	1	3U9D-D-C
I1142	1	3U9Z-C-A
I1143	1	3UA7-F-D
I1144	1	3UF7-B-A
I1145	1	3UF7-C-A
I1146	1	3UFM-B-A
I1147	1	3UPV-B-A
I1148	1	3VQG-B-A
I1149	1	3W1B-B-A
I115	7	3UEC-B-A, 3UEF-B-A, 3UEF-D-C, 3UIG-P-A, 3UIG-Q-B, 3UIH-P-A, 3UIH-Q-B
I1150	1	3W3W-B-A
I1151	1	3WBN-B-A
I1152	1	3WYG-D-C
I1153	1	3X23-B-A
I1154	1	3ZED-E-B
I1155	1	3ZED-F-C
I1156	1	3ZIL-B-A
I1157	1	3ZOQ-B-A
I1158	1	3ZQG-C-A
I1159	1	3ZQH-C-A
I116	7	4BD2-C-A, 4BD6-C-A, 4ZIE-C-A, 4ZIF-B-A, 4ZIG-B-A, 4ZIH-B-A, 4ZII-C-A
I1160	1	3ZS6-B-A
I1161	1	4AFX-B-A
I1162	1	4AOM-T-A
I1163	1	4B45-B-A
I1164	1	4B4S-B-A
I1165	1	4B60-C-A
I1166	1	4BJT-F-C
I1167	1	4BQ6-C-D
I1168	1	4BQ6-E-F
I1169	1	4BU0-B-A
I117	7	4N39-B-A, 4N3A-B-A, 4N3B-B-A, 6MA2-B-A, 6MA3-B-A, 6MA4-B-A, 6MA5-B-A
I1170	1	4BU0-C-A
I1171	1	4BXU-B-A
I1172	1	4C2C-C-A
I1173	1	4C2F-C-A
I1174	1	4C2G-B-A
I1175	1	4C2G-C-A
I1176	1	4C2W-C-B
I1177	1	4C2W-D-A
I1178	1	4C5A-C-A
I1179	1	4C5G-B-A
I118	7	5M5R-D-A, 5M5S-H-B, 5M5T-I-A, 5M5T-J-B, 5M5V-I-A, 5M5V-J-B, 5M61-H-B
I1180	1	4C5I-C-A
I1181	1	4CGQ-Q-A
I1182	1	4CGU-C-A
I1183	1	4CKQ-C-A
I1184	1	4CO6-D-A
I1185	1	4CO6-F-B
I1186	1	4CU4-B-A
I1187	1	4CXF-B-A
I1188	1	4D0G-C-A
I1189	1	4D7Z-A-B
I119	7	6J4V-B-A, 6J8F-A-B, 6JZD-B-A, 6OCF-B-A, 6OCG-B-A, 6OCH-B-A, 6OCH-D-C
I1190	1	4DCB-F-A
I1191	1	4DEX-B-A
I1192	1	4DGB-B-A
I1193	1	4DJC-B-A
I1194	1	4DLQ-B-A
I1195	1	4DOQ-B-A
I1196	1	4DOS-C-A
I1197	1	4DXR-B-A
I1198	1	4DZU-B-A
I1199	1	4E18-B-A
I12	37	1BXL-B-A, 1G5J-B-A, 1PQ1-B-A, 2BZW-B-A, 2P1L-B-A, 2P1L-D-C, 2P1L-F-E, 2P1L-H-G, 2PON-A-B, 3FDL-B-A, 3IO8-B-A, 3IO8-D-C, 3R85-E-A, 3R85-F-B, 3R85-G-C, 3R85-H-D, 4QVF-B-A, 4Z9V-C-A, 4Z9V-D-B, 5B1Z-C-A, 5B1Z-D-B, 5FCG-C-A, 5FMJ-B-A, 5FMK-B-A, 5VAU-F-B, 5VAU-H-D, 5VAX-E-A, 5VAX-F-B, 5VAX-G-C, 5VAX-H-D, 5VAY-F-B, 5VAY-H-D, 6DCN-D-A, 6DCN-C-B, 6DCO-C-A, 6DCO-D-B, 6QG8-B-A
I120	7	6ICV-C-A, 6ICV-D-B, 6MBJ-Y-A, 6MBJ-Z-B, 6MBK-Y-A, 6MBK-Z-B, 6MBL-Y-A
I1200	1	4EFH-B-A
I1201	1	4EQY-X-G
I1202	1	4F02-C-A
I1203	1	4F02-F-D
I1204	1	4FAJ-B-A
I1205	1	4FBW-D-B
I1206	1	4FDD-B-A
I1207	1	4FGT-D-A
I1208	1	4FVD-C-A
I1209	1	4GF3-B-A
I121	6	1FZC-I-B, 1FZC-J-E, 1FZG-M-B, 1FZG-N-E, 2OYH-H-B, 2OYH-J-E
I1210	1	4GGD-C-A
I1211	1	4GNT-B-A
I1212	1	4GQ6-B-A
I1213	1	4GQB-C-A
I1214	1	4GRK-B-A
I1215	1	4GUU-B-A
I1216	1	4GXB-B-A
I1217	1	4GXL-B-A
I1218	1	4H4F-Q-A
I1219	1	4HH6-Z-A
I122	6	1M7E-E-B, 1M7E-F-C, 1NTV-B-A, 1NU2-B-A, 1OQN-C-A, 1OQN-D-B
I1220	1	4HOM-B-A
I1221	1	4HTP-C-A
I1222	1	4HTP-E-B
I1223	1	4HXJ-C-A
I1224	1	4I7Y-L-H
I1225	1	4IB5-G-C
I1226	1	4IGA-B-A
I1227	1	4IIM-E-B
I1228	1	4IKN-B-A
I1229	1	4IRV-E-A
I123	6	1Q3P-C-A, 1Q3P-D-B, 3QJM-C-A, 3QJM-D-B, 5OVC-B-A, 5OVP-B-A
I1230	1	4IRV-F-B
I1231	1	4IRV-G-C
I1232	1	4J09-B-A
I1233	1	4J8S-B-A
I1234	1	4J9C-B-A
I1235	1	4J9F-B-A
I1236	1	4J9F-D-A
I1237	1	4J9F-F-E
I1238	1	4JBN-C-A
I1239	1	4JIF-B-A
I124	6	1O9U-B-A, 4NM0-B-A, 4NM3-B-A, 4NM5-B-A, 4NM7-B-A, 4NU1-B-A
I1240	1	4JO9-A-B
I1241	1	4JO9-C-B
I1242	1	4JS0-B-A
I1243	1	4K0U-B-A
I1244	1	4K3M-E-A
I1245	1	4KA7-C-A
I1246	1	4KBB-C-A
I1247	1	4KBB-D-B
I1248	1	4KMD-B-A
I1249	1	4L5N-C-A
I125	6	1SRN-B-A, 1SSA-B-A, 1SSB-B-A, 1SSC-B-A, 3SRN-B-A, 4SRN-B-A
I1250	1	4L5N-E-B
I1251	1	4LD3-B-A
I1252	1	4LNP-B-A
I1253	1	4LSJ-B-A
I1254	1	4M1L-B-A
I1255	1	4M38-F-B
I1256	1	4M91-B-A
I1257	1	4M92-B-A
I1258	1	4MDD-C-A
I1259	1	4NM5-C-A
I126	6	2N3K-B-A, 2NCZ-B-A, 2ND0-B-A, 2ND1-B-A, 6BGG-A-B, 6BNH-B-A
I1260	1	4NUT-B-A
I1261	1	4OD8-C-A
I1262	1	4ODM-E-A
I1263	1	4OI4-B-A
I1264	1	4OI4-D-C
I1265	1	4OU3-B-A
I1266	1	4OUC-B-A
I1267	1	4OWT-C-A
I1268	1	4OWW-C-A
I1269	1	4PKF-C-A
I127	6	2VP7-B-A, 2VPB-B-A, 2VPE-B-A, 2VPE-D-C, 2VPG-B-A, 2VPG-D-C
I1270	1	4PO6-B-A
I1271	1	4PZ3-C-B
I1272	1	4PZ5-B-A
I1273	1	4Q1L-D-A
I1274	1	4QEO-P-A
I1275	1	4QT7-B-A
I1276	1	4R3L-B-A
I1277	1	4R8T-A-B
I1278	1	4RE1-C-B
I1279	1	4RE1-D-A
I128	6	2RIV-B-A, 2RIW-B-A, 2XN3-B-A, 2XN5-B-A, 2XN6-B-A, 2XN7-B-A
I1280	1	4REY-B-A
I1281	1	4RRV-B-A
I1282	1	4RS9-B-A
I1283	1	4TJX-B-A
I1284	1	4TQ1-B-A
I1285	1	4TXQ-D-B
I1286	1	4TXR-C-A
I1287	1	4U7E-A-B
I1288	1	4U7I-B-A
I1289	1	4UE9-B-A
I129	6	2XL2-C-A, 2XL2-D-B, 3P4F-B-A, 4CY2-C-A, 4CY5-C-A, 4Y7R-B-A
I1290	1	4UED-B-A
I1291	1	4UF1-B-A
I1292	1	4UQT-B-A
I1293	1	4UQY-B-A
I1294	1	4UQZ-B-A
I1295	1	4USL-D-A
I1296	1	4UZY-B-A
I1297	1	4V0X-B-A
I1298	1	4V11-B-A
I1299	1	4V3I-B-A
I13	33	1U7B-B-A, 2ZVL-U-A, 2ZVL-X-D, 2ZVM-U-A, 2ZVM-V-B, 2ZVM-W-C, 2ZVW-I-A, 2ZVW-J-B, 2ZVW-L-D, 2ZVW-M-E, 2ZVW-N-F, 2ZVW-O-G, 4RJF-D-C, 4ZTD-D-B, 4ZTD-E-A, 4ZTD-F-C, 5E0V-C-A, 5MLO-B-A, 5MLO-D-C, 5MLO-F-E, 5MLW-B-A, 5MLW-D-C, 5MLW-F-E, 5YCO-F-C, 5YD8-W-Z, 5YD8-U-X, 5YD8-V-Y, 6HVO-D-B, 6HVO-F-C, 6HVO-E-A, 6K3A-B-A, 6K3A-D-C, 6K3A-F-E
I130	6	3BU8-D-B, 3BUA-F-B, 4M7C-C-A, 4M7C-D-B, 4RQI-E-A, 4RQI-G-C
I1300	1	4W8H-D-A
I1301	1	4W8P-B-A
I1302	1	4WND-B-A
I1303	1	4WNG-B-A
I1304	1	4WSF-B-A
I1305	1	4WZX-E-A
I1306	1	4X1H-C-A
I1307	1	4X1V-B-A
I1308	1	4X2V-E-A
I1309	1	4X5K-B-A
I131	6	2XYI-B-A, 3CFS-E-B, 4PBY-D-B, 4PBZ-B-A, 4PC0-C-A, 4PC0-D-B
I1310	1	4X8K-B-A
I1311	1	4X8P-B-A
I1312	1	4XAL-B-A
I1313	1	4XMH-B-A
I1314	1	4XZR-A-B
I1315	1	4YGM-D-B
I1316	1	4YL6-B-A
I1317	1	4YOZ-B-A
I1318	1	4YZH-B-A
I1319	1	4Z2O-P-A
I132	6	3ASL-B-A, 3SHB-B-A, 3SOU-D-A, 3SOU-E-B, 3ZVY-C-A, 3ZVY-D-B
I1320	1	4ZHB-B-A
I1321	1	4ZJ7-B-A
I1322	1	4ZKO-P-U
I1323	1	4ZKO-Q-U
I1324	1	4ZOX-B-A
I1325	1	5ABY-B-A
I1326	1	5AER-B-A
I1327	1	5AER-C-A
I1328	1	5B5V-F-C
I1329	1	5B74-D-B
I133	6	3C59-B-A, 3C5T-B-A, 3IOL-B-A, 5OTW-D-C, 5OTX-B-A, 5OTX-D-C
I1330	1	5BUO-B-A
I1331	1	5BWD-C-A
I1332	1	5C27-D-A
I1333	1	5CP0-C-A
I1334	1	5CRW-B-A
I1335	1	5CTT-B-A
I1336	1	5CWW-C-B
I1337	1	5D5K-B-C
I1338	1	5DBR-C-A
I1339	1	5DHM-A-C
I134	6	3NMX-D-A, 4YJE-B-A, 4YJL-G-A, 4YJL-I-D, 4YJL-L-F, 4YK6-B-A
I1340	1	5DHM-B-D
I1341	1	5DMV-D-C
I1342	1	5DN2-G-A
I1343	1	5DO4-L-H
I1344	1	5DX1-H-C
I1345	1	5E8J-D-B
I1346	1	5EFW-C-A
I1347	1	5EG6-R-C
I1348	1	5EPP-B-A
I1349	1	5ET0-B-A
I135	6	3SRI-B-A, 3SRJ-C-A, 3SRJ-E-B, 3ZWZ-B-A, 5NQF-B-A, 5NQG-B-A
I1350	1	5ET0-D-C
I1351	1	5EV0-D-B
I1352	1	5EYK-C-B
I1353	1	5EYK-D-A
I1354	1	5F56-B-A
I1355	1	5F67-C-A
I1356	1	5F6K-M-C
I1357	1	5F74-B-A
I1358	1	5FB1-C-A
I1359	1	5FBY-B-A
I136	6	4CCN-C-A, 4CCN-D-B, 4CCO-C-A, 4CCO-D-B, 4Y3O-C-A, 4Y3O-D-B
I1360	1	5FBZ-E-A
I1361	1	5FG8-B-A
I1362	1	5FJX-D-B
I1363	1	5FKP-C-A
I1364	1	5FML-A-B
I1365	1	5FV6-C-B
I1366	1	5FW5-C-A
I1367	1	5G1X-B-A
I1368	1	5GK9-B-A
I1369	1	5GOW-A-B
I137	6	4A1T-C-A, 4A1T-D-B, 4A1V-C-A, 4A1V-D-B, 4A1X-C-A, 4A1X-D-B
I1370	1	5GRG-D-A
I1371	1	5GTU-B-A
I1372	1	5H0U-B-A
I1373	1	5H2W-B-A
I1374	1	5H2W-D-C
I1375	1	5H3J-B-A
I1376	1	5H4I-A-B
I1377	1	5H5S-B-A
I1378	1	5H6V-A-B
I1379	1	5H7H-B-A
I138	6	4BT9-C-A, 4BTB-C-A, 6EVM-C-A, 6EVN-C-A, 6EVO-C-A, 6EVP-C-A
I1380	1	5H7H-C-A
I1381	1	5H7P-B-A
I1382	1	5H7Y-B-A
I1383	1	5H9B-B-A
I1384	1	5HAW-L-A
I1385	1	5HAW-K-B
I1386	1	5HAX-B-A
I1387	1	5HH7-P-A
I1388	1	5HHV-B-A
I1389	1	5HHV-I-A
I139	6	4PJ0-R-E, 4PJ0-r-e, 5MX2-r-e, 5TIS-r-e, 5WS5-R-E, 5WS6-R-E
I1390	1	5HKP-C-A
I1391	1	5HKP-D-B
I1392	1	5HSP-D-A
I1393	1	5HSZ-K-A
I1394	1	5HU3-B-A
I1395	1	5I0Q-A-B
I1396	1	5I22-B-A
I1397	1	5IAY-B-A
I1398	1	5IXF-B-A
I1399	1	5IZ2-Z-B
I14	31	1A3B-I-H, 1A3E-I-H, 1EB1-A-H, 1FPH-I-H, 1G37-B-A, 1HXE-I-H, 1HXF-I-H, 1LHC-I-H, 1LHD-I-H, 1LHE-I-H, 1LHF-I-H, 1LHG-I-H, 1NRR-R-H, 1THR-I-H, 1TMT-J-H, 1VZQ-I-H, 1W7G-I-H, 2HGT-J-H, 2PUX-C-B, 2R2M-H-B, 3C27-H-B, 3HKI-C-B, 3HKI-F-E, 3LDX-I-H, 3P6Z-C-B, 3P6Z-I-H, 3VXE-J-H, 4AX9-I-H, 4UD9-I-H, 5AFY-I-H, 5GIM-D-B
I140	6	5AM8-P-A, 5AM8-Q-B, 5AM8-R-C, 5AM8-S-D, 5AMB-P-A, 5AMB-Q-B
I1400	1	5J6Z-A-B
I1401	1	5J7J-B-A
I1402	1	5J8H-B-A
I1403	1	5JA5-B-A
I1404	1	5JBT-Y-A
I1405	1	5JF0-D-A
I1406	1	5JFZ-B-A
I1407	1	5JFZ-D-C
I1408	1	5JFZ-F-E
I1409	1	5JJA-C-A
I141	6	5O3U-L-A, 5O3U-M-B, 5O3U-N-C, 5O3U-O-D, 5O3V-D-B, 5O3V-C-A
I1410	1	5JJA-D-B
I1411	1	5JJM-H-B
I1412	1	5JTM-F-B
I1413	1	5JTP-G-C
I1414	1	5JW9-A-B
I1415	1	5K3Y-C-B
I1416	1	5K3Y-D-A
I1417	1	5KC1-A-F
I1418	1	5KC1-G-F
I1419	1	5KVM-B-A
I142	6	5KXH-B-A, 5KY0-B-A, 5KY3-B-A, 5KY4-B-A, 5KY5-B-A, 5KY9-B-A
I1420	1	5L04-B-A
I1421	1	5L85-B-A
I1422	1	5LMF-D-A
I1423	1	5LVF-B-A
I1424	1	5LY3-B-A
I1425	1	5M0I-H-B
I1426	1	5M0I-J-D
I1427	1	5M0I-I-C
I1428	1	5M5G-E-B
I1429	1	5M5U-G-A
I143	6	5WE0-B-A, 5WE0-E-D, 5WE0-H-G, 5WE0-K-J, 5XXE-C-A, 5XXE-D-B
I1430	1	5M72-B-A
I1431	1	5MCO-B-A
I1432	1	5ME5-B-A
I1433	1	5MF9-B-A
I1434	1	5MXO-P-A
I1435	1	5N70-B-A
I1436	1	5N85-B-A
I1437	1	5N8A-X-A
I1438	1	5NJX-B-A
I1439	1	5NVN-D-C
I144	6	6G84-D-A, 6G84-C-B, 6G85-C-A, 6G85-D-B, 6G86-D-A, 6G86-C-B
I1440	1	5NWM-B-A
I1441	1	5OAK-D-C
I1442	1	5ODT-B-A
I1443	1	5OJ5-B-A
I1444	1	5OJR-F-B
I1445	1	5OWU-B-A
I1446	1	5QQO-H-A
I1447	1	5QTX-H-A
I1448	1	5T0F-B-A
I1449	1	5T0X-B-A
I145	6	6DO3-C-A, 6DO3-D-B, 6DO4-D-B, 6DO4-C-A, 6DO5-D-B, 6DO5-C-A
I1450	1	5T1G-B-A
I1451	1	5T48-B-A
I1452	1	5T63-C-A
I1453	1	5T6J-C-B
I1454	1	5TDY-C-D
I1455	1	5TED-H-A
I1456	1	5TP6-B-A
I1457	1	5TU5-B-A
I1458	1	5TU6-B-A
I1459	1	5U4K-B-A
I146	6	6EJ7-B-A, 6EJ8-B-A, 6EJ9-B-A, 6EJA-B-A, 6EJC-B-A, 6EJE-B-A
I1460	1	5UA5-B-A
I1461	1	5UBP-C-B
I1462	1	5URN-B-A
I1463	1	5V1A-B-A
I1464	1	5V1T-B-A
I1465	1	5V3N-B-A
I1466	1	5VMO-B-A
I1467	1	5VNF-D-B
I1468	1	5VWV-B-A
I1469	1	5W2J-F-B
I147	6	6B27-G-A, 6B27-H-B, 6B27-I-C, 6B27-J-D, 6B27-K-E, 6B27-L-F
I1470	1	5W93-E-B
I1471	1	5WE2-F-C
I1472	1	5WGG-B-A
I1473	1	5WJC-B-A
I1474	1	5WN9-A-H
I1475	1	5WOS-B-A
I1476	1	5WRV-A-B
I1477	1	5WUJ-A-B
I1478	1	5XA5-B-A
I1479	1	5XHZ-C-A
I148	5	1CQG-B-A, 1CQH-B-A, 1MDI-B-A, 1MDJ-B-A, 1MDK-B-A
I1480	1	5XHZ-D-A
I1481	1	5XIU-A-B
I1482	1	5XJG-B-A
I1483	1	5XJG-D-C
I1484	1	5XJL-M-2
I1485	1	5XOD-B-A
I1486	1	5XOJ-E-C
I1487	1	5XOJ-F-C
I1488	1	5XOJ-G-C
I1489	1	5XV8-A-B
I149	5	1BS6-D-A, 1BS6-E-B, 1BS8-D-A, 1BS8-E-B, 1BS8-F-C
I1490	1	5XYF-C-A
I1491	1	5XYF-B-A
I1492	1	5Y1U-C-B
I1493	1	5Y59-C-B
I1494	1	5Y5A-B-A
I1495	1	5Y9W-C-B
I1496	1	5YAH-C-B
I1497	1	5YCA-C-A
I1498	1	5YF4-B-A
I1499	1	5YGF-D-A
I15	31	1CDL-E-A, 1CDM-B-A, 1CM1-B-A, 1CM4-B-A, 1IWQ-B-A, 1MXE-E-A, 1MXE-F-B, 1NIW-D-C, 1NIW-F-E, 1NIW-H-G, 1SY9-B-A, 1WRZ-B-A, 1YR5-B-A, 1ZUZ-B-A, 2BBM-B-A, 2BBN-B-A, 2FOT-C-A, 2HQW-B-A, 2K0F-B-A, 2L7L-B-A, 2LL6-B-A, 2Y4V-B-A, 3BYA-B-A, 3DVE-B-A, 3DVK-B-A, 3EWT-E-A, 3GOF-C-A, 3GOF-D-B, 3SUI-B-A, 4Q5U-C-A, 4UPU-B-A
I150	5	1EE4-C-A, 1EE4-E-B, 4B8O-B-A, 4RXH-C-B, 5VQI-A-B
I1500	1	5YI7-B-A
I1501	1	5YI8-B-A
I1502	1	5YKW-B-A
I1503	1	5YOD-G-H
I1504	1	5YOF-A-B
I1505	1	5YT0-B-A
I1506	1	5YV5-B-A
I1507	1	5YVU-A-B
I1508	1	5YYZ-B-A
I1509	1	5ZOO-A-G
I151	5	1JOT-B-A, 1PXD-B-A, 1UGX-B-A, 3LLY-B-A, 3LLZ-B-A
I1510	1	5ZVW-B-A
I1511	1	5ZYS-B-A
I1512	1	6A0F-C-A
I1513	1	6A0F-D-B
I1514	1	6A9C-E-B
I1515	1	6AE8-D-B
I1516	1	6AU8-C-A
I1517	1	6B05-B-A
I1518	1	6B05-C-A
I1519	1	6B3X-B-A
I152	5	1LEW-B-A, 1LEZ-B-A, 2Y8O-B-A, 3P4K-P-A, 5ETF-B-A
I1520	1	6B4E-D-B
I1521	1	6B7G-B-A
I1522	1	6B9H-B-A
I1523	1	6BGH-B-A
I1524	1	6BRS-F-A
I1525	1	6BRS-C-A
I1526	1	6C0A-B-A
I1527	1	6C90-B-A
I1528	1	6CTB-B-A
I1529	1	6DSL-A-B
I153	5	1L6X-B-A, 1OQO-C-A, 1OQO-D-B, 5U52-E-A, 5U52-Z-B
I1530	1	6E3D-B-A
I1531	1	6E4D-F-A
I1532	1	6E5N-A-B
I1533	1	6E7I-P-A
I1534	1	6E83-A-B
I1535	1	6EAU-I-A
I1536	1	6EAV-I-A
I1537	1	6EAW-I-A
I1538	1	6EAX-I-A
I1539	1	6EO6-L-H
I154	5	1MF4-B-A, 3GCI-P-A, 3JQ5-B-A, 3JQL-B-A, 3JTI-B-A
I1540	1	6EO7-L-H
I1541	1	6EVV-L-H
I1542	1	6EX9-B-A
I1543	1	6EZI-B-A
I1544	1	6F0W-S-A
I1545	1	6F0Y-B-A
I1546	1	6F4Q-B-A
I1547	1	6F4T-B-A
I1548	1	6F4U-D-A
I1549	1	6F55-B-A
I155	5	1LVB-C-A, 1LVB-D-B, 1LVM-C-A, 1LVM-D-B, 3MMG-C-A
I1550	1	6FBK-P-A
I1551	1	6FBX-B-A
I1552	1	6FC6-B-A
I1553	1	6G04-B-A
I1554	1	6G55-D-A
I1555	1	6GBE-B-A
I1556	1	6GC3-B-A
I1557	1	6GD5-B-A
I1558	1	6GFQ-C-B
I1559	1	6GHJ-B-A
I156	5	1OW6-F-C, 4XEF-C-A, 4XEF-F-D, 4XEK-C-A, 4XEV-F-D
I1560	1	6GJH-J-D
I1561	1	6GMZ-B-A
I1562	1	6GWJ-D-B
I1563	1	6GY5-U-A
I1564	1	6GZJ-B-A
I1565	1	6H6D-C-A
I1566	1	6H6D-F-D
I1567	1	6H6H-C-A
I1568	1	6H6H-F-D
I1569	1	6H8C-B-A
I157	5	1SQK-B-A, 2A3Z-C-A, 2A40-C-A, 2A40-F-D, 3MN5-S-A
I1570	1	6H9J-D-A
I1571	1	6H9U-B-A
I1572	1	6HA6-D-A
I1573	1	6HC0-A-D
I1574	1	6HC8-E-A
I1575	1	6HGT-E-A
I1576	1	6HGT-F-B
I1577	1	6HGT-G-C
I1578	1	6HGT-H-D
I1579	1	6HKP-S-A
I158	5	1TFC-C-A, 1TFC-D-B, 2GPO-C-A, 3D24-B-A, 3D24-D-C
I1580	1	6HL5-S-A
I1581	1	6HL6-S-A
I1582	1	6HLN-B-A
I1583	1	6HLV-B-A
I1584	1	6HM3-B-A
I1585	1	6HM4-B-A
I1586	1	6HQU-M-E
I1587	1	6HQU-N-F
I1588	1	6HSO-I-A
I1589	1	6HSX-L-H
I159	5	2BUO-T-A, 2XXM-T-A, 3DS0-T-A, 3DS1-T-A, 3DS4-T-A
I1590	1	6HY2-A-X
I1591	1	6I42-B-A
I1592	1	6I51-L-H
I1593	1	6I6H-B-A
I1594	1	6IAM-C-A
I1595	1	6IBO-C-A
I1596	1	6ICJ-B-A
I1597	1	6IDX-C-A
I1598	1	6IEU-C-A
I1599	1	6IEX-C-A
I16	30	1F2S-I-E, 1G9I-I-E, 1H9H-I-E, 1H9I-I-E, 1MCT-I-A, 1OX1-B-A, 1SBW-I-A, 1SFI-I-A, 1SMF-I-E, 2BTC-I-E, 2CMY-B-A, 2O9Q-C-A, 2PLX-B-A, 2STA-I-E, 2STB-I-E, 2XTT-A-B, 3FP7-I-E, 4GUX-D-A, 4GUX-E-B, 4KTU-B-A, 4U2W-B-A, 4XOJ-B-A, 5JBT-X-A, 5XWJ-C-A, 5XWJ-D-B, 5XWL-C-A, 5XWL-D-B, 6BVH-I-A, 6E5M-I-A, 6EAT-I-A
I160	5	2CNY-B-A, 2CNZ-B-A, 2CO1-B-A, 2CO2-B-A, 2CO4-B-A
I1600	1	6IFG-E-A
I1601	1	6IFG-F-B
I1602	1	6IFJ-C-A
I1603	1	6IFJ-D-B
I1604	1	6IGK-B-A
I1605	1	6IIW-B-A
I1606	1	6IJQ-A-B
I1607	1	6IJS-B-A
I1608	1	6ILQ-B-A
I1609	1	6IN9-C-B
I161	5	2IVZ-E-A, 2IVZ-F-B, 2IVZ-G-C, 2IVZ-H-D, 4JML-E-A
I1610	1	6IN9-D-A
I1611	1	6IQJ-D-B
I1612	1	6IRL-C-A
I1613	1	6ITM-B-A
I1614	1	6ITM-D-C
I1615	1	6ITU-B-A
I1616	1	6IY0-J-H
I1617	1	6J0W-C-A
I1618	1	6J0W-D-B
I1619	1	6J0X-E-A
I162	5	1OTR-A-B, 2G3Q-A-B, 2MRO-B-A, 4UN2-B-A, 5XBO-B-A
I1620	1	6J0X-F-B
I1621	1	6J0X-G-C
I1622	1	6J0X-H-D
I1623	1	6J19-B-A
I1624	1	6J1V-C-A
I1625	1	6J1W-C-A
I1626	1	6J29-C-A
I1627	1	6J2A-C-A
I1628	1	6J2D-C-A
I1629	1	6J2E-C-A
I163	5	2OXW-X-A, 2OXZ-X-A, 2OY2-W-A, 2OY2-Y-F, 6HV2-B-A
I1630	1	6J2E-F-D
I1631	1	6J2F-C-A
I1632	1	6J2F-F-D
I1633	1	6J2G-C-A
I1634	1	6J2G-F-D
I1635	1	6J2H-C-A
I1636	1	6J2H-F-D
I1637	1	6J2I-C-A
I1638	1	6J2I-F-D
I1639	1	6J2J-C-A
I164	5	2KXW-B-A, 2L53-B-A, 4LZX-B-A, 6BUT-B-A, 6N5W-A-C
I1640	1	6J2J-F-D
I1641	1	6J3N-B-A
I1642	1	6J4O-B-A
I1643	1	6J4P-B-A
I1644	1	6J4U-B-A
I1645	1	6J56-D-B
I1646	1	6J68-C-A
I1647	1	6J68-D-B
I1648	1	6J7B-B-A
I1649	1	6J8N-A-B
I165	5	3BFQ-F-G, 3BFW-B-A, 3BFW-D-C, 5IQN-B-A, 5IQN-F-G
I1650	1	6J8N-C-D
I1651	1	6J8O-A-B
I1652	1	6J8O-C-B
I1653	1	6J8Y-D-C
I1654	1	6J9H-A-B
I1655	1	6J9H-C-D
I1656	1	6JCU-B-A
I1657	1	6JCU-D-C
I1658	1	6JEZ-C-A
I1659	1	6JF6-E-C
I166	5	3BQO-B-A, 5WIR-D-B, 5WIR-C-A, 5XUP-C-A, 5XUP-D-B
I1660	1	6JFA-C-A
I1661	1	6JH8-B-A
I1662	1	6JH9-B-A
I1663	1	6JHZ-Q-A
I1664	1	6JJX-D-B
I1665	1	6JJX-C-A
I1666	1	6JJY-U-A
I1667	1	6JJZ-C-A
I1668	1	6JLE-E-A
I1669	1	6JNR-C-A
I167	5	2XU7-C-B, 4R7A-A-B, 5VTB-B-A, 5XXQ-C-B, 6BW4-B-C
I1670	1	6JNR-D-B
I1671	1	6JOZ-C-A
I1672	1	6JP3-C-A
I1673	1	6JP3-D-A
I1674	1	6JQ2-P-A
I1675	1	6JTN-C-A
I1676	1	6JTO-C-A
I1677	1	6JTP-C-A
I1678	1	6JUE-A-L
I1679	1	6JWJ-C-A
I168	5	2ROZ-A-B, 3DXC-B-A, 3DXD-B-A, 3DXE-B-A, 3DXE-D-C
I1680	1	6JWM-B-A
I1681	1	6JX3-A-B
I1682	1	6JXU-B-A
I1683	1	6JXW-B-A
I1684	1	6JZC-C-B
I1685	1	6JZC-D-A
I1686	1	6K06-A-C
I1687	1	6K07-B-A
I1688	1	6K08-B-A
I1689	1	6K0T-B-A
I169	5	3CWW-D-B, 3CWW-E-A, 3E50-C-A, 4PES-C-A, 4PES-D-B
I1690	1	6K0T-D-C
I1691	1	6K7T-C-A
I1692	1	6K81-B-A
I1693	1	6KKB-D-X
I1694	1	6KLR-B-A
I1695	1	6KRO-B-A
I1696	1	6KZJ-B-A
I1697	1	6KZJ-C-A
I1698	1	6L0W-D-C
I1699	1	6LNM-F-E
I17	30	2BZK-A-B, 2C3I-A-B, 3CXW-B-A, 3CY2-B-A, 3CY3-B-A, 3JPV-B-A, 3MA3-B-A, 3QF9-B-A, 4GW8-B-A, 4JX7-B-A, 5MZL-B-A, 5N4N-B-A, 5N4O-B-A, 5N4R-E-A, 5N4U-B-A, 5N4V-D-A, 5N4X-B-A, 5N4Z-B-A, 5N50-B-A, 5N51-B-A, 5N52-B-A, 5N5L-B-A, 5N5M-B-A, 5NDT-B-A, 6PCW-B-A, 6PDI-B-A, 6PDN-B-A, 6PDO-B-A, 6PDP-B-A, 6QXK-A-B
I170	5	3NIH-B-A, 3NII-B-A, 3NIJ-B-A, 3NIN-D-A, 3NIN-E-B
I1700	1	6MAJ-B-A
I1701	1	6MAK-B-A
I1702	1	6MJC-B-A
I1703	1	6MJE-B-A
I1704	1	6MJL-A-B
I1705	1	6ML1-G-A
I1706	1	6MPP-B-A
I1707	1	6MS7-B-A
I1708	1	6MUE-B-A
I1709	1	6N5W-B-C
I171	5	3T6B-C-A, 3T6B-D-B, 5E2Q-B-A, 5E33-B-A, 5E3A-B-A
I1710	1	6NID-E-A
I1711	1	6NJG-B-C
I1712	1	6NJZ-D-B
I1713	1	6NPR-P-C
I1714	1	6NPR-R-A
I1715	1	6NVQ-B-C
I1716	1	6NWK-B-A
I1717	1	6NWL-B-A
I1718	1	6O4Y-C-A
I1719	1	6O4Z-C-A
I172	5	3RO2-B-A, 4A1S-C-A, 4A1S-E-B, 4G2V-B-A, 4WNE-B-A
I1720	1	6O51-C-A
I1721	1	6O53-C-A
I1722	1	6O5O-C-A
I1723	1	6O5O-D-B
I1724	1	6O9B-C-A
I1725	1	6O9C-C-A
I1726	1	6OCX-F-D
I1727	1	6OCX-H-C
I1728	1	6OCX-J-A
I1729	1	6OCX-L-B
I173	5	3UXG-B-A, 3V2O-B-A, 3V2X-B-A, 3V30-B-A, 3V31-B-A
I1730	1	6OD0-D-A
I1731	1	6OFQ-B-A
I1732	1	6OKD-C-B
I1733	1	6OKD-D-A
I1734	1	6ONI-D-B
I1735	1	6ONJ-C-A
I1736	1	6OP8-B-A
I1737	1	6OPD-C-A
I1738	1	6OQX-C-A
I1739	1	6OQY-C-A
I174	5	4J44-B-A, 4J45-B-A, 4J46-B-A, 4J47-B-A, 4J48-B-A
I1740	1	6OR1-C-A
I1741	1	6OV7-C-A
I1742	1	6OV7-D-B
I1743	1	6OX0-Y-A
I1744	1	6OX0-Z-B
I1745	1	6OX3-Y-A
I1746	1	6OX3-Z-B
I1747	1	6OX4-Y-A
I1748	1	6OX4-Z-B
I1749	1	6OX5-Y-A
I175	5	4MVI-B-A, 4MVL-E-A, 4MVL-F-B, 4MVL-G-C, 4MVL-H-D
I1750	1	6P23-C-A
I1751	1	6P27-C-A
I1752	1	6P2C-C-A
I1753	1	6P2F-C-A
I1754	1	6P2S-C-A
I1755	1	6P6A-A-B
I1756	1	6P6A-C-B
I1757	1	6P6E-B-A
I1758	1	6P6E-C-A
I1759	1	6P8S-E-A
I176	5	5A0R-D-A, 5A0R-E-B, 6R4Y-E-A, 6R4Z-D-B, 6R4Z-E-A
I1760	1	6P8S-F-B
I1761	1	6P8U-C-B
I1762	1	6PBH-C-A
I1763	1	6PDZ-C-B
I1764	1	6PDZ-D-A
I1765	1	6PJ4-B-A
I1766	1	6PJ5-B-A
I1767	1	6PJ7-B-A
I1768	1	6PJ8-B-A
I1769	1	6PJ9-B-A
I177	5	5YAY-B-A, 5YBE-B-A, 5YBU-B-A, 5YBV-C-A, 5YBV-D-B
I1770	1	6PJP-B-A
I1771	1	6PJQ-B-A
I1772	1	6PJR-B-A
I1773	1	6PJU-B-A
I1774	1	6PTB-F-D
I1775	1	6PTE-C-A
I1776	1	6PTE-D-E
I1777	1	6PTE-G-H
I1778	1	6PTE-J-K
I1779	1	6PU3-B-A
I178	4	1BXP-B-A, 1HOY-B-A, 1JBD-B-A, 2BTX-B-A
I1780	1	6PXJ-L-H
I1781	1	6PXJ-A-B
I1782	1	6PYJ-C-A
I1783	1	6PYL-C-A
I1784	1	6PYV-C-A
I1785	1	6PYW-C-A
I1786	1	6PZ5-C-A
I1787	1	6Q0M-C-A
I1788	1	6Q0N-D-B
I1789	1	6Q0U-D-B
I179	4	1CSB-D-E, 1HUC-A-B, 1HUC-C-D, 1SP4-A-B
I1790	1	6Q67-B-A
I1791	1	6Q9F-B-A
I1792	1	6Q9I-B-A
I1793	1	6QBY-B-A
I1794	1	6QBY-D-C
I1795	1	6QDR-B-A
I1796	1	6QDS-B-A
I1797	1	6QDT-B-A
I1798	1	6QJ7-B-A
I1799	1	6QNN-B-A
I18	29	2CO0-B-A, 2CO0-D-C, 2H9M-B-A, 3EG6-C-A, 3EMH-B-A, 3P4F-C-A, 3PSL-C-A, 3UVK-B-A, 3UVL-B-A, 3UVM-B-A, 3UVN-B-A, 3UVN-D-C, 3UVO-B-A, 4CY1-C-B, 4CY1-D-A, 4CY2-D-A, 4CY3-D-A, 4CY5-D-A, 4ERQ-D-A, 4ERQ-E-B, 4ERY-D-A, 4ERZ-D-C, 4ERZ-E-A, 4ERZ-F-B, 4ES0-C-A, 4ESG-C-B, 4ESG-D-A, 4EWR-C-A, 4O45-B-A
I180	4	1CFF-B-A, 2LLQ-B-A, 2M5E-B-A, 5T0X-C-A
I1800	1	6QNS-S-A
I1801	1	6QRM-D-B
I1802	1	6QTQ-B-A
I1803	1	6QTS-B-A
I1804	1	6R15-B-A
I1805	1	6R2G-C-A
I1806	1	6R7W-B-A
I1807	1	6R8I-B-A
I1808	1	6RH6-B-A
I1809	1	6RM8-C-A
I181	4	1ELR-B-A, 3ESK-B-A, 3FWV-C-A, 3FWV-D-B
I1810	1	6RMA-B-A
I1811	1	6RMB-D-A
I1812	1	6ROT-L-H
I1813	1	6RR0-N-G
I1814	1	6S0Y-D-B
I1815	1	6S1R-B-A
I1816	1	6S3F-B-A
I1817	1	6S3W-B-A
I1818	1	6S5S-E-A
I1819	1	6S8R-B-A
I182	4	1E91-B-A, 1G1E-A-B, 1PD7-B-A, 1S5Q-A-B
I1820	1	6S9L-D-B
I1821	1	6SA8-B-A
I1822	1	6SH6-B-A
I1823	1	6SH7-B-A
I1824	1	6SH9-E-B
I1825	1	6SJZ-E-B
I1826	1	6SJZ-F-A
I1827	1	6SK2-F-B
I1828	1	6SK8-C-A
I1829	1	6SK8-D-B
I183	4	1IR3-B-A, 1K3A-B-A, 3BU3-B-A, 3BU5-B-A
I1830	1	6SLG-B-A
I1831	1	6SPZ-P-A
I1832	1	6SPZ-Q-A
I1833	1	6SSQ-F-B
I1834	1	6SSQ-G-A
I1835	1	6STI-B-A
I1836	1	6SZ5-B-A
I1837	1	6SZ5-C-A
I1838	1	6T2E-B-A
I1839	1	6TJ1-D-A
I184	4	1MFG-B-A, 1MFL-B-A, 1N7T-B-A, 3CH8-P-A
I1840	1	6TJM-B-A
I1841	1	6TL3-B-A
I1842	1	6TME-C-A
I1843	1	6TME-D-B
I1844	1	6TOF-B-A
I1845	1	6TOG-B-A
I1846	1	6TOH-B-A
I1847	1	6TOI-B-A
I1848	1	6TON-B-A
I1849	1	6TOO-B-A
I185	4	1MXL-I-C, 2L1R-B-A, 2MKP-I-C, 2MZP-I-C
I1850	1	6TTK-F-B
I1851	1	6TTK-G-C
I1852	1	6TTK-H-D
I1853	1	6TTK-E-A
I1854	1	6TWU-C-B
I1855	1	6TWX-C-B
I1856	1	6TWX-D-A
I1857	1	6TWY-C-B
I1858	1	6TYT-B-A
I1859	1	6TYT-C-A
I186	4	1MWN-X-A, 1MWN-Y-B, 3IQQ-B-A, 3RM1-B-A
I1860	1	6TYU-B-A
I1861	1	6TYV-B-A
I1862	1	6TYW-B-A
I1863	1	6TYX-C-A
I1864	1	6TYX-D-B
I1865	1	6TYZ-B-A
I1866	1	6TZC-C-B
I1867	1	6U3A-C-A
I1868	1	6U3A-D-B
I1869	1	6UCM-A-C
I187	4	1NVQ-B-A, 1NVR-B-A, 1NVS-B-A, 1ZYS-B-A
I1870	1	6UCM-B-C
I1871	1	6UYI-B-A
I1872	1	6UYJ-B-A
I1873	1	6UYO-D-C
I1874	1	6UYP-B-A
I1875	1	6UYQ-B-A
I1876	1	6UYR-B-A
I1877	1	6UYZ-B-A
I1878	1	6V55-Q-A
I1879	1	6V62-Y-A
I188	4	1NX0-C-A, 1NX0-D-B, 1NX1-C-A, 1NX1-D-B
I1880	1	6V63-Y-A
I1881	1	6V63-Z-B
I1882	1	6V7P-B-A
I1883	1	6V7R-D-C
I1884	1	6VO5-C-A
I1885	1	6VO5-D-B
I1886	1	6VRO-B-A
I1887	1	6XVD-P-U
I1888	1	6Y4O-B-A
I1889	1	6Y4P-B-A
I189	4	1NRL-C-A, 1NRL-D-B, 5A86-C-A, 5A86-D-B
I1890	1	8PCH-P-A
I19	26	1Q1S-A-C, 1Q1T-A-C, 2YNR-C-A, 3L3Q-C-A, 3Q5U-B-A, 3ZIN-B-A, 3ZIO-B-A, 3ZIP-B-A, 3ZIQ-C-A, 3ZIR-B-A, 4MZ5-A-E, 4MZ6-A-E, 4WV6-C-A, 4ZDU-B-A, 5EKF-B-A, 5H43-B-A, 5HUW-B-C, 5HUY-B-C, 5K9S-C-A, 5U5P-C-A, 5UMZ-E-B, 5V5O-B-C, 5V5P-B-C, 5W4E-D-B, 5W4F-D-B, 5WUN-B-A
I190	4	1OU8-C-A, 1OU8-D-B, 1TWB-C-A, 1TWB-D-B
I191	4	2FTS-P-A, 4PD1-C-A, 4U90-D-A, 4U91-B-A
I192	4	2CE8-X-A, 2CE8-Y-C, 2CE9-X-A, 2CE9-Y-C
I193	4	2KFF-B-A, 2KFG-B-A, 2KFH-B-A, 2KSP-B-A
I194	4	2P1N-C-B, 2P1N-F-E, 2P1O-C-B, 2P1Q-C-B
I195	4	2VZD-C-A, 2VZD-D-B, 2VZG-A-B, 2VZI-A-B
I196	4	2XS3-C-A, 2XS3-D-B, 2XS4-B-A, 4IN9-B-A
I197	4	2XPN-B-A, 2XPO-B-A, 2XPO-D-C, 2XPP-B-A
I198	4	3AT0-B-A, 4F1Z-Q-A, 4F20-Q-A, 4F27-Q-A
I199	4	3B1J-C-A, 3B1J-D-B, 3ZDF-C-B, 3ZDF-D-A
I2	307	1A2C-L-H, 1A3B-L-H, 1A3E-L-H, 1A46-L-H, 1A4W-L-H, 1A5G-L-H, 1A61-L-H, 1ABI-L-H, 1ABJ-L-H, 1AD8-L-H, 1AE8-L-H, 1AFE-L-H, 1AHT-L-H, 1AI8-L-H, 1AIX-L-H, 1AWF-L-H, 1AY6-L-H, 1B5G-L-H, 1B7X-A-B, 1BA8-A-B, 1BB0-A-B, 1BBR-J-K, 1BBR-M-N, 1BCU-L-H, 1BTH-L-H, 1BTH-J-K, 1C1U-L-H, 1C1V-L-H, 1C4U-1-2, 1C4V-1-2, 1C5L-L-H, 1C5N-L-H, 1C5O-L-H, 1CA8-A-B, 1D3D-A-B, 1D3P-A-B, 1D4P-A-B, 1DE7-L-H, 1DIT-L-H, 1DM4-A-B, 1EB1-L-H, 1ETR-L-H, 1ETS-L-H, 1ETT-L-H, 1FPC-L-H, 1FPH-L-H, 1G30-A-B, 1G32-A-B, 1GHV-L-H, 1GHW-L-H, 1GJ4-L-H, 1GJ5-L-H, 1H8I-L-H, 1HAH-L-H, 1HAI-L-H, 1HBT-L-H, 1HGT-L-H, 1HXE-L-H, 1HXF-L-H, 1ID5-L-H, 1IHS-L-H, 1IHT-L-H, 1JMO-L-H, 1JOU-E-F, 1K21-L-H, 1K22-L-H, 1KTS-A-B, 1KTT-A-B, 1LHC-L-H, 1LHD-L-H, 1LHE-L-H, 1LHF-L-H, 1LHG-L-H, 1MKW-L-H, 1MKX-L-H, 1MU6-A-B, 1MU8-A-B, 1MUE-A-B, 1NO9-L-H, 1NRR-L-H, 1NRS-L-H, 1NU7-A-B, 1NU7-E-F, 1NY2-1-2, 1NZQ-L-H, 1O0D-L-H, 1O2G-L-H, 1O5G-L-H, 1OOK-A-B, 1OYT-L-H, 1QBV-L-H, 1QHR-A-B, 1QJ1-A-B, 1QJ6-A-B, 1QJ7-A-B, 1QUR-L-H, 1RD3-A-B, 1RD3-C-D, 1SB1-L-H, 1SFQ-D-E, 1SG8-A-B, 1SGI-D-E, 1SHH-D-E, 1T4U-L-H, 1T4V-L-H, 1TB6-L-H, 1TBZ-L-H, 1THP-A-B, 1THR-L-H, 1THS-L-H, 1TMB-L-H, 1TMT-L-H, 1TMU-L-H, 1TOM-L-H, 1TWX-A-B, 1UCY-J-K, 1UCY-M-N, 1UMA-L-H, 1UVT-L-H, 1VR1-L-H, 1VZQ-L-H, 1W7G-L-H, 1WAY-A-B, 1WBG-A-B, 1XMN-A-B, 1XMN-C-D, 1XMN-E-F, 1XMN-G-H, 1YPE-L-H, 1YPG-L-H, 1YPJ-L-H, 1YPK-L-H, 1YPL-L-H, 1YPM-L-H, 2A0Q-A-B, 2A0Q-C-D, 2A2X-L-H, 2AFQ-A-B, 2AFQ-C-D, 2ANK-L-H, 2ANM-L-H, 2B5T-C-D, 2BVR-L-H, 2BVS-L-H, 2BXT-L-H, 2C8W-A-B, 2C8X-A-B, 2C8Y-A-B, 2C8Z-A-B, 2C90-A-B, 2C93-A-B, 2CF8-L-H, 2CF9-L-H, 2CN0-L-H, 2FEQ-L-H, 2FES-L-H, 2GDE-L-H, 2GP9-A-B, 2H9T-L-H, 2HGT-L-H, 2HWL-A-B, 2HWL-C-D, 2JH0-C-D, 2JH5-C-D, 2JH6-C-D, 2OCV-A-B, 2OD3-A-B, 2PGB-A-B, 2PUX-A-B, 2R2M-A-B, 2THF-A-B, 2UUF-A-B, 2UUJ-A-B, 2UUK-A-B, 2V3H-L-H, 2V3O-L-H, 2ZC9-L-H, 2ZDA-L-H, 2ZDV-L-H, 2ZF0-L-H, 2ZFF-L-H, 2ZFP-L-H, 2ZFQ-L-H, 2ZFR-L-H, 2ZG0-L-H, 2ZGB-L-H, 2ZGX-L-H, 2ZHE-L-H, 2ZHF-L-H, 2ZHQ-L-H, 2ZHW-L-H, 2ZI2-L-H, 2ZIQ-L-H, 2ZNK-L-H, 2ZO3-L-H, 3B23-A-B, 3B9F-L-H, 3BEF-D-E, 3BEI-A-B, 3BF6-L-H, 3BIU-L-H, 3BIV-L-H, 3BV9-A-B, 3C27-A-B, 3D49-L-H, 3DA9-A-B, 3DHK-L-H, 3DT0-L-H, 3DUX-L-H, 3EDX-C-D, 3EDX-E-F, 3EGK-L-H, 3EQ0-L-H, 3F68-L-H, 3GIC-A-B, 3HAT-L-H, 3HK3-A-B, 3JZ2-A-B, 3LDX-L-H, 3LU9-D-E, 3P17-L-H, 3QTO-L-H, 3QTV-L-H, 3QWC-L-H, 3QX5-L-H, 3R3G-A-B, 3RLW-L-H, 3RLY-L-H, 3RM0-L-H, 3RM2-L-H, 3RML-L-H, 3RMM-L-H, 3RMN-L-H, 3RMO-L-H, 3S7H-A-B, 3SHA-L-H, 3SHC-L-H, 3SI3-L-H, 3SI4-L-H, 3SV2-L-H, 3T5F-L-H, 3TU7-L-H, 3U69-L-H, 3U8O-L-H, 3U8R-L-H, 3U8T-L-H, 3U98-L-H, 3U9A-L-H, 3UTU-L-H, 3UWJ-L-H, 3VXE-L-H, 4AX9-L-H, 4BAH-A-B, 4BAK-A-B, 4BAM-A-B, 4BAN-A-B, 4BAO-A-B, 4BAQ-A-B, 4CH2-A-B, 4CH2-C-D, 4CH8-A-B, 4DT7-A-B, 4DT7-C-D, 4E05-L-H, 4E7R-L-H, 4E7R-M-G, 4H6S-A-B, 4HTC-L-H, 4LOY-L-H, 4LXB-L-H, 4MLF-A-B, 4RKO-A-B, 4THN-L-H, 4UD9-L-H, 4UDW-L-H, 4UE7-L-H, 4UEH-L-H, 4UFD-L-H, 4UFE-L-H, 4UFF-L-H, 4UFG-L-H, 4YES-A-B, 5A2M-L-H, 5AF9-L-H, 5AFY-L-H, 5AFZ-L-H, 5AHG-L-H, 5E8E-L-H, 5GDS-L-H, 5GIM-A-B, 5JDU-A-B, 5JDU-C-D, 5JFD-L-H, 5JZY-L-H, 5L6N-L-H, 5LCE-L-H, 5LPD-L-H, 5MJT-L-H, 5MLS-L-H, 5MM6-L-H, 5TO3-A-B, 6EO8-L-H, 6EO9-L-H, 6FJT-L-H, 6GBW-L-H, 7KME-L-H, 8KME-1-2
I20	25	1DXP-C-A, 1DXP-D-B, 1DY8-C-A, 1DY8-D-B, 1DY9-C-A, 1DY9-D-B, 1W3C-C-A, 1W3C-D-B, 3KEE-F-B, 3KEE-G-C, 3KEE-H-D, 3P8N-C-A, 3P8N-D-B, 3P8O-C-A, 3P8O-D-B, 4I31-C-A, 4I31-D-B, 4I32-C-A, 4I32-D-B, 4I33-C-A, 4I33-D-B, 4JMY-C-A, 4JMY-D-B, 4KTC-B-A, 4KTC-D-C
I200	4	3DRH-B-A, 3DRI-B-A, 3DRJ-B-A, 3DRK-B-A
I201	4	3C3O-B-A, 3C3R-B-A, 5V3R-B-A, 5WA1-B-A
I202	4	3CV0-B-A, 3CVL-B-A, 3CVN-B-A, 3CVP-B-A
I203	4	2E4H-B-A, 3RDV-F-B, 3RDV-G-C, 3RDV-H-D
I204	4	3UO8-L-B, 3UO8-M-C, 3UOA-L-B, 3UOA-M-C
I205	4	4CH9-C-A, 4CH9-D-B, 4CHB-C-A, 4CHB-D-B
I206	4	4AIF-D-A, 4AIF-E-B, 4APO-D-B, 4APO-E-A
I207	4	4BWQ-B-A, 4BWQ-H-G, 4BWS-B-A, 4BWS-E-D
I208	4	4K1E-B-A, 4K8Y-B-A, 4KEL-B-A, 6O21-B-A
I209	4	4NAW-D-A, 4NAW-H-E, 4NAW-L-I, 4NAW-P-M
I21	25	1YMT-B-A, 1YOK-B-A, 1YP0-B-A, 1YUC-C-A, 1YUC-D-B, 1ZDT-P-A, 1ZDT-Q-B, 1ZDU-P-A, 1ZH7-C-A, 1ZH7-D-B, 3F7D-B-A, 3PLZ-C-A, 3PLZ-D-B, 4DOR-C-A, 4DOR-D-B, 4DOS-B-A, 4ONI-C-A, 4ONI-D-B, 4PLD-B-A, 4PLE-B-A, 4PLE-H-G, 4QJR-B-A, 5L11-C-A, 5SYZ-C-A, 5UNJ-C-A
I210	4	4KP3-E-A, 4KP3-F-B, 4LX2-B-A, 5JCY-B-A
I211	4	4O30-C-A, 4O30-D-B, 5VAC-C-A, 5VBC-C-A
I212	4	4K38-C-B, 4K38-D-A, 4K39-D-B, 4K39-C-A
I213	4	4TZM-C-A, 4TZM-D-B, 4TZO-F-E, 4TZO-H-G
I214	4	4QUE-D-C, 4QUE-E-A, 4QUH-D-A, 5IAG-D-A
I215	4	5JQY-B-A, 5JTC-B-A, 5JZ8-B-A, 5JZU-B-A
I216	4	5NPI-E-B, 5NPI-D-A, 5NPJ-D-A, 5NPJ-E-B
I217	4	5U3L-P-H, 5U3M-A-H, 5U3N-A-H, 5U3O-A-H
I218	4	5MGX-A-F, 5MGX-B-G, 5MGX-C-E, 5MGX-D-H
I219	4	6HPG-a-A, 6HPG-c-C, 6HPG-d-D, 6HPG-e-E
I22	24	3HQH-M-A, 3HQL-C-A, 3HQM-C-A, 3HQM-D-B, 3IVB-M-A, 3IVQ-C-A, 3IVQ-D-B, 3IVV-D-A, 4O1V-B-A, 6F8F-G-D, 6F8G-E-A, 6F8G-H-B, 6I41-B-A, 6I5P-B-A, 6I5P-F-E, 6I5P-H-G, 6I68-B-A, 6I68-D-C, 6I68-F-E, 6I68-H-G, 6I7A-B-A, 6I7A-D-C, 6I7A-F-E, 6I7A-H-G
I220	4	5Z38-E-C, 5Z38-G-A, 5Z38-I-D, 5Z38-K-B
I221	4	5WHA-E-D, 5WHA-H-G, 5WHB-H-G, 5WPM-B-A
I222	4	6CCT-B-A, 6CCU-B-A, 6CD8-C-A, 6CDG-B-A
I223	4	5V1Y-E-A, 5V1Y-F-B, 5V1Z-F-B, 6CO4-B-A
I224	4	6GB5-G-C, 6GB5-H-A, 6GB7-P-A, 6GB7-R-C
I225	4	2IIJ-B-A, 6F0F-B-A, 6F0G-C-A, 6F0G-D-B
I226	3	1D4T-B-A, 1KA7-B-A, 1M27-B-A
I227	3	1AQC-C-A, 1AQC-D-B, 1X11-D-B
I228	3	1CJR-A-B, 4K7L-A-B, 4O36-A-B
I229	3	1FYN-B-A, 4HVW-B-A, 4RTZ-B-A
I23	21	1C5W-A-B, 1C5X-A-B, 1C5Y-A-B, 1C5Z-A-B, 1GI7-A-B, 1GI8-A-B, 1GI9-A-B, 1GJ7-A-B, 1GJ8-A-B, 1GJ9-A-B, 1GJA-A-B, 1GJB-A-B, 1GJC-A-B, 1GJD-A-B, 1LMW-A-B, 1LMW-C-D, 1O3P-A-B, 1O5A-A-B, 1O5B-A-B, 1O5C-A-B, 3IG6-C-D
I230	3	1JDH-B-A, 1JPW-E-B, 1JPW-F-C
I231	3	1K4W-B-A, 1N4H-B-A, 1NQ7-B-A
I232	3	1JRR-P-A, 2ARQ-P-A, 2ARR-P-A
I233	3	1LB5-B-A, 1LB6-B-A, 6A33-I-A
I234	3	1KY7-P-A, 1W80-Q-A, 2VJ0-Q-A
I235	3	1KYD-P-A, 1KYF-P-A, 1KYU-P-A
I236	3	1OM9-P-A, 1OM9-Q-B, 1P4U-B-A
I237	3	1OL5-B-A, 3E5A-B-A, 3HA6-B-A
I238	3	1RZX-B-A, 1X8S-B-A, 5I7Z-B-A
I239	3	1UOO-B-A, 1UOP-B-A, 1UOQ-B-A
I24	21	1DKX-B-A, 1DKZ-B-A, 1Q5L-B-A, 4EZO-C-A, 4EZP-C-A, 4EZQ-B-A, 4EZR-B-A, 4EZS-B-A, 4EZT-B-A, 4EZU-B-A, 4EZW-E-A, 4EZW-F-B, 4EZW-G-C, 4EZW-H-D, 4EZX-C-A, 4EZX-D-B, 4EZY-B-A, 4EZZ-B-A, 4F00-B-A, 4JWD-C-B, 4R5I-B-A
I240	3	1W80-P-A, 2VJ0-P-A, 3HS8-P-A
I241	3	1YFN-F-B, 1YFN-G-C, 1YFN-H-D
I242	3	1ZKK-F-B, 3F9W-E-B, 3F9Z-E-B
I243	3	2B9H-C-A, 2B9I-C-A, 2B9J-C-A
I244	3	2BEU-C-A, 2BEV-C-A, 2BEW-C-A
I245	3	2AIJ-P-X, 2AIK-P-X, 2HI8-P-X
I246	3	2D10-F-B, 2D10-G-C, 2D10-H-D
I247	3	2DEW-A-X, 2DEX-A-X, 2DEY-A-X
I248	3	2IHS-C-A, 2IHS-D-B, 3F2O-D-B
I249	3	2O02-P-A, 2O02-Q-B, 4N7G-B-A
I25	20	1CA9-H-B, 1CZY-D-A, 1CZY-E-C, 1D01-H-E, 1D01-I-F, 1D0A-G-A, 1D0A-H-B, 1D0A-I-C, 1D0A-J-D, 1D0A-K-E, 1D0A-L-F, 1D0J-G-A, 1D0J-H-C, 1D0J-I-D, 1D0J-J-E, 1D0J-K-F, 1QSC-D-A, 1QSC-E-B, 1QSC-F-C, 4GHU-B-A
I250	3	2OM2-B-A, 2OM2-D-C, 3ONW-C-A
I251	3	2LSI-B-A, 2LSJ-B-A, 2N1G-B-A
I252	3	2JK9-B-A, 3EMW-B-A, 5XN3-B-A
I253	3	2JQ9-B-A, 2JQK-B-A, 4U7Y-B-A
I254	3	2QA9-I-E, 4SGA-P-E, 5SGA-P-E
I255	3	2ODB-B-A, 2OV2-L-D, 2QME-I-A
I256	3	2PEH-C-A, 2PEH-D-B, 5LSO-D-B
I257	3	2KWF-B-A, 2LXS-B-A, 2LXT-B-A
I258	3	2V3X-B-A, 2V3Y-B-A, 2V3Z-B-A
I259	3	2Z9I-G-A, 2Z9I-H-B, 2Z9I-I-C
I26	19	3RRB-B-A, 3RRE-B-A, 3RRF-B-A, 3RRJ-B-A, 3RS8-B-A, 3RS9-B-A, 3RSF-B-A, 3RSG-B-A, 3RSQ-B-A, 3RSS-B-A, 3RT7-B-A, 3RT9-B-A, 3RTA-B-A, 3RTB-B-A, 3RTC-B-A, 3RTD-B-A, 3RTE-B-A, 3RTG-B-A, 3RU2-B-A
I260	3	2XCB-C-A, 4JL0-C-A, 4JL0-D-B
I261	3	2Y8T-E-D, 4YIZ-B-A, 4YIZ-D-C
I262	3	3B7S-B-A, 3B7T-B-A, 6ENB-B-A
I263	3	3DRF-B-A, 3DRG-B-A, 3RYB-B-A
I264	3	3EAB-I-C, 3EAB-J-D, 3EAB-K-E
I265	3	3EBB-E-A, 3EBB-F-B, 3EBB-G-C
I266	3	3DVU-C-A, 4MI8-C-A, 4MI8-D-B
I267	3	3G6N-F-A, 3G6N-G-B, 5JEZ-D-A
I268	3	3NY3-B-A, 5TDA-B-A, 5TDD-B-A
I269	3	3TZX-C-B, 3TZY-C-B, 3TZZ-C-B
I27	19	4E34-D-B, 4E35-D-B, 4JOE-D-B, 4JOF-D-B, 4JOG-D-B, 4JOH-D-A, 4JOJ-D-B, 4JOK-D-B, 4JOP-C-A, 4JOR-C-A, 4K6Y-D-B, 4K72-C-A, 4K75-B-A, 4K76-E-A, 4K76-H-D, 4K78-B-A, 4Q6H-B-A, 5IC3-C-A, 5K4F-C-A
I270	3	3U7D-B-A, 3U7D-D-C, 4HDQ-C-A
I271	3	4CC2-B-A, 4CC3-B-A, 4CC7-B-A
I272	3	3ZG7-A-B, 3ZG8-A-B, 3ZGA-A-B
I273	3	4AOQ-F-C, 4AOR-E-B, 4AOR-F-C
I274	3	4B4N-B-A, 4U0A-B-A, 6AY9-B-A
I275	3	4D2M-B-A, 4D2M-D-C, 5AJJ-B-A
I276	3	4FYS-C-A, 4NAQ-B-A, 4NZ8-C-A
I277	3	4D49-H-F, 5MFI-C-A, 5MFJ-C-A
I278	3	4E05-I-H, 5NHU-I-H, 5NHU-J-A
I279	3	4O97-B-A, 4O9V-B-A, 4R0I-B-A
I28	19	2L1L-A-B, 5DHF-D-C, 5DI9-D-C, 5DIF-D-C, 5UWH-D-C, 5UWI-D-C, 5UWJ-D-C, 5UWO-D-C, 5UWP-D-C, 5UWQ-D-C, 5UWR-D-C, 5UWS-D-C, 5UWT-D-C, 5UWU-D-C, 5UWW-D-C, 5XOJ-D-C, 6A3A-D-C, 6A3C-D-C, 6CIT-D-C
I280	3	4NIQ-C-A, 4NIQ-D-B, 5FVK-C-A
I281	3	4ODK-C-A, 4ODP-B-A, 4ODQ-B-A
I282	3	4W50-E-A, 4W50-G-C, 4W50-H-D
I283	3	4TY6-H-A, 4X6N-H-A, 5Q0F-H-A
I284	3	4Z09-C-A, 4Z0D-C-A, 6N7Q-C-A
I285	3	4Z0Y-E-A, 4Z0Z-E-A, 4Z0Z-H-D
I286	3	2ASQ-B-A, 4WJO-B-A, 4WJQ-D-C
I287	3	4QBR-P-A, 4QBR-E-C, 4QBS-P-A
I288	3	4WVH-C-A, 4WVI-D-A, 4WVJ-D-A
I289	3	5DDZ-B-A, 5GU4-C-A, 5GU4-D-B
I29	17	1AWQ-B-A, 1AWR-G-A, 1AWR-H-B, 1AWR-I-C, 1AWR-J-D, 1AWR-K-E, 1AWR-L-F, 1AWU-B-A, 1AWV-G-A, 1AWV-H-B, 1AWV-I-C, 1AWV-J-D, 1AWV-K-E, 1AWV-L-F, 2MS4-B-A, 5YBA-B-A, 5YBA-D-C
I290	3	4ZRK-F-B, 4ZRK-G-C, 4ZRK-H-D
I291	3	5JLB-B-A, 5V21-B-A, 5V22-B-A
I292	3	5NJC-E-A, 5NJF-E-A, 5NJF-F-C
I293	3	5ONP-B-A, 5ONQ-B-A, 5ONR-B-A
I294	3	5NCT-C-A, 5NCU-B-A, 5NCW-B-A
I295	3	5TZP-B-A, 5TZQ-C-B, 5TZQ-D-A
I296	3	6HOM-B-A, 6HOM-D-C, 6HON-D-C
I297	3	6G0Y-G-E, 6G0Y-J-A, 6G0Y-I-C
I298	3	6DRT-D-A, 6DRT-E-B, 6DRT-F-C
I299	3	5WQL-E-D, 5WQL-G-C, 6BXG-B-A
I3	184	1APM-I-E, 1ATP-I-E, 1CDK-I-A, 1CDK-J-B, 1FMO-I-E, 1JBP-S-E, 1L3R-I-E, 1Q61-I-A, 1Q62-I-A, 1Q8T-B-A, 1Q8U-B-A, 1Q8W-B-A, 1RDQ-I-E, 1STC-I-E, 1SVE-B-A, 1SVG-B-A, 1SVH-B-A, 1XH4-B-A, 1XH6-B-A, 1XH7-B-A, 1XH8-B-A, 1XH9-B-A, 1XHA-B-A, 1YDR-I-E, 1YDS-I-E, 1YDT-I-E, 2C1A-I-A, 2C1B-I-A, 2ERZ-I-E, 2F7E-I-E, 2F7X-I-E, 2GFC-I-A, 2GNF-I-A, 2GNG-I-A, 2GNH-I-A, 2GNI-I-A, 2GNJ-I-A, 2GU8-C-A, 2JDS-I-A, 2JDT-I-A, 2JDV-I-A, 2OH0-I-E, 2OJF-I-E, 2UVX-I-A, 2UVY-I-A, 2UVZ-I-A, 2UW0-I-A, 2UW3-I-A, 2UW4-I-A, 2UW5-I-A, 2UW6-I-A, 2UW7-I-A, 2UW8-I-A, 2UZT-B-A, 2UZU-I-E, 2UZV-2-A, 2UZW-I-E, 2VNW-I-A, 2VNY-I-A, 2VO0-I-A, 2VO3-I-A, 2VO6-I-A, 2VO7-I-A, 3AMA-B-A, 3AMB-B-A, 3DND-I-A, 3DNE-I-A, 3E8C-G-A, 3E8C-H-B, 3E8C-J-D, 3E8C-K-E, 3E8C-L-F, 3E8E-G-A, 3E8E-F-E, 3E8E-J-I, 3E8E-N-L, 3E8E-Q-P, 3FJQ-I-E, 3KKV-I-A, 3L9L-C-A, 3L9L-D-B, 3L9M-C-A, 3L9M-D-B, 3L9N-C-A, 3NX8-B-A, 3OOG-B-A, 3OW3-B-A, 3OWP-B-A, 3OXT-B-A, 3P0M-B-A, 3POO-B-A, 3QAL-I-E, 3QAM-I-E, 3VQH-B-A, 3X2U-S-A, 3X2V-S-A, 3X2W-S-A, 3ZO1-I-A, 3ZO2-I-A, 3ZO3-I-A, 3ZO4-I-A, 4AXA-I-A, 4C33-I-A, 4C34-I-A, 4C35-I-A, 4C37-I-A, 4C38-I-A, 4DFX-I-E, 4DFZ-I-E, 4DG0-I-E, 4DG2-I-E, 4DG3-A-E, 4DH1-I-A, 4DH3-I-A, 4DH5-I-A, 4DH7-I-A, 4DH8-I-A, 4IAC-S-A, 4IE9-I-A, 4O22-S-A, 4UJ1-B-A, 4UJ2-B-A, 4UJ9-B-A, 4UJA-B-A, 4WB5-I-A, 4WB6-I-A, 4WB6-J-B, 4WB8-I-A, 4WIH-B-A, 4XW4-B-A, 4XW5-B-A, 4XW6-B-A, 4YXR-I-A, 4YXS-I-A, 4Z83-I-E, 4Z84-I-A, 5BX6-B-A, 5LCT-B-A, 5LCU-B-A, 5M0C-B-A, 5M0L-B-A, 5M6V-B-A, 5M6Y-B-A, 5M71-B-A, 5M75-B-A, 5MHI-B-A, 5N1D-B-A, 5N1E-B-A, 5N1L-B-A, 5N1M-B-A, 5N1N-B-A, 5N1O-B-A, 5N23-B-A, 5N32-B-A, 5N33-B-A, 5N36-B-A, 5N37-B-A, 5N39-B-A, 5N3A-B-A, 5N3B-B-A, 5N3C-B-A, 5N3D-B-A, 5N3E-B-A, 5N3F-B-A, 5N7P-B-A, 5N7U-B-A, 5O0E-C-A, 5OTG-D-A, 5OUS-B-A, 5UZK-I-A, 5VHB-B-A, 5VI9-B-A, 5VIB-B-A, 6E99-B-A, 6EH2-B-A, 6EH3-C-A, 6EMD-D-A, 6ERT-D-A, 6ERV-B-A, 6ERW-D-A, 6F14-B-A, 6FRX-B-A, 6I2D-D-A, 6MM5-C-E
I30	17	1EJ4-B-A, 1EJH-E-A, 1EJH-F-B, 1EJH-G-C, 1EJH-H-D, 1WKW-B-A, 2V8W-B-A, 2V8X-B-A, 2V8Y-B-A, 2W97-E-A, 2W97-F-B, 3AM7-B-A, 3M94-C-A, 3U7X-C-A, 3U7X-D-B, 5EHC-B-A, 5EI3-B-A
I300	3	6EW9-P-A, 6EW9-Q-B, 6EW9-R-C
I301	3	6O3X-D-A, 6O3X-E-B, 6O3X-F-C
I302	3	6D3Y-C-A, 6D3Z-C-A, 6D40-C-A
I303	3	6J4V-C-A, 6J8F-C-B, 6JZD-C-A
I304	3	5WE0-C-A, 5WE0-F-D, 5WE0-L-J
I305	2	1F0C-B-A, 1M93-C-B
I306	2	1DEV-B-A, 1DEV-D-C
I307	2	1F8H-B-A, 1FF1-B-A
I308	2	1E54-B-A, 2FGR-B-A
I309	2	1EYX-G-B, 1EYX-H-L
I31	17	1T4F-P-M, 1YCQ-B-A, 2MPS-B-A, 2MWY-B-A, 3DAB-B-A, 3DAB-D-C, 3DAB-H-G, 3EQS-B-A, 3EQY-D-B, 3JZO-P-A, 3JZP-P-A, 3JZQ-P-A, 3JZQ-Q-B, 3JZR-P-A, 3JZS-P-A, 3LNZ-J-I, 3LNZ-L-K
I310	2	1DPJ-B-A, 1G0V-B-A
I311	2	1DKD-F-B, 1DKD-H-D
I312	2	1DLK-A-B, 1DLK-C-D
I313	2	1GL1-J-B, 1GL1-K-C
I314	2	1GUX-E-B, 1N4M-E-B
I315	2	1IHJ-C-B, 1IHJ-D-A
I316	2	1J4L-P-A, 1K2N-P-A
I317	2	1J19-B-A, 2ZPY-B-A
I318	2	1ISQ-B-A, 5DAI-B-A
I319	2	1KC4-B-A, 1KL8-B-A
I32	16	1AS4-B-A, 3CAA-B-A, 5OM5-B-A, 5OM6-B-A, 5OM6-D-C, 5OM7-B-A, 5OM8-B-A, 6HGD-B-A, 6HGG-B-A, 6HGH-B-A, 6HGI-B-A, 6HGJ-B-A, 6HGK-B-A, 6HGL-B-A, 6HGM-B-A, 6HGN-B-A
I320	2	1K3N-B-A, 1K3Q-B-A
I321	2	1N4M-C-A, 1N4M-D-B
I322	2	1LQ8-F-E, 3DY0-B-A
I323	2	1N7F-C-A, 1N7F-D-B
I324	2	1PZL-B-A, 3FS1-B-A
I325	2	1Q2C-B-A, 1Q2D-B-A
I326	2	1O0P-B-A, 1OPI-B-A
I327	2	1QGK-B-A, 2P8Q-B-A
I328	2	1OR8-B-A, 1OR8-D-A
I329	2	1T0J-C-B, 1T3L-B-A
I33	16	1O9D-P-A, 2V7D-P-A, 2V7D-Q-B, 2V7D-R-C, 2V7D-S-D, 3E6Y-C-A, 3E6Y-D-B, 4JC3-B-A, 4JDD-B-A, 4QLI-B-A, 5N10-F-B, 6HHP-B-A, 6HKB-B-A, 6HKF-B-A, 6HMT-B-A, 6HMU-B-A
I330	2	1SVZ-C-A, 1SVZ-D-B
I331	2	1SDZ-B-A, 1SE0-B-A
I332	2	1SVF-B-A, 1SVF-D-C
I333	2	1SUA-C-A, 5OX2-P-A
I334	2	1UHD-B-A, 1UHE-B-A
I335	2	1VC3-A-B, 2EEO-A-B
I336	2	1ZAV-Z-A, 1ZAW-Z-A
I337	2	1ZAV-W-A, 1ZAW-W-A
I338	2	1ZB5-B-A, 1ZBC-C-A
I339	2	1Y43-A-B, 3TRS-C-D
I34	16	1UKH-B-A, 2XRW-B-A, 3OXI-J-A, 3PTG-J-A, 4E73-B-A, 4G1W-B-A, 4H39-B-A, 4H3B-B-A, 4H3B-D-C, 4HYS-B-A, 4HYU-B-A, 4IZY-B-A, 4UX9-F-A, 4UX9-G-B, 4UX9-H-C, 4UX9-I-D
I340	2	1ZAV-V-A, 1ZAW-V-A
I341	2	1YJM-E-A, 1YJM-F-B
I342	2	1ZAV-X-A, 1ZAW-X-A
I343	2	1ZAV-U-A, 1ZAW-U-A
I344	2	1ZAV-Y-A, 1ZAW-Y-A
I345	2	1Z9O-J-D, 1Z9O-L-F
I346	2	2BJ4-C-A, 2BJ4-D-B
I347	2	2AP2-P-A, 2AP2-Q-C
I348	2	2BHA-B-A, 2BHD-B-A
I349	2	2DOH-C-X, 2KJ4-B-A
I35	16	2BFX-C-B, 2BFX-D-A, 2BFY-C-B, 2BFY-D-A, 2VGO-C-B, 2VGO-D-A, 2VGP-C-B, 2VGP-D-A, 2VRX-C-B, 2VRX-D-A, 3ZTX-C-B, 3ZTX-D-A, 4B8M-C-B, 4B8M-D-A, 4C2V-C-B, 4C2V-D-A
I350	2	2D5W-C-A, 2D5W-D-B
I351	2	2C5I-P-T, 2C5K-P-T
I352	2	2F9D-Q-B, 3LQV-Q-B
I353	2	2FGE-D-A, 2FGE-E-B
I354	2	2H4P-B-A, 2H4Q-B-A
I355	2	2JDL-C-A, 2JDL-D-B
I356	2	2I04-C-A, 5N7D-C-A
I357	2	2NUD-C-A, 2NUD-D-B
I358	2	2KTF-B-A, 2KWU-A-B
I359	2	2LLO-B-A, 2LQC-B-A
I36	15	1GVK-A-B, 1H9L-A-B, 1HAX-A-B, 1NES-J-E, 1QIX-A-B, 2BB4-P-A, 2BD2-P-A, 2BD3-P-A, 2BD4-P-A, 2BD5-P-A, 2BD7-P-A, 2BD8-P-A, 2BDA-P-A, 2CV3-B-A, 2H1U-P-A
I360	2	2KUP-B-A, 2YS5-B-A
I361	2	2JGC-B-A, 5XLN-B-A
I362	2	2QT5-X-A, 2QT5-Y-B
I363	2	2O9V-B-A, 4LN2-B-A
I364	2	2KBR-B-A, 2LSR-B-A
I365	2	2QBX-D-B, 2QBX-P-A
I366	2	2QYF-E-A, 2QYF-F-C
I367	2	2P0W-P-A, 2P0W-Q-B
I368	2	2W2U-C-A, 2W2U-D-B
I369	2	2R7G-B-A, 2R7G-D-C
I37	15	1OBX-B-A, 1OBZ-P-A, 1V1T-S-B, 1V1T-T-A, 1W9E-S-B, 1W9E-T-A, 1W9O-S-B, 1W9O-T-A, 1W9Q-S-B, 1YBO-C-A, 1YBO-D-B, 4Z33-C-A, 4Z33-D-B, 5A2P-E-A, 5A2P-H-C
I370	2	2V1S-N-F, 3AWR-C-A
I371	2	2WV4-C-A, 2WV4-D-B
I372	2	2V3S-C-B, 2V3S-D-A
I373	2	2WH6-B-A, 2XPX-B-A
I374	2	3AGY-C-A, 3AGY-D-B
I375	2	3AJB-B-A, 3MK4-B-A
I376	2	2Y7L-B-A, 4LEB-B-A
I377	2	2ZGH-B-A, 2ZGJ-B-A
I378	2	2YLE-B-A, 3R7G-B-A
I379	2	3BEF-C-B, 3BEF-F-E
I38	15	2W9R-B-A, 2WA8-B-A, 2WA8-D-C, 3DNJ-C-A, 3DNJ-D-B, 3G19-C-A, 3G1B-C-A, 3G1B-D-B, 3GQ1-C-A, 3GQ1-D-B, 3GW1-C-A, 3GW1-D-B, 3O2B-B-A, 3O2B-D-C, 3O2H-B-A
I380	2	2Z3N-C-A, 2Z3N-D-B
I381	2	3D2U-G-E, 3D2U-C-A
I382	2	2JZ3-A-C, 3DCG-E-D
I383	2	3C2G-C-A, 3C2G-D-B
I384	2	3D9T-C-A, 3D9U-B-A
I385	2	3E0M-E-A, 3E0M-G-C
I386	2	3CBL-B-A, 3CD3-B-A
I387	2	3FP2-Q-A, 3FP4-Q-A
I388	2	3F02-C-A, 3F02-D-B
I389	2	3GYT-B-A, 3GYU-B-A
I39	15	2K6Q-B-A, 2ZJD-B-A, 2ZJD-D-C, 5CX3-E-A, 5CX3-F-B, 5CX3-G-C, 5CX3-H-D, 5D94-B-A, 5DPW-H-G, 5DPW-J-I, 5DPW-N-M, 5E6O-G-C, 5E6O-H-A, 5WRD-C-A, 5YIS-D-B
I390	2	3GZE-X-A, 3GZE-Y-C
I391	2	3HXG-C-A, 3HXI-C-A
I392	2	2LXP-B-A, 3H8K-B-A
I393	2	3KZE-E-C, 4NXQ-E-B
I394	2	3JRV-C-A, 3JRV-D-B
I395	2	3K24-C-B, 3K24-D-A
I396	2	3HQR-S-A, 5L9B-C-A
I397	2	3IK5-D-C, 3IK5-B-A
I398	2	3L81-B-A, 4MDR-B-A
I399	2	2JOG-B-A, 3LL8-E-A
I4	93	1OSV-C-A, 1OSV-D-B, 3BEJ-E-A, 3BEJ-F-B, 3DCT-B-A, 3FXV-B-A, 3OKH-B-A, 3OKI-B-A, 3OKI-D-C, 3OLF-B-A, 3OLF-D-C, 3OMK-B-A, 3OMK-D-C, 3OMM-B-A, 3OMM-D-C, 3OOF-B-A, 3OOF-D-C, 3OOK-B-A, 3OOK-D-C, 3P89-B-A, 3RUU-B-A, 4QE6-B-A, 5ICK-C-B, 5ICK-D-A, 5Q0I-B-A, 5Q0J-B-A, 5Q0J-D-C, 5Q0K-B-A, 5Q0L-B-A, 5Q0L-D-C, 5Q0M-B-A, 5Q0N-B-A, 5Q0N-D-C, 5Q0O-B-A, 5Q0O-D-C, 5Q0P-B-A, 5Q0P-D-C, 5Q0R-B-A, 5Q0S-B-A, 5Q0S-D-C, 5Q0T-B-A, 5Q0U-B-A, 5Q0U-D-C, 5Q0V-B-A, 5Q0V-D-C, 5Q0W-B-A, 5Q0X-B-A, 5Q0Y-B-A, 5Q0Y-D-C, 5Q0Z-B-A, 5Q0Z-D-C, 5Q10-B-A, 5Q11-B-A, 5Q12-B-A, 5Q13-B-A, 5Q13-D-C, 5Q14-B-A, 5Q14-D-C, 5Q15-B-A, 5Q15-D-C, 5Q16-B-A, 5Q16-D-C, 5Q17-B-A, 5Q18-B-A, 5Q18-D-C, 5Q19-B-A, 5Q19-D-C, 5Q1A-B-A, 5Q1A-D-C, 5Q1B-B-A, 5Q1B-D-C, 5Q1C-B-A, 5Q1C-D-C, 5Q1D-B-A, 5Q1D-D-C, 5Q1E-B-A, 5Q1F-B-A, 5Q1F-D-C, 5Q1G-B-A, 5Q1H-B-A, 5Q1H-D-C, 5Q1H-F-E, 5Q1H-H-G, 5Q1I-B-A, 5Y1J-U-A, 5Y44-B-A, 5Y49-D-A, 5Y49-E-B, 5YXL-B-A, 5YXL-D-C, 6A5Y-B-A, 6HL0-B-A, 6HL1-B-A
I40	15	3TOD-B-A, 3U72-B-A, 3U8Q-B-A, 3UGW-B-A, 3UK4-B-A, 3USD-B-A, 3V5A-B-A, 3VDF-B-A, 4DIG-B-A, 4DXU-B-A, 4FIM-B-A, 4FJP-B-A, 4FOR-B-A, 4G2Z-B-A, 4N6P-B-A
I400	2	1VJ6-B-A, 3LNY-B-A
I401	2	3LGE-F-B, 3LGE-G-C
I402	2	3OAK-C-B, 3OAK-D-A
I403	2	3N2D-B-A, 3N3X-B-A
I404	2	3QF7-D-B, 3QF7-C-A
I405	2	3Q47-C-B, 3Q49-C-B
I406	2	3Q8D-E-A, 3Q8D-F-B
I407	2	3SSB-I-A, 3SSB-J-B
I408	2	3T4P-B-A, 3TBH-B-A
I409	2	3UNN-B-A, 3VA4-C-B
I41	15	5OAQ-L-A, 6GE3-L-A, 6GE4-L-A, 6GE5-L-A, 6GE6-L-A, 6GEC-L-A, 6GEE-L-A, 6GEG-L-A, 6GEI-L-A, 6GEK-L-A, 6GEK-M-B, 6HIK-L-A, 6HIL-L-A, 6HIL-M-B, 6Q2X-L-A
I410	2	3TDU-E-B, 3TDU-F-A
I411	2	3UP0-Q-B, 3UP3-P-A
I412	2	3TDI-C-B, 3TDI-D-A
I413	2	3VI1-C-A, 3VI1-D-B
I414	2	3V43-Q-A, 4LK9-B-A
I415	2	3TVT-B-A, 5YPR-B-A
I416	2	4A62-C-A, 4A62-D-B
I417	2	3ZRJ-X-A, 3ZRJ-Y-B
I418	2	4BXR-C-A, 4BXR-D-B
I419	2	4EOY-D-A, 4EOY-E-B
I42	14	1CKK-B-A, 1IQ5-B-A, 2BE6-D-A, 2BE6-E-B, 2BE6-F-C, 2F3Y-B-A, 2F3Z-B-A, 3BXL-B-A, 6DAD-C-A, 6DAD-D-B, 6DAE-D-B, 6DAE-C-A, 6DAF-C-A, 6DAF-D-B
I420	2	3W8J-C-A, 3W8J-D-B
I421	2	3WGX-C-A, 3WGX-D-B
I422	2	4DC2-Z-A, 5LI1-B-A
I423	2	4A2A-C-A, 4A2A-D-B
I424	2	4C2C-B-A, 4C2F-B-A
I425	2	4APH-P-A, 6QS1-F-B
I426	2	4AA1-P-A, 4AA2-P-A
I427	2	4BL0-C-A, 4BL0-F-D
I428	2	4ASQ-P-A, 4ASR-P-A
I429	2	4BXF-C-A, 4BXF-D-B
I43	14	1O6K-C-A, 1O6L-C-A, 2JDO-C-A, 2JDR-C-A, 2UW9-C-A, 2X39-C-A, 3CQU-C-A, 3CQW-C-A, 3E87-D-B, 3E88-D-B, 3MV5-C-A, 3MVH-B-A, 3QKK-C-A, 3QKL-C-A
I430	2	3ZWL-E-B, 3ZWL-F-D
I431	2	4GNE-B-A, 4GNF-C-A
I432	2	4JE8-D-A, 4JE8-E-B
I433	2	4GUS-C-A, 4HSU-C-A
I434	2	4J1V-E-A, 4J1V-F-C
I435	2	4IF6-B-A, 4KXQ-B-A
I436	2	4J1V-G-A, 4J1V-H-C
I437	2	4GYO-C-B, 4GYO-D-A
I438	2	4GUS-B-A, 4HSU-B-A
I439	2	4IB5-E-B, 4IB5-F-C
I44	14	4RU2-B-A, 4RU2-D-C, 4RU2-F-E, 4RU2-J-I, 4RU2-L-K, 4RU2-P-O, 4RU2-R-Q, 5CXT-B-A, 5CXT-D-C, 5CXT-F-E, 5CXT-J-I, 5CXT-L-K, 5CXT-P-O, 5CXT-R-Q
I440	2	4J8B-B-A, 4J8G-C-B
I441	2	4M5S-B-A, 4M5T-H-G
I442	2	4LOO-B-A, 5O90-B-A
I443	2	4P0A-B-A, 4P0A-D-C
I444	2	4OH4-F-B, 4OH4-E-A
I445	2	4MLI-D-C, 4MLS-B-A
I446	2	1DPU-B-A, 4MQV-D-C
I447	2	4M1Z-C-A, 4M1Z-D-B
I448	2	4LX3-B-A, 4QFQ-B-A
I449	2	4OYK-C-A, 4OYK-D-B
I45	14	2L8J-B-A, 4XC2-F-B, 5AZF-C-A, 5L83-C-B, 5L83-D-A, 5LXH-E-A, 5LXH-F-B, 5LXH-G-C, 5YIP-B-A, 6A9X-A-D, 6AAF-B-A, 6HOI-F-B, 6HOL-C-A, 6HOL-D-B
I450	2	4NY3-C-A, 4NY3-D-B
I451	2	4L1U-I-E, 4L1U-J-F
I452	2	4WCI-D-C, 4WCI-F-E
I453	2	4YZ6-B-A, 5T0Q-B-A
I454	2	4XEF-B-A, 4XEF-E-D
I455	2	4Z68-E-A, 5GP7-B-A
I456	2	4Z8J-B-A, 5ELQ-P-A
I457	2	4Z0U-D-A, 4Z0U-E-B
I458	2	4Z80-C-A, 4Z80-D-B
I459	2	4XI7-C-A, 4XIB-C-A
I46	13	1B7X-C-B, 1BBR-I-N, 1DM4-C-B, 1NRS-R-H, 1NY2-4-2, 1OOK-P-B, 1YCP-F-H, 2H9T-I-H, 3BF6-I-H, 4DT7-E-B, 4DT7-F-D, 5GIM-C-B, 5NHU-K-C
I460	2	4X3H-B-A, 4X3I-B-A
I461	2	4X2H-C-A, 4X2O-C-A
I462	2	4Z88-T-H, 4Z88-V-J
I463	2	4TXQ-C-A, 4TXR-B-A
I464	2	4PO2-C-A, 4PO2-D-B
I465	2	4WYU-D-A, 4WYU-C-B
I466	2	4U0C-B-A, 6AYA-B-A
I467	2	4UWX-C-A, 4UWX-D-B
I468	2	5CFA-D-B, 5CFA-C-A
I469	2	4ZU6-B-X, 5DBE-A-X
I47	13	1BJR-I-E, 1P7V-B-A, 1P7W-B-A, 1PEK-C-E, 2DQK-P-A, 2DUJ-P-A, 2HD4-B-A, 2HPZ-B-A, 2PQ2-B-A, 3F7O-X-A, 3F7O-Y-B, 3OSZ-B-A, 3PTL-B-A
I470	2	5DIY-P-A, 5DIY-Q-B
I471	2	5AFP-C-B, 5AFP-D-A
I472	2	5A2J-P-H, 5FXC-P-H
I473	2	4ZOZ-Y-A, 4ZOZ-C-B
I474	2	5AJN-P-A, 5AJO-B-A
I475	2	5BNW-D-A, 5C1D-C-A
I476	2	5C6D-C-A, 5C6D-D-B
I477	2	5CRV-C-A, 5CRV-D-B
I478	2	5B6C-B-A, 5GLF-B-A
I479	2	5E1D-D-A, 5E1O-D-A
I48	13	1JPL-E-A, 1JPL-G-C, 1JUQ-E-A, 1JUQ-F-B, 1JUQ-G-C, 1JUQ-H-D, 1JWG-C-A, 1JWG-D-B, 3G2S-C-A, 3G2S-D-B, 3G2U-D-B, 3G2W-C-A, 3G2W-D-B
I480	2	5JP2-E-A, 5JP2-F-B
I481	2	5J3Q-D-C, 5JP4-B-A
I482	2	5EAY-G-B, 5EAY-H-A
I483	2	5F5O-D-C, 5F5O-F-E
I484	2	5ET1-C-A, 5ET1-D-B
I485	2	5GRQ-D-B, 5Y18-B-A
I486	2	5HQ8-I-A, 5HQ8-J-B
I487	2	5F85-B-A, 5F86-B-A
I488	2	5F6K-D-C, 5F6K-F-E
I489	2	5H5Z-C-A, 5Y91-C-A
I49	13	1OK7-C-B, 3D1E-P-A, 3Q4J-H-B, 3Q4J-I-C, 3Q4J-J-D, 3Q4J-K-E, 3Q4J-L-F, 4K3O-E-A, 4K3P-E-A, 4K3Q-E-A, 4K3R-E-A, 4K74-C-A, 4K74-D-B
I490	2	5JIU-C-A, 5JIU-D-B
I491	2	5FPX-E-A, 5FPX-F-B
I492	2	5NAF-E-A, 5NAF-F-B
I493	2	5NX1-B-A, 5NX3-B-A
I494	2	5TWG-E-A, 5TWH-E-A
I495	2	5NQV-E-A, 5NQV-F-B
I496	2	5LEO-G-B, 5LEO-H-A
I497	2	5OXX-B-A, 5OXZ-B-A
I498	2	5KZT-C-A, 5KZT-D-B
I499	2	5TWA-D-A, 5TWA-C-B
I5	79	1M2Z-B-A, 1M2Z-E-D, 1T5Z-B-A, 1T63-B-A, 1T65-B-A, 1T73-B-A, 1T74-B-A, 1T76-B-A, 1T79-B-A, 1T7F-B-A, 1T7M-B-A, 1T7R-B-A, 1XOW-B-A, 2A3I-B-A, 2AO6-B-A, 2OVH-B-A, 2PKL-B-A, 2Q3Y-B-A, 2Q7I-B-A, 2Q7J-B-A, 2Q7K-B-A, 2Q7L-B-A, 2QPY-B-A, 3BQD-B-A, 3E7C-H-A, 3E7C-D-B, 3GN8-C-A, 3GN8-E-B, 3K22-H-A, 3K22-D-B, 3L3X-B-A, 3L3Z-B-A, 3MNE-B-A, 3MNO-B-A, 3MNP-B-A, 3V49-B-A, 3V4A-B-A, 4CSJ-B-A, 4E2J-C-A, 4E2J-E-B, 4OAR-B-A, 4OEY-B-A, 4OEZ-B-A, 4OFR-B-A, 4OFU-B-A, 4OH5-B-A, 4OHA-B-A, 4OK1-B-A, 4OKT-B-A, 4OKW-B-A, 4OKX-B-A, 4P6W-B-A, 4P6X-B-A, 4P6X-F-E, 4P6X-J-I, 4P6X-L-K, 4UDA-B-A, 4UDB-B-A, 4UDC-B-A, 4UDD-B-A, 5CJ6-B-A, 5G3J-B-A, 5G5W-B-A, 5JJM-G-A, 5JJM-I-C, 5JJM-J-D, 5L7E-B-A, 5L7G-B-A, 5L7H-B-A, 5MWP-B-A, 5MWY-B-A, 5NFP-B-A, 5NFT-B-A, 6EL6-B-A, 6EL7-B-A, 6EL9-B-A, 6GEV-B-A, 6GG8-B-A, 6GGG-B-A
I50	13	2NWN-B-A, 3M61-P-U, 3OX7-P-U, 3OY5-P-U, 3OY6-P-U, 4X1Q-P-U, 4ZHL-P-U, 4ZKN-P-U, 4ZKS-P-U, 5WXQ-P-U, 5WXR-P-U, 6A8N-P-A, 6A8N-C-B
I500	2	5OY3-B-A, 6F6D-B-A
I501	2	5MK1-F-B, 5MK1-H-C
I502	2	5NQV-G-C, 5NQV-H-D
I503	2	5TXE-C-A, 5TXE-D-B
I504	2	5NX1-D-A, 5NX3-D-A
I505	2	5M5T-G-A, 5M5V-G-A
I506	2	5NL1-G-F, 5NL1-L-E
I507	2	5NIN-C-A, 5NIN-D-B
I508	2	5LMG-C-B, 5LMG-D-A
I509	2	5VB9-C-A, 5VB9-D-B
I51	13	3BEV-C-A, 4CVZ-C-A, 4G42-C-A, 4G42-F-D, 4G43-C-A, 4G43-F-D, 5GJX-C-A, 5GJY-C-A, 5YMV-C-A, 5YMV-F-D, 5YMW-C-A, 5YMW-F-D, 5YMW-I-G
I510	2	6FDP-B-A, 6FDT-B-A
I511	2	6RRC-B-C, 6RRC-D-A
I512	2	5VAP-C-B, 6E5X-B-A
I513	2	6HK3-N-A, 6HK4-N-A
I514	2	5XAD-C-A, 5XAD-D-B
I515	2	6F4R-B-A, 6F4S-B-A
I516	2	5VWI-C-A, 5VWI-D-B
I517	2	5WOU-V-A, 6MS1-D-A
I518	2	6GJH-K-F, 6GJH-I-B
I519	2	6B74-A-B, 6B77-A-B
I52	13	2YNN-P-A, 4J73-B-A, 4J77-C-A, 4J77-D-B, 4J78-B-A, 4J79-B-A, 4J81-C-B, 4J81-D-A, 4J82-C-A, 4J82-D-B, 4J84-C-A, 4J84-D-B, 4J86-D-B
I520	2	5V8Z-B-A, 5V8Z-D-C
I521	2	5VYO-G-C, 5VYO-H-D
I522	2	5WHA-F-D, 5WPM-C-A
I523	2	6HM8-B-A, 6HMV-B-A
I524	2	5WQL-F-D, 5WQL-H-C
I525	2	6IKG-E-B, 6IKG-F-A
I526	2	5W5C-E-F, 5W5D-E-F
I527	2	6MHE-C-A, 6MHF-C-A
I528	2	5VLA-Z-A, 5VLL-Y-A
I529	2	6N3E-B-A, 6NSX-B-A
I53	13	5DI8-C-A, 5DJ0-C-A, 5DJ6-C-A, 5DJ8-C-A, 5DJC-C-A, 5DJD-C-A, 5DJX-F-D, 5DJY-C-A, 5DJZ-C-A, 5DK0-C-A, 5DVL-B-A, 5DVN-B-A, 5NSC-C-A
I530	2	6CF6-C-B, 6CF6-D-A
I531	2	6IUH-C-A, 6IUH-D-B
I532	2	6QTO-B-A, 6QTR-B-A
I533	2	6GVK-B-A, 6GVL-B-A
I534	2	6DNQ-C-D, 6DNQ-A-B
I535	1	1A2X-B-A
I536	1	1ABT-B-A
I537	1	1AKH-A-B
I538	1	1AN1-I-E
I539	1	1B0N-B-A
I54	12	2AWU-C-B, 2AWW-C-A, 2G2L-C-A, 2I0L-C-A, 2I0L-D-B, 2MHO-B-A, 2OQS-B-A, 3RL7-J-C, 3RL7-K-E, 3RL8-F-B, 4G69-B-A, 4OAJ-B-A
I540	1	1B8Q-B-A
I541	1	1BC5-T-A
I542	1	1CF4-B-A
I543	1	1CLV-I-A
I544	1	1CO7-I-E
I545	1	1CVU-F-B
I546	1	1D5G-B-A
I547	1	1D7Q-B-A
I548	1	1DDM-B-A
I549	1	1DDV-B-A
I55	12	2JM6-A-B, 2KBW-B-A, 2ROC-B-A, 2ROD-B-A, 3D7V-B-A, 3KZ0-C-A, 3KZ0-D-B, 5C6H-B-A, 5UUM-C-A, 5UUM-D-B, 6MBE-B-A, 6QFI-B-A
I550	1	1DOW-B-A
I551	1	1DP5-B-A
I552	1	1E0A-B-A
I553	1	1EES-B-A
I554	1	1EG4-P-A
I555	1	1EKB-A-B
I556	1	1ELW-C-A
I557	1	1EMU-B-A
I558	1	1EVH-B-A
I559	1	1F47-A-B
I56	12	3NFK-D-B, 3NFL-E-A, 3NFL-F-B, 3NFL-H-D, 5EYZ-E-A, 5EZ0-F-B, 5EZ0-H-D, 6HKS-G-A, 6HKS-H-B, 6HKS-J-D, 6HKS-K-E, 6HKS-L-F
I560	1	1FCH-C-A
I561	1	1FIW-L-A
I562	1	1FLE-I-E
I563	1	1FS1-A-B
I564	1	1FS1-C-D
I565	1	1G3J-B-A
I566	1	1GBR-B-A
I567	1	1GD2-I-H
I568	1	1GL1-I-A
I569	1	1H2M-S-A
I57	12	4HKN-C-A, 4HL5-C-A, 4HMH-C-A, 5ADQ-B-A, 5ADR-B-A, 5ADS-B-A, 5ADT-B-A, 5ZQO-B-A, 5ZQP-B-A, 5ZQQ-B-A, 5ZQR-B-A, 6A84-B-A
I570	1	1H3H-B-A
I571	1	1H6W-B-A
I572	1	1H8B-B-A
I573	1	1H8D-L-H
I574	1	1HLE-B-A
I575	1	1HQW-B-A
I576	1	1HTM-A-B
I577	1	1HTR-P-B
I578	1	1HV2-B-A
I579	1	1I31-P-A
I58	12	4MOY-B-A, 4MP0-B-A, 4MP0-D-C, 4V0V-B-A, 4V0W-B-A, 4V0W-D-C, 4XPN-B-A, 4XPN-D-C, 5INB-B-A, 5J28-C-A, 5J28-D-B, 6DNO-B-A
I580	1	1I4O-C-A
I581	1	1I4O-D-B
I582	1	1IDG-B-A
I583	1	1IDH-B-A
I584	1	1IID-O-A
I585	1	1J2X-B-A
I586	1	1J71-B-A
I587	1	1JBU-X-H
I588	1	1JD5-B-A
I589	1	1JEG-B-A
I59	11	1BE9-B-A, 1TP3-B-A, 1TP5-B-A, 5HEB-B-A, 5HED-B-A, 5HEY-B-A, 5HF1-B-A, 5HFB-B-A, 5HFC-B-A, 5HFE-B-A, 5HFF-B-A
I590	1	1JGN-B-A
I591	1	1JH4-B-A
I592	1	1JJ2-1-R
I593	1	1JK4-B-A
I594	1	1JW6-B-A
I595	1	1K4U-P-S
I596	1	1KAP-I-P
I597	1	1KLQ-B-A
I598	1	1KY6-P-A
I599	1	1L2Z-B-A
I6	79	1RJK-C-A, 1RK3-C-A, 1RKG-C-A, 1RKH-C-A, 2HC4-B-A, 2O4J-C-A, 2O4R-C-A, 2ZFX-C-A, 2ZL9-C-A, 2ZLA-C-A, 2ZLC-C-A, 2ZMH-C-A, 2ZMI-C-A, 2ZMJ-C-A, 2ZXN-C-A, 3A2H-B-A, 3AFR-C-A, 3AUN-B-A, 3O1D-B-A, 3O1E-B-A, 3VJS-C-A, 3VJT-C-A, 3VRT-C-A, 3VRU-C-A, 3VRV-C-A, 3VRW-C-A, 3VT3-C-A, 3VT4-C-A, 3VT5-C-A, 3VT6-C-A, 3VT7-C-A, 3VT8-C-A, 3VT9-C-A, 3VTB-B-A, 3VTC-B-A, 3W0G-C-A, 3W0H-C-A, 3W0I-C-A, 3W0J-C-A, 3W5P-C-A, 3W5Q-C-A, 3W5R-C-A, 3W5T-C-A, 3WT5-C-A, 3WT6-C-A, 3WT7-C-A, 3WTQ-C-A, 4FHH-B-A, 4FHI-B-A, 4G1Z-B-A, 4G2H-B-A, 4IA1-B-A, 4Q0A-D-C, 4RUJ-B-A, 4YNK-C-A, 5AWJ-C-A, 5B41-C-A, 5B5B-C-A, 5B5B-F-D, 5E7V-B-A, 5GIC-C-A, 5GID-C-A, 5LGA-B-A, 5NKY-B-A, 5OW7-B-A, 5OW9-B-A, 5OWD-B-A, 5XPL-C-A, 5XPM-C-A, 5XPN-C-A, 5XPO-C-A, 5XZF-C-A, 5XZH-C-A, 5ZWF-C-A, 5ZWH-C-A, 5ZWI-C-A, 6FO8-B-1, 6FOD-B-A, 6K5O-C-A
I60	11	1F4V-D-A, 1U8T-F-B, 2B1J-C-A, 2B1J-D-B, 2FKA-B-A, 2FLK-B-A, 2FLW-B-A, 2FMF-B-A, 2FMH-B-A, 2FMI-B-A, 2FMK-B-A
I600	1	1L3E-A-B
I601	1	1LDT-L-T
I602	1	1LVM-E-A
I603	1	1LXF-I-C
I604	1	1LXG-B-A
I605	1	1LXH-B-A
I606	1	1M45-B-A
I607	1	1M46-B-A
I608	1	1M93-A-B
I609	1	1MCV-I-A
I61	11	1NLN-B-A, 4PID-B-A, 4PIE-B-A, 4PIQ-B-A, 4PIS-B-A, 4WX4-C-A, 4WX6-B-A, 4WX6-D-C, 4WX7-B-A, 4WX7-D-C, 5FGY-B-A
I610	1	1MIZ-A-B
I611	1	1MTP-B-A
I612	1	1MV0-A-B
I613	1	1MZW-B-A
I614	1	1N0W-B-A
I615	1	1N12-D-C
I616	1	1NES-I-E
I617	1	1NH2-B-D
I618	1	1NOP-C-A
I619	1	1NPQ-B-A
I62	11	1SYQ-B-A, 1T01-B-A, 1U6H-B-A, 1ZVZ-B-A, 1ZW2-B-A, 3S90-C-A, 3S90-D-B, 3TJ5-B-A, 3ZDL-B-A, 4DJ9-B-A, 4E17-B-A
I620	1	1NVP-B-D
I621	1	1NWD-B-A
I622	1	1NWD-C-A
I623	1	1O9A-B-A
I624	1	1OAU-I-M
I625	1	1OAU-K-O
I626	1	1OC0-B-A
I627	1	1OEB-D-A
I628	1	1OJ5-B-A
I629	1	1OM2-B-A
I63	11	5M5R-C-A, 5M5S-E-A, 5M5S-F-B, 5M5T-E-A, 5M5T-F-B, 5M5U-E-A, 5M5U-F-B, 5M5V-E-A, 5M5V-F-B, 5M61-E-A, 5M61-F-B
I630	1	1ONV-B-A
I631	1	1OQP-B-A
I632	1	1OR8-C-A
I633	1	1OR8-E-A
I634	1	1ORY-B-A
I635	1	1OSV-E-B
I636	1	1OW6-D-A
I637	1	1OXG-B-A
I638	1	1OZS-B-A
I639	1	1P3Q-R-V
I64	10	1H24-E-B, 1H25-E-B, 1H26-E-B, 1H27-E-B, 2CCH-E-B, 2CCH-F-D, 3QHR-L-B, 3QHR-M-D, 3QHW-L-B, 3QHW-M-D
I640	1	1P9D-S-U
I641	1	1PCX-B-A
I642	1	1PMX-B-A
I643	1	1PNB-A-B
I644	1	1PTS-P-B
I645	1	1PU9-B-A
I646	1	1PVC-0-4
I647	1	1Q0W-A-B
I648	1	1QFN-B-A
I649	1	1QGR-B-A
I65	10	1HXL-C-A, 1HXL-D-B, 1HXZ-C-A, 1HXZ-D-B, 1RST-P-B, 1RSU-P-B, 1SLG-M-B, 1SLG-P-D, 1VWA-M-B, 1VWA-P-D
I650	1	1QLS-D-A
I651	1	1QSN-B-A
I652	1	1QXA-B-A
I653	1	1QZ7-B-A
I654	1	1R8U-A-B
I655	1	1RFF-C-A
I656	1	1RFF-E-B
I657	1	1RFI-C-A
I658	1	1RFI-E-B
I659	1	1RTF-A-B
I66	10	1Q4K-E-B, 1Q4K-F-C, 1UMW-F-B, 3BZI-E-A, 3C5L-B-A, 3HIK-B-A, 3P37-F-C, 4O56-B-A, 5DMS-B-A, 5J19-D-A
I660	1	1RXZ-B-A
I661	1	1S2K-B-A
I662	1	1S5R-A-B
I663	1	1S6C-B-A
I664	1	1S72-2-S
I665	1	1SB0-B-A
I666	1	1SDX-E-A
I667	1	1SSE-A-B
I668	1	1SSH-B-A
I669	1	1T08-B-A
I67	10	1YY6-B-A, 2FOJ-B-A, 2FOO-B-A, 2FOP-B-A, 2XXN-B-A, 3MQR-B-A, 3MQS-D-C, 4JJQ-B-A, 4KG9-B-A, 4YSI-B-A
I670	1	1T08-C-A
I671	1	1T0F-C-A
I672	1	1TAB-I-E
I673	1	1TDV-B-A
I674	1	1TJ9-B-A
I675	1	1TTW-B-A
I676	1	1TY4-D-B
I677	1	1TZS-P-A
I678	1	1TZS-X-A
I679	1	1U00-P-A
I68	10	2FYS-C-A, 2GPH-B-A, 2Y9Q-B-A, 3O71-B-A, 3TEI-B-A, 4FMQ-B-A, 4H3P-B-A, 4H3P-E-D, 4H3Q-B-A, 5V62-I-A
I680	1	1U38-B-A
I681	1	1UEL-B-A
I682	1	1UK4-H-B
I683	1	1UK4-K-B
I684	1	1UPK-B-A
I685	1	1VF6-D-B
I686	1	1VQ7-2-S
I687	1	1VQ8-2-S
I688	1	1VQ9-2-S
I689	1	1VQK-2-S
I69	10	2OT0-E-A, 2OT0-F-B, 2OT0-G-C, 2OT0-H-D, 2PC4-H-D, 3LGE-E-A, 3LGE-H-D, 4TR9-H-A, 4TR9-I-B, 4TR9-J-C
I690	1	1VQL-2-S
I691	1	1VQO-2-S
I692	1	1VQP-2-S
I693	1	1W70-C-A
I694	1	1W9E-R-A
I695	1	1WA7-B-A
I696	1	1WBP-B-A
I697	1	1WLP-A-B
I698	1	1XOC-B-A
I699	1	1XR0-A-B
I7	64	1EE5-B-A, 1PJM-A-B, 1PJN-A-B, 1Q1S-B-C, 1Q1T-B-C, 1Y2A-P-C, 2YNR-B-A, 3L3Q-B-A, 3OQS-B-A, 3RZ9-B-A, 3UKX-C-B, 3UKY-C-B, 3UKZ-C-B, 3UL0-C-B, 3UL1-A-B, 3UVU-B-A, 3ZIN-C-A, 3ZIO-C-A, 3ZIP-C-A, 3ZIQ-B-A, 3ZIR-C-A, 4BA3-B-A, 4BPL-B-A, 4BQK-C-B, 4BQK-D-A, 4MZ5-C-E, 4MZ6-C-E, 4OIH-B-A, 4WV6-B-A, 4YI0-A-C, 5B56-E-A, 5B56-F-B, 5E6Q-A-B, 5EKF-C-A, 5FC8-C-E, 5GXW-B-A, 5H2X-B-A, 5H43-C-A, 5HHG-C-E, 5HUW-A-C, 5HUY-A-C, 5K9S-B-A, 5KLR-A-B, 5SVZ-B-A, 5U5P-B-A, 5U5R-B-A, 5UMZ-D-B, 5V5O-A-C, 5V5P-A-C, 5W41-B-A, 5W4E-A-B, 5W4F-A-B, 5W4G-A-B, 5WUM-C-A, 5WUN-C-A, 5X8N-B-A, 6BVV-B-A, 6BW0-C-E, 6BW1-C-E, 6BW9-B-A, 6BWA-B-A, 6BWB-B-A, 6IU7-B-A, 6IUA-B-A
I70	10	3DIW-C-A, 3DIW-D-B, 3SFJ-B-A, 3SFJ-D-C, 4E3B-C-A, 4E3B-D-B, 4NNL-C-A, 4NNL-D-B, 4NNM-C-A, 4NNM-D-B
I700	1	1XRP-Q-A
I701	1	1YDI-B-A
I702	1	1YHQ-2-S
I703	1	1YJM-G-C
I704	1	1YOK-C-A
I705	1	1YP1-B-A
I706	1	1YRN-A-B
I707	1	1YTF-B-D
I708	1	1YTV-M-A
I709	1	1YTV-N-B
I71	10	3IPQ-B-A, 3IPS-C-A, 3IPS-D-B, 3IPU-C-A, 3IPU-D-B, 3L0E-B-A, 4DK7-B-A, 4DK7-D-C, 5HJS-C-A, 5HJS-D-B
I710	1	1YU6-D-B
I711	1	1YYP-B-A
I712	1	1ZAX-U-A
I713	1	1ZAX-V-A
I714	1	1ZAX-W-A
I715	1	1ZAX-X-A
I716	1	1ZAX-Y-A
I717	1	1ZAX-Z-A
I718	1	1ZB5-C-A
I719	1	1ZDU-Q-A
I72	10	2RQG-A-B, 2RQH-A-B, 3KTP-B-A, 3KTR-B-A, 3KUI-B-A, 3KUJ-B-A, 3KUS-C-A, 3KUS-D-B, 3PKN-B-A, 3PTH-B-A
I720	1	1ZGX-B-A
I721	1	1ZSG-B-A
I722	1	1ZUB-B-A
I723	1	1ZY3-B-A
I724	1	2A0T-B-A
I725	1	2A4J-B-A
I726	1	2A7U-A-B
I727	1	2AGH-A-B
I728	1	2AGH-C-B
I729	1	2AIN-B-A
I73	10	3PE4-B-A, 3PE4-D-C, 3TAX-B-A, 3TAX-D-C, 4GYW-B-A, 4GYW-D-C, 4GYY-B-A, 4GYY-D-C, 5HGV-B-A, 5HGV-D-C
I730	1	2AK5-D-B
I731	1	2AQ9-X-A
I732	1	2ASU-A-B
I733	1	2B1N-B-A
I734	1	2B3G-B-A
I735	1	2B6N-B-A
I736	1	2BBA-P-A
I737	1	2BCX-B-A
I738	1	2BEZ-F-C
I739	1	2BOK-L-A
I74	10	4H0H-D-B, 5YD3-B-A, 5YD3-D-C, 5YD3-F-E, 5YD3-H-G, 5YD4-B-A, 5YD4-D-C, 5YD4-F-E, 5YD4-H-G, 5YD5-D-C
I740	1	2BP3-S-B
I741	1	2BUG-B-A
I742	1	2C1M-B-A
I743	1	2CIO-B-A
I744	1	2CVY-B-A
I745	1	2CZY-B-A
I746	1	2D1X-P-A
I747	1	2D1X-Q-C
I748	1	2D7D-B-A
I749	1	2DEN-A-B
I75	10	5O3W-W-A, 5O3W-X-B, 5O3W-Y-C, 5O3W-Z-D, 5UW3-E-A, 5UW3-F-B, 5UW3-G-C, 5UW3-H-D, 5UW7-C-A, 5UW7-D-B
I750	1	2DT7-A-B
I751	1	2DYO-B-A
I752	1	2E30-B-A
I753	1	2EGN-B-A
I754	1	2EJY-B-A
I755	1	2F31-B-A
I756	1	2F3C-I-E
I757	1	2F49-C-A
I758	1	2F91-B-A
I759	1	2FF4-F-B
I76	10	5Y24-C-A, 5Y24-D-B, 5ZW6-C-A, 5ZW6-D-B, 6HP5-C-B, 6HP5-D-A, 6IM4-C-B, 6IM4-D-A, 6JG9-C-A, 6JG9-D-B
I760	1	2FFF-A-B
I761	1	2FFU-P-A
I762	1	2FHO-A-B
I763	1	2FOM-A-B
I764	1	2FP7-A-B
I765	1	2FYZ-B-E
I766	1	2FYZ-F-E
I767	1	2G30-P-A
I768	1	2G30-S-A
I769	1	2G8Z-P-A
I77	9	1EE4-D-A, 1EE4-F-B, 2YNS-C-A, 2YNS-D-B, 4B8O-C-A, 4B8P-C-A, 4B8P-D-B, 4RXH-A-B, 5VQI-C-B
I770	1	2GGV-A-B
I771	1	2GS0-B-A
I772	1	2H1C-B-A
I773	1	2H2F-B-A
I774	1	2H4J-D-A
I775	1	2H9E-L-H
I776	1	2HPL-B-A
I777	1	2HT9-X-A
I778	1	2I3S-D-C
I779	1	2I94-B-A
I78	9	1FZC-G-C, 1FZC-H-F, 1FZG-S-C, 1FZG-T-F, 1RE3-G-C, 1RE3-H-F, 2FIB-B-A, 2OYH-G-C, 2OYH-I-F
I780	1	2IJO-A-B
I781	1	2ILM-S-A
I782	1	2IQ6-B-A
I783	1	2IWB-B-A
I784	1	2JAM-D-A
I785	1	2JAM-E-B
I786	1	2JBY-B-A
I787	1	2JF1-T-A
I788	1	2JKG-P-A
I789	1	2JLD-E-A
I79	9	1H2K-S-A, 1H2L-S-A, 2XUM-S-A, 2Y0I-S-A, 3D8C-B-A, 3P3N-B-A, 4B7E-B-A, 4B7K-B-A, 5JWP-B-A
I790	1	2JMA-B-A
I791	1	2JMX-B-A
I792	1	2JNW-B-A
I793	1	2JOA-B-A
I794	1	2JOD-B-A
I795	1	2JQL-B-A
I796	1	2JW1-B-A
I797	1	2JXC-B-A
I798	1	2JZI-B-A
I799	1	2K00-B-A
I8	59	1FM6-E-D, 1FM6-Y-X, 1FM9-E-D, 1K74-E-D, 1RDT-E-D, 1ZGY-B-A, 2FVJ-B-A, 2GTK-B-A, 2HFP-B-A, 2NPA-B-A, 2NPA-D-C, 2P54-B-A, 3B1M-B-A, 3CS8-B-A, 3CWD-C-A, 3CWD-D-B, 3ET1-P-A, 3ET3-P-A, 3FEI-Z-A, 3FEJ-B-A, 3FUR-H-A, 3G8I-Z-A, 3G9E-B-A, 3H0A-E-D, 3KMG-B-A, 3KMG-E-D, 3LMP-C-A, 3QT0-C-A, 3SP6-B-A, 3T03-C-A, 3T03-D-B, 3U9Q-B-A, 3V9T-C-A, 3V9V-C-A, 3V9Y-B-A, 3VN2-C-A, 4F9M-C-A, 4HEE-Y-X, 4Y29-B-A, 5DVC-B-A, 5DWL-B-A, 5GTN-B-A, 5GTO-B-A, 5GTP-B-A, 5JI0-E-D, 5TWO-B-A, 5YCN-B-A, 5YCP-B-A, 5Z5S-C-A, 5Z6S-C-A, 6AD9-B-A, 6D94-B-A, 6FZF-C-A, 6FZF-D-B, 6FZJ-C-A, 6FZJ-D-B, 6FZP-C-A, 6IZM-C-A, 6IZN-C-A
I80	9	1NU8-D-B, 1R9N-E-A, 1R9N-F-B, 1R9N-G-C, 1R9N-H-D, 1WCY-C-A, 1WCY-D-B, 2BGR-Y-A, 2BGR-Z-B
I800	1	2K20-B-A
I801	1	2K2I-B-A
I802	1	2K2R-B-A
I803	1	2K2U-B-A
I804	1	2K3W-B-A
I805	1	2K42-B-A
I806	1	2K7L-B-A
I807	1	2K7W-B-A
I808	1	2K8F-B-A
I809	1	2K9U-B-A
I81	9	1SKG-B-A, 1TG4-I-A, 1TJK-I-A, 1TK4-B-A, 2GNS-P-A, 2PB8-P-A, 3FG5-C-A, 4FGA-P-A, 4GLD-B-A
I810	1	2KA6-B-A
I811	1	2KA9-B-A
I812	1	2KA9-C-A
I813	1	2KBS-B-A
I814	1	2KC8-B-A
I815	1	2KDU-B-A
I816	1	2KE1-B-A
I817	1	2KGB-I-C
I818	1	2KHS-B-A
I819	1	2KHW-A-B
I82	9	1X2R-B-A, 2DYH-B-A, 2FLU-P-X, 2Z32-B-A, 4IFL-P-X, 5WFV-P-A, 5WG1-P-A, 5X54-C-A, 5X54-D-B
I820	1	2KJE-B-A
I821	1	2KNE-B-A
I822	1	2KNH-B-A
I823	1	2KOH-B-A
I824	1	2KPL-B-A
I825	1	2KQF-B-A
I826	1	2KQS-B-A
I827	1	2KRB-B-A
I828	1	2KS9-B-A
I829	1	2KSA-B-A
I83	9	1Y7L-P-A, 2Q3C-B-A, 3IQG-P-X, 3IQH-P-X, 3IQI-P-X, 4NU8-A-X, 5XOQ-C-A, 5XOQ-D-B, 6AIF-B-A
I830	1	2KSB-B-A
I831	1	2KT5-B-A
I832	1	2KWK-B-A
I833	1	2KWV-A-B
I834	1	2KXC-B-A
I835	1	2KXH-B-A
I836	1	2KXQ-B-A
I837	1	2KYL-B-A
I838	1	2KYM-B-A
I839	1	2KZU-B-A
I84	9	2VM6-B-A, 2VOG-B-A, 2VOH-B-A, 2VOI-B-A, 3I1H-B-A, 3MQP-B-A, 4ZEQ-B-A, 5UUK-B-A, 6MBC-B-A
I840	1	2L0F-B-A
I841	1	2L0Y-B-A
I842	1	2L1W-B-A
I843	1	2L27-B-A
I844	1	2L2I-B-A
I845	1	2L35-B-A
I846	1	2L4T-B-A
I847	1	2L6J-B-A
I848	1	2L9B-B-A
I849	1	2L9S-A-B
I85	9	2X0X-D-A, 2X0X-E-B, 2X0X-F-C, 2XAP-D-A, 2XAP-E-B, 2XAP-F-C, 2XO4-D-A, 2XO4-E-B, 2XO4-F-C
I850	1	2LAS-B-A
I851	1	2LCS-B-A
I852	1	2LE8-B-A
I853	1	2LEH-B-A
I854	1	2LGF-B-A
I855	1	2LGG-B-A
I856	1	2LI5-B-A
I857	1	2LKM-A-B
I858	1	2LL7-B-A
I859	1	2LOB-B-A
I86	9	3M5M-C-B, 3M5N-F-B, 3M5N-H-D, 3M5O-C-A, 3M5O-D-B, 3RC4-B-A, 3RC5-B-A, 4JMY-E-A, 4JMY-F-B
I860	1	2LOX-B-A
I861	1	2LOZ-B-A
I862	1	2LP0-B-A
I863	1	2LPB-B-A
I864	1	2LR1-B-A
I865	1	2LSK-B-A
I866	1	2LSV-B-A
I867	1	2LXM-B-A
I868	1	2LY4-B-A
I869	1	2LYD-B-A
I87	9	3LW1-P-A, 6QZR-R-F, 6QZR-J-E, 6QZR-M-B, 6QZR-N-A, 6QZR-O-C, 6QZR-P-D, 6QZR-T-G, 6QZR-U-H
I870	1	2M04-B-A
I871	1	2M0J-B-A
I872	1	2M0K-B-A
I873	1	2M0U-B-A
I874	1	2M0V-B-A
I875	1	2M14-B-A
I876	1	2M41-A-B
I877	1	2M8S-B-A
I878	1	2MBB-A-B
I879	1	2MBH-B-A
I88	9	3PLU-C-A, 3PLU-D-B, 3PLV-C-A, 4PYU-C-A, 4PYU-D-B, 4PYU-H-G, 4PYU-L-K, 4PYU-P-O, 4PYU-T-S
I880	1	2MC6-B-A
I881	1	2MES-B-A
I882	1	2MG5-B-A
I883	1	2MGU-M-A
I884	1	2MH0-A-B
I885	1	2MJF-A-B
I886	1	2MKC-B-A
I887	1	2MKC-C-A
I888	1	2MKR-B-A
I889	1	2MNJ-A-B
I89	9	4XO9-B-A, 4XOD-B-A, 4XOE-B-A, 5JQI-G-H, 5JQI-A-B, 5JQI-C-D, 5JQI-E-F, 6GTV-D-C, 6GU0-B-A
I890	1	2MNU-B-A
I891	1	2MOW-B-A
I892	1	2MSR-A-B
I893	1	2MTP-B-A
I894	1	2MTP-C-A
I895	1	2MV7-B-A
I896	1	2MW2-B-A
I897	1	2MW2-C-A
I898	1	2MWN-A-B
I899	1	2MY2-B-A
I9	45	1FM6-V-U, 1FM9-B-A, 1K74-B-A, 1MV9-B-A, 1MVC-B-A, 1MZN-B-A, 1MZN-D-C, 1MZN-F-E, 1MZN-H-G, 1RDT-B-A, 1XIU-E-A, 1XIU-F-B, 2P1T-B-A, 2P1U-B-A, 2P1V-B-A, 3E94-B-A, 3FUG-B-A, 3H0A-B-A, 3KWY-B-A, 3OAP-B-A, 3OZJ-B-A, 3OZJ-D-C, 3PCU-B-A, 4K4J-B-A, 4K6I-B-A, 4M8E-B-A, 4M8H-B-A, 4OC7-B-A, 4POH-B-A, 4POJ-B-A, 4PP3-B-A, 4PP5-B-A, 4RFW-G-A, 4RMD-B-A, 4RME-B-A, 4ZSH-B-A, 5EC9-B-A, 5JI0-F-A, 5LYQ-B-A, 5MJ5-B-A, 5MK4-B-A, 5MK4-D-C, 5MKJ-B-A, 5MKU-B-A, 6A5Y-F-D
I90	8	1CMI-C-A, 1CMI-D-B, 3BRL-C-A, 3E2B-C-A, 4D07-B-A, 5E0L-C-A, 5E0M-C-A, 6GZL-B-A
I900	1	2MY3-B-A
I901	1	2MZD-B-A
I902	1	2N01-A-B
I903	1	2N0Y-B-A
I904	1	2N13-D-C
I905	1	2N23-B-A
I906	1	2N2H-A-B
I907	1	2N3A-A-B
I908	1	2N4Q-A-B
I909	1	2N55-B-A
I91	8	1M4P-B-A, 1M4Q-B-A, 3OBQ-B-A, 3OBU-B-A, 3OBX-B-A, 4EJE-C-A, 4EJE-D-B, 4ZNY-B-A
I910	1	2N77-B-A
I911	1	2N8J-B-A
I912	1	2N9X-B-A
I913	1	2NNU-B-A
I914	1	2OFQ-B-A
I915	1	2OKR-C-A
I916	1	2OOB-A-B
I917	1	2ORZ-B-A
I918	1	2OS6-B-A
I919	1	2OVR-C-B
I92	8	1SOZ-D-A, 1SOZ-E-B, 2R3Y-D-A, 2R3Y-E-B, 2R3Y-F-C, 4RQZ-D-A, 4RQZ-E-B, 4RQZ-F-C
I920	1	2OXZ-Y-A
I921	1	2P58-A-C
I922	1	2P58-B-C
I923	1	2PCU-B-A
I924	1	2PDZ-B-A
I925	1	2PHG-B-A
I926	1	2PIE-F-A
I927	1	2PKU-B-A
I928	1	2PQ4-B-A
I929	1	2PQN-B-A
I93	8	1YTI-I-A, 3DOX-P-A, 3DOX-Q-A, 4EP2-B-A, 4EP3-E-A, 4EPJ-D-A, 4EQ0-P-A, 4EQJ-G-A
I930	1	2PR3-B-A
I931	1	2PUY-E-B
I932	1	2PV1-B-A
I933	1	2PVF-B-A
I934	1	2Q5Y-B-A
I935	1	2Q6G-C-A
I936	1	2QBW-B-A
I937	1	2QHO-D-C
I938	1	2QHO-H-G
I939	1	2QIY-D-B
I94	8	2G47-C-A, 2G47-D-B, 2G49-C-A, 2G49-D-B, 2G54-C-A, 2G54-D-B, 2G56-C-A, 2G56-D-B
I940	1	2QN6-C-A
I941	1	2QOS-A-C
I942	1	2R0L-B-A
I943	1	2R7G-E-A
I944	1	2R9Q-Y-B
I945	1	2RL0-E-D
I946	1	2ROL-B-A
I947	1	2RPQ-B-A
I948	1	2RQU-B-A
I949	1	2RQW-B-A
I95	8	2QXV-B-A, 5GSA-C-A, 5H17-B-A, 5H19-B-A, 5U5T-C-A, 5U5T-D-B, 5U62-C-A, 5WUK-B-A
I950	1	2RR3-B-A
I951	1	2RVB-A-B
I952	1	2V1R-P-B
I953	1	2V1R-Q-A
I954	1	2V1R-R-A
I955	1	2V2F-A-F
I956	1	2V5F-X-A
I957	1	2V5W-G-B
I958	1	2V6Q-B-A
I959	1	2V6X-B-A
I96	8	3N55-B-A, 3NJF-B-A, 3NJF-D-C, 3NJG-B-A, 3NJI-B-A, 3NJJ-B-A, 3NJN-B-A, 3NJN-D-C
I960	1	2V8C-C-A
I961	1	2VDA-B-A
I962	1	2VKN-C-A
I963	1	2VQE-U-M
I964	1	2VT1-A-B
I965	1	2VU8-I-E
I966	1	2VWL-L-A
I967	1	2VWN-L-A
I968	1	2VWO-L-A
I969	1	2W10-C-B
I97	8	3WOO-C-A, 3WOO-D-B, 3WOP-C-A, 3WOP-D-B, 3WOQ-C-A, 3WOQ-D-B, 3WOR-C-A, 3WOR-D-B
I970	1	2W10-D-A
I971	1	2W3I-B-A
I972	1	2W3K-B-A
I973	1	2WAY-B-A
I974	1	2WHX-C-A
I975	1	2WJG-C-A
I976	1	2WO6-C-B
I977	1	2WOK-B-A
I978	1	2WPM-L-S
I979	1	2WPV-H-G
I98	8	4EXT-B-C, 5O8K-B-A, 5XPT-B-A, 5XPU-B-A, 6BC8-B-A, 6BCD-B-A, 6EKJ-B-A, 6EKL-B-A
I980	1	2X6M-B-A
I981	1	2XBV-L-A
I982	1	2XBX-L-A
I983	1	2XBY-L-A
I984	1	2XC0-L-A
I985	1	2XC5-L-A
I986	1	2XC8-C-B
I987	1	2XJY-B-A
I988	1	2XS1-B-A
I989	1	2XS8-B-A
I99	8	3ZRK-X-A, 3ZRK-Y-B, 3ZRL-X-A, 3ZRL-Y-B, 3ZRM-X-A, 3ZRM-Y-B, 4AFJ-X-A, 4AFJ-Y-B
I990	1	2Y65-Y-A
I991	1	2YB8-A-B
I992	1	2YBF-B-A
I993	1	2YCH-B-A
I994	1	2YKA-B-A
I995	1	2YNO-P-A
I996	1	2Z7F-I-E
I997	1	2Z9I-E-B
I998	1	2ZL2-V-K
I999	1	2ZNE-D-B
