S0	503	1FM6-V-U, 1FM6-E-D, 1FM6-Y-X, 1FM9-B-A, 1FM9-E-D, 1GWQ-C-A, 1GWQ-D-B, 1K4W-B-A, 1K74-B-A, 1K74-E-D, 1L2I-C-A, 1L2I-D-B, 1MV9-B-A, 1MVC-B-A, 1MZN-B-A, 1MZN-D-C, 1MZN-F-E, 1MZN-H-G, 1N4H-B-A, 1NQ7-B-A, 1NRL-C-A, 1NRL-D-B, 1OQP-B-A, 1PZL-B-A, 1RDT-B-A, 1T65-B-A, 1TFC-C-A, 1TFC-D-B, 1UHD-B-A, 1UHE-B-A, 1VC3-A-B, 1X7R-B-A, 1XIU-E-A, 1XIU-F-B, 1ZKY-C-A, 1ZKY-D-B, 2B1V-C-A, 2B1V-D-B, 2B1Z-C-A, 2B1Z-D-B, 2B23-C-A, 2B23-D-B, 2EEO-A-B, 2FAI-C-A, 2FAI-D-B, 2G5O-C-A, 2G5O-D-B, 2HC4-B-A, 2HFP-B-A, 2K2I-B-A, 2NPA-B-A, 2NPA-D-C, 2P15-C-A, 2P15-D-B, 2P1T-B-A, 2P1U-B-A, 2P1V-B-A, 2P54-B-A, 2QA8-C-A, 2QA8-D-B, 2QAB-C-A, 2QAB-D-B, 2QGT-C-A, 2QGT-D-B, 2QGW-C-A, 2QGW-D-B, 2QR9-C-A, 2QR9-D-B, 2QSE-C-A, 2QSE-D-B, 2QXM-C-A, 2QXM-D-B, 2QZO-C-A, 2QZO-D-B, 3BEJ-E-A, 3BEJ-F-B, 3CWD-C-A, 3CWD-D-B, 3E94-B-A, 3ERD-C-A, 3ERD-D-B, 3ET1-P-A, 3ET3-P-A, 3FUG-B-A, 3HM1-C-A, 3HM1-D-B, 3IPQ-B-A, 3IPS-C-A, 3IPS-D-B, 3IPU-C-A, 3IPU-D-B, 3KMG-B-A, 3KMG-E-D, 3KMR-C-A, 3KWY-B-A, 3KYT-C-A, 3L03-C-A, 3L03-D-B, 3L0J-C-A, 3LMP-C-A, 3O1D-B-A, 3O1E-B-A, 3OAP-B-A, 3OLL-C-A, 3OLL-D-B, 3OLS-C-A, 3OLS-D-B, 3OMO-C-A, 3OMO-D-B, 3OMP-C-A, 3OMP-D-B, 3OMQ-C-A, 3OMQ-D-B, 3OZJ-B-A, 3OZJ-D-C, 3PCU-B-A, 3PLX-A-B, 3Q95-C-A, 3Q95-D-B, 3QT0-C-A, 3T03-C-A, 3T03-D-B, 3UU7-F-A, 3UU7-G-B, 3UUA-F-A, 3UUA-G-B, 3UUD-C-A, 3UUD-D-B, 3V9Y-B-A, 3VN2-C-A, 4DM6-E-A, 4DM6-F-B, 4DM8-C-A, 4DM8-D-B, 4DMA-E-A, 4DMA-F-B, 4F9M-C-A, 4FHH-B-A, 4FHI-B-A, 4G1Z-B-A, 4G2H-B-A, 4HEE-Y-X, 4I4W-C-A, 4IA1-B-A, 4IU7-C-A, 4IU7-D-B, 4IUI-C-A, 4IUI-D-B, 4IV2-C-A, 4IV2-D-B, 4IV4-C-A, 4IV4-D-B, 4IVW-C-A, 4IVW-D-B, 4IVY-C-A, 4IVY-D-B, 4IW6-C-A, 4IW6-D-B, 4IW8-C-A, 4IW8-D-B, 4IWC-C-A, 4IWC-D-B, 4IWF-C-A, 4IWF-D-B, 4JYG-F-B, 4JYI-F-B, 4K4J-B-A, 4K6I-B-A, 4M8E-B-A, 4M8H-B-A, 4MG5-C-A, 4MG5-D-B, 4MG6-C-A, 4MG6-D-B, 4MG7-C-A, 4MG7-D-B, 4MG8-C-A, 4MG8-D-B, 4MG9-F-A, 4MG9-G-B, 4MGA-C-A, 4MGA-D-B, 4MGB-C-A, 4MGB-D-B, 4MGC-F-A, 4MGC-G-B, 4MGD-F-A, 4MGD-G-B, 4OC7-B-A, 4POH-B-A, 4POJ-B-A, 4PP3-B-A, 4PP5-B-A, 4PP6-C-A, 4PP6-D-B, 4PPS-C-A, 4PPS-D-B, 4PXM-C-A, 4PXM-D-B, 4Q0A-D-C, 4Q13-C-A, 4Q13-D-B, 4RFW-G-A, 4RMD-B-A, 4RME-B-A, 4RUJ-B-A, 4TUZ-F-A, 4TUZ-G-B, 4TV1-C-A, 4TV1-D-B, 4WPF-B-A, 4XT9-B-A, 4ZN7-C-B, 4ZN7-D-A, 4ZN9-C-A, 4ZN9-D-B, 4ZNH-C-A, 4ZNH-D-B, 4ZNS-C-A, 4ZNS-D-B, 4ZNT-C-A, 4ZNT-D-B, 4ZNU-C-A, 4ZNU-D-B, 4ZNV-C-B, 4ZNV-D-A, 4ZNW-C-A, 4ZNW-D-B, 4ZSH-B-A, 5A86-C-A, 5A86-D-B, 5APH-C-A, 5APJ-C-A, 5DI7-C-A, 5DI7-D-B, 5DID-C-A, 5DID-D-B, 5DIE-C-A, 5DIE-D-B, 5DIG-C-A, 5DIG-D-B, 5DK9-C-A, 5DK9-D-B, 5DKB-C-A, 5DKB-D-B, 5DKG-C-A, 5DKG-D-B, 5DL4-C-A, 5DL4-D-B, 5DLR-C-B, 5DLR-D-A, 5DMC-C-A, 5DMC-D-B, 5DMF-C-A, 5DMF-D-B, 5DP0-C-B, 5DP0-D-A, 5DRJ-C-A, 5DRJ-D-B, 5DRM-C-A, 5DRM-D-B, 5DTV-C-A, 5DTV-D-B, 5DU5-C-A, 5DU5-D-B, 5DUE-C-A, 5DUE-D-B, 5DUG-C-A, 5DUG-D-B, 5DUH-C-A, 5DUH-D-B, 5DVC-B-A, 5DVS-C-A, 5DVS-D-B, 5DWE-C-A, 5DWE-D-B, 5DWG-C-A, 5DWG-D-B, 5DWI-C-A, 5DWI-D-B, 5DWJ-C-A, 5DWJ-D-B, 5DWL-B-A, 5DXK-C-A, 5DXK-D-B, 5DXM-C-A, 5DXM-D-B, 5DXP-C-A, 5DXP-D-B, 5DXQ-C-A, 5DXQ-D-B, 5DXR-C-A, 5DXR-D-B, 5DY8-C-A, 5DY8-D-B, 5DYB-C-A, 5DYB-D-B, 5DYD-C-A, 5DYD-D-B, 5DZ0-C-A, 5DZ0-D-B, 5DZ1-C-A, 5DZ1-D-B, 5DZ3-C-A, 5DZ3-D-B, 5DZH-C-A, 5DZH-D-B, 5DZI-C-A, 5DZI-D-B, 5E0W-C-A, 5E0W-D-B, 5E0X-C-A, 5E0X-D-B, 5E14-C-A, 5E14-D-B, 5E15-C-A, 5E15-D-B, 5E19-C-B, 5E19-D-A, 5E1C-C-A, 5E1C-D-B, 5E7V-B-A, 5EC9-B-A, 5EHJ-C-B, 5EHJ-D-A, 5EI1-C-A, 5EI1-D-B, 5G42-C-A, 5G44-C-A, 5G45-C-A, 5G46-C-A, 5GTN-B-A, 5GTO-B-A, 5GTP-B-A, 5HJS-C-A, 5HJS-D-B, 5JI0-E-D, 5JI0-F-A, 5JMM-F-A, 5JMM-G-B, 5KCC-C-A, 5KCC-D-B, 5KCD-C-A, 5KCD-D-B, 5KCE-C-B, 5KCE-D-A, 5KCF-C-B, 5KCF-D-A, 5KCT-C-A, 5KCT-D-B, 5KCU-C-A, 5KCU-D-B, 5KCW-C-A, 5KCW-D-B, 5KD9-C-A, 5KD9-D-B, 5KR9-C-A, 5KR9-D-B, 5KRA-C-A, 5KRA-D-B, 5KRA-G-E, 5KRA-H-F, 5KRC-C-B, 5KRC-D-A, 5KRF-C-A, 5KRF-D-B, 5KRH-C-A, 5KRH-D-B, 5KRI-C-A, 5KRI-D-B, 5KRK-C-A, 5KRK-D-B, 5KRL-C-A, 5KRL-D-B, 5KRM-C-A, 5KRM-D-B, 5KRO-C-A, 5KRO-D-B, 5LGA-B-A, 5LMG-C-B, 5LMG-D-A, 5LYQ-B-A, 5MEO-C-A, 5MEQ-C-A, 5MER-C-A, 5MER-F-D, 5MJ5-B-A, 5MK4-B-A, 5MK4-D-C, 5MKJ-B-A, 5MKU-B-A, 5NI5-C-A, 5NI7-C-A, 5NI8-C-A, 5NIB-C-A, 5NKY-B-A, 5OW7-B-A, 5OW9-B-A, 5OWD-B-A, 5T1Z-C-A, 5T1Z-D-B, 5TLD-C-A, 5TLD-D-B, 5TLF-C-A, 5TLF-D-B, 5TLG-C-A, 5TLG-D-B, 5TLL-C-A, 5TLL-D-B, 5TLM-C-A, 5TLM-D-B, 5TLO-C-A, 5TLO-D-B, 5TLP-C-A, 5TLP-D-B, 5TLT-C-A, 5TLT-D-B, 5TLU-C-A, 5TLU-D-B, 5TLV-C-A, 5TLV-D-B, 5TLX-C-A, 5TLX-D-B, 5TLY-C-A, 5TLY-D-B, 5TM1-C-A, 5TM1-D-B, 5TM3-C-A, 5TM3-D-B, 5TM4-C-A, 5TM4-D-B, 5TM5-C-A, 5TM5-D-B, 5TM7-C-A, 5TM7-D-B, 5TM8-C-A, 5TM8-D-B, 5TM9-C-A, 5TM9-D-B, 5TML-C-A, 5TML-D-B, 5TMM-C-A, 5TMM-D-B, 5TMO-C-A, 5TMO-D-B, 5TMQ-C-A, 5TMQ-D-B, 5TMR-C-A, 5TMR-D-B, 5TMS-C-A, 5TMS-D-B, 5TMT-C-A, 5TMT-D-B, 5TMU-C-A, 5TMU-D-B, 5TMV-C-A, 5TMV-D-B, 5TMW-C-A, 5TMW-D-B, 5TMZ-C-A, 5TMZ-D-B, 5TN1-C-A, 5TN1-D-B, 5TN4-C-A, 5TN4-D-B, 5TN5-C-A, 5TN5-D-B, 5TN6-C-A, 5TN6-D-B, 5TN7-C-A, 5TN7-D-B, 5U2D-C-A, 5U2D-D-B, 5X8U-B-A, 5X8W-B-A, 5YCN-B-A, 5YCP-B-A, 5YP6-B-A, 6A5Y-B-A, 6A5Y-F-D, 6CBZ-C-A, 6CBZ-D-B, 6CZN-C-A, 6CZN-D-B, 6D0F-C-A, 6D0F-D-B, 6E3G-C-A, 6E3G-D-B, 6ESN-C-A, 6FO8-B-1, 6FOD-B-A, 6ICJ-B-A, 6IJS-B-A, 6ILQ-B-A, 6J3N-B-A, 6JNR-C-A, 6JNR-D-B, 6R7A-C-A, 6R7J-C-A, 6R7K-C-A, 6SSQ-F-B, 6SSQ-G-A, 6STI-B-A
S1	184	1APM-I-E, 1ATP-I-E, 1CDK-I-A, 1CDK-J-B, 1FMO-I-E, 1JBP-S-E, 1L3R-I-E, 1Q61-I-A, 1Q62-I-A, 1Q8T-B-A, 1Q8U-B-A, 1Q8W-B-A, 1RDQ-I-E, 1STC-I-E, 1SVE-B-A, 1SVG-B-A, 1SVH-B-A, 1XH4-B-A, 1XH6-B-A, 1XH7-B-A, 1XH8-B-A, 1XH9-B-A, 1XHA-B-A, 1YDR-I-E, 1YDS-I-E, 1YDT-I-E, 2C1A-I-A, 2C1B-I-A, 2ERZ-I-E, 2F7E-I-E, 2F7X-I-E, 2GFC-I-A, 2GNF-I-A, 2GNG-I-A, 2GNH-I-A, 2GNI-I-A, 2GNJ-I-A, 2GU8-C-A, 2JDS-I-A, 2JDT-I-A, 2JDV-I-A, 2OH0-I-E, 2OJF-I-E, 2UVX-I-A, 2UVY-I-A, 2UVZ-I-A, 2UW0-I-A, 2UW3-I-A, 2UW4-I-A, 2UW5-I-A, 2UW6-I-A, 2UW7-I-A, 2UW8-I-A, 2UZT-B-A, 2UZU-I-E, 2UZV-2-A, 2UZW-I-E, 2VNW-I-A, 2VNY-I-A, 2VO0-I-A, 2VO3-I-A, 2VO6-I-A, 2VO7-I-A, 3AMA-B-A, 3AMB-B-A, 3DND-I-A, 3DNE-I-A, 3E8C-G-A, 3E8C-H-B, 3E8C-J-D, 3E8C-K-E, 3E8C-L-F, 3E8E-G-A, 3E8E-F-E, 3E8E-J-I, 3E8E-N-L, 3E8E-Q-P, 3FJQ-I-E, 3KKV-I-A, 3L9L-C-A, 3L9L-D-B, 3L9M-C-A, 3L9M-D-B, 3L9N-C-A, 3NX8-B-A, 3OOG-B-A, 3OW3-B-A, 3OWP-B-A, 3OXT-B-A, 3P0M-B-A, 3POO-B-A, 3QAL-I-E, 3QAM-I-E, 3VQH-B-A, 3X2U-S-A, 3X2V-S-A, 3X2W-S-A, 3ZO1-I-A, 3ZO2-I-A, 3ZO3-I-A, 3ZO4-I-A, 4AXA-I-A, 4C33-I-A, 4C34-I-A, 4C35-I-A, 4C37-I-A, 4C38-I-A, 4DFX-I-E, 4DFZ-I-E, 4DG0-I-E, 4DG2-I-E, 4DG3-A-E, 4DH1-I-A, 4DH3-I-A, 4DH5-I-A, 4DH7-I-A, 4DH8-I-A, 4IAC-S-A, 4IE9-I-A, 4O22-S-A, 4UJ1-B-A, 4UJ2-B-A, 4UJ9-B-A, 4UJA-B-A, 4WB5-I-A, 4WB6-I-A, 4WB6-J-B, 4WB8-I-A, 4WIH-B-A, 4XW4-B-A, 4XW5-B-A, 4XW6-B-A, 4YXR-I-A, 4YXS-I-A, 4Z83-I-E, 4Z84-I-A, 5BX6-B-A, 5LCT-B-A, 5LCU-B-A, 5M0C-B-A, 5M0L-B-A, 5M6V-B-A, 5M6Y-B-A, 5M71-B-A, 5M75-B-A, 5MHI-B-A, 5N1D-B-A, 5N1E-B-A, 5N1L-B-A, 5N1M-B-A, 5N1N-B-A, 5N1O-B-A, 5N23-B-A, 5N32-B-A, 5N33-B-A, 5N36-B-A, 5N37-B-A, 5N39-B-A, 5N3A-B-A, 5N3B-B-A, 5N3C-B-A, 5N3D-B-A, 5N3E-B-A, 5N3F-B-A, 5N7P-B-A, 5N7U-B-A, 5O0E-C-A, 5OTG-D-A, 5OUS-B-A, 5UZK-I-A, 5VHB-B-A, 5VI9-B-A, 5VIB-B-A, 6E99-B-A, 6EH2-B-A, 6EH3-C-A, 6EMD-D-A, 6ERT-D-A, 6ERV-B-A, 6ERW-D-A, 6F14-B-A, 6FRX-B-A, 6I2D-D-A, 6QJ7-B-A
S10	8	4LEB-B-A, 4N39-B-A, 4N3A-B-A, 4N3B-B-A, 6MA2-B-A, 6MA3-B-A, 6MA4-B-A, 6MA5-B-A
S100	5	1GUX-E-B, 2W3I-B-A, 2W3K-B-A, 3KL6-B-A, 4YOZ-B-A
S1000	1	2FOP-B-A
S1001	1	2FOT-C-A
S1002	1	2FYS-C-A
S1003	1	2FYY-C-A
S1004	1	2G30-P-A
S1005	1	2G30-S-A
S1006	1	2G3Q-A-B
S1007	1	2G49-C-A
S1008	1	2G49-D-B
S1009	1	2GNS-P-A
S101	23	3G1B-C-A, 3G1B-D-B, 3GQ1-C-A, 3GQ1-D-B, 3RRB-B-A, 3RRE-B-A, 3RRF-B-A, 3RRJ-B-A, 3RS8-B-A, 3RS9-B-A, 3RSF-B-A, 3RSG-B-A, 3RSQ-B-A, 3RSS-B-A, 3RT7-B-A, 3RT9-B-A, 3RTA-B-A, 3RTB-B-A, 3RTC-B-A, 3RTD-B-A, 3RTE-B-A, 3RTG-B-A, 3RU2-B-A
S1010	1	2GPH-B-A
S1011	1	2GPO-C-A
S1012	1	2GS0-B-A
S1013	1	2H1C-B-A
S1014	1	2H1U-P-A
S1015	1	2HD4-B-A
S1016	1	2HN7-C-A
S1017	1	2HPZ-B-A
S1018	1	2I3S-D-C
S1019	1	2I94-B-A
S102	5	1G6G-E-A, 1G6G-F-B, 1J4Q-B-A, 1K3Q-B-A, 2FF4-F-B
S1020	1	2IWB-B-A
S1021	1	2JAM-D-A
S1022	1	2JAM-E-B
S1023	1	2JF1-T-A
S1024	1	2JF9-Q-B
S1025	1	2JK9-B-A
S1026	1	2JLD-E-A
S1027	1	2JMX-B-A
S1028	1	2JNW-B-A
S1029	1	2JOA-B-A
S103	5	6ILC-C-A, 6J2D-C-A, 6J2H-C-A, 6J2H-F-D, 6K7T-C-A
S1030	1	2JOD-B-A
S1031	1	2JOG-B-A
S1032	1	2JQI-B-A
S1033	1	2JQK-B-A
S1034	1	2JQL-B-A
S1035	1	2JW1-B-A
S1036	1	2JXC-B-A
S1037	1	2JZ3-A-C
S1038	1	2K00-B-A
S1039	1	2K3W-B-A
S104	5	5FPX-E-A, 5JWE-P-A, 5JWE-Q-C, 5JWE-R-E, 5JWE-S-G
S1040	1	2K42-B-A
S1041	1	2K6Q-B-A
S1042	1	2K7L-B-A
S1043	1	2K9U-B-A
S1044	1	2KA6-B-A
S1045	1	2KBR-B-A
S1046	1	2KBS-B-A
S1047	1	2KC8-B-A
S1048	1	2KDU-B-A
S1049	1	2KHS-B-A
S105	5	5A0R-D-A, 5A0R-E-B, 6R4Y-E-A, 6R4Z-D-B, 6R4Z-E-A
S1050	1	2KJE-B-A
S1051	1	2KOH-B-A
S1052	1	2KQF-B-A
S1053	1	2KQS-B-A
S1054	1	2KSP-B-A
S1055	1	2KT5-B-A
S1056	1	2KXC-B-A
S1057	1	2KXH-B-A
S1058	1	2KXQ-B-A
S1059	1	2KZU-B-A
S106	5	3GDV-D-A, 3GDV-E-B, 3GDV-F-C, 4RQZ-D-A, 4RQZ-F-C
S1060	1	2L0Y-B-A
S1061	1	2L1W-B-A
S1062	1	2L27-B-A
S1063	1	2L2I-B-A
S1064	1	2L35-B-A
S1065	1	2L4T-B-A
S1066	1	2L53-B-A
S1067	1	2L9B-B-A
S1068	1	2LAS-B-A
S1069	1	2LE8-B-A
S107	5	1OXQ-F-E, 1TW6-C-A, 3UIH-P-A, 3UIH-Q-B, 4J46-B-A
S1070	1	2LEH-B-A
S1071	1	2LGF-B-A
S1072	1	2LI5-B-A
S1073	1	2LL6-B-A
S1074	1	2LOX-B-A
S1075	1	2LOZ-B-A
S1076	1	2LP0-B-A
S1077	1	2LPB-B-A
S1078	1	2LQC-B-A
S1079	1	2LR1-B-A
S108	4	3C3O-B-A, 3C5T-B-A, 5MK1-F-B, 5MK1-H-C
S1080	1	2LSI-B-A
S1081	1	2LSJ-B-A
S1082	1	2LSR-B-A
S1083	1	2LY4-B-A
S1084	1	2LYD-B-A
S1085	1	2M14-B-A
S1086	1	2M41-A-B
S1087	1	2M8S-B-A
S1088	1	2MC6-B-A
S1089	1	2MHO-B-A
S109	4	5Z38-E-C, 5Z38-G-A, 5Z38-I-D, 5Z38-K-B
S1090	1	2MJF-A-B
S1091	1	2MKR-B-A
S1092	1	2MNJ-A-B
S1093	1	2MNU-B-A
S1094	1	2MOW-B-A
S1095	1	2MRO-B-A
S1096	1	2MS4-B-A
S1097	1	2MSR-A-B
S1098	1	2MTP-B-A
S1099	1	2MTP-C-A
S11	8	1HSA-C-A, 1HSA-F-D, 2PQ4-B-A, 2WJG-C-A, 3DRI-B-A, 3FS1-B-A, 4C2F-C-A, 4NAQ-B-A
S110	4	2N77-B-A, 6C0A-B-A, 6CTB-B-A, 6U3A-D-B
S1100	1	2MV7-B-A
S1101	1	2N01-A-B
S1102	1	2N0Y-B-A
S1103	1	2N13-D-C
S1104	1	2N1G-B-A
S1105	1	2N2H-A-B
S1106	1	2N3A-A-B
S1107	1	2N3K-B-A
S1108	1	2N4Q-A-B
S1109	1	2N55-B-A
S111	4	2LOB-B-A, 2M0U-B-A, 2M0V-B-A, 4Q6H-B-A
S1110	1	2N9X-B-A
S1111	1	2NCZ-B-A
S1112	1	2ND0-B-A
S1113	1	2ND1-B-A
S1114	1	2NNU-B-A
S1115	1	2ODB-B-A
S1116	1	2OFQ-B-A
S1117	1	2OKR-C-A
S1118	1	2OOB-A-B
S1119	1	2OS6-B-A
S112	161	1GWR-C-A, 1GWR-D-B, 1M2Z-B-A, 1M2Z-E-D, 1OSV-C-A, 1OSV-D-B, 1OSV-E-B, 1T63-B-A, 1YOK-B-A, 1YOK-C-A, 1ZDT-P-A, 1ZDT-Q-B, 1ZDU-P-A, 1ZDU-Q-A, 2AO6-B-A, 2Q7J-B-A, 2Q7L-B-A, 2QPY-B-A, 3DCT-B-A, 3E7C-H-A, 3E7C-D-B, 3FEI-Z-A, 3FXV-B-A, 3G8I-Z-A, 3GN8-C-A, 3GN8-E-B, 3K22-H-A, 3K22-D-B, 3L0E-B-A, 3L3Z-B-A, 3MNE-B-A, 3MNO-B-A, 3MNP-B-A, 3OKH-B-A, 3OKI-B-A, 3OKI-D-C, 3OLF-B-A, 3OLF-D-C, 3OMK-B-A, 3OMK-D-C, 3OMM-B-A, 3OMM-D-C, 3OOF-B-A, 3OOF-D-C, 3OOK-B-A, 3OOK-D-C, 3P89-B-A, 3PLZ-C-A, 3PLZ-D-B, 3RUU-B-A, 3UP0-Q-B, 3UP3-P-A, 4A1T-C-A, 4A1T-D-B, 4A1V-C-A, 4A1V-D-B, 4A1X-C-A, 4A1X-D-B, 4CSJ-B-A, 4DK7-B-A, 4DK7-D-C, 4DOS-B-A, 4DOS-C-A, 4E2J-C-A, 4E2J-E-B, 4P6W-B-A, 4P6X-B-A, 4P6X-F-E, 4P6X-J-I, 4P6X-L-K, 4PLD-B-A, 4PLE-B-A, 4PLE-H-G, 4QE6-B-A, 4UDC-B-A, 4UDD-B-A, 5G3J-B-A, 5G5W-B-A, 5ICK-C-B, 5ICK-D-A, 5L11-C-A, 5NFP-B-A, 5NFT-B-A, 5Q0J-B-A, 5Q0J-D-C, 5Q0K-B-A, 5Q0L-B-A, 5Q0L-D-C, 5Q0M-B-A, 5Q0N-B-A, 5Q0N-D-C, 5Q0O-B-A, 5Q0O-D-C, 5Q0P-B-A, 5Q0P-D-C, 5Q0R-B-A, 5Q0S-B-A, 5Q0S-D-C, 5Q0T-B-A, 5Q0U-B-A, 5Q0U-D-C, 5Q0V-B-A, 5Q0V-D-C, 5Q0W-B-A, 5Q0X-B-A, 5Q0Y-B-A, 5Q0Y-D-C, 5Q0Z-B-A, 5Q0Z-D-C, 5Q10-B-A, 5Q11-B-A, 5Q12-B-A, 5Q13-B-A, 5Q13-D-C, 5Q14-B-A, 5Q14-D-C, 5Q15-B-A, 5Q15-D-C, 5Q16-B-A, 5Q16-D-C, 5Q17-B-A, 5Q18-B-A, 5Q18-D-C, 5Q19-B-A, 5Q19-D-C, 5Q1A-B-A, 5Q1A-D-C, 5Q1B-B-A, 5Q1B-D-C, 5Q1C-B-A, 5Q1C-D-C, 5Q1D-B-A, 5Q1D-D-C, 5Q1E-B-A, 5Q1F-B-A, 5Q1F-D-C, 5Q1G-B-A, 5Q1H-B-A, 5Q1H-D-C, 5Q1H-F-E, 5Q1H-H-G, 5Q1I-B-A, 5SYZ-C-A, 5XPL-C-A, 5Y1J-U-A, 5Y44-B-A, 5Y49-D-A, 5Y49-E-B, 5YXL-B-A, 5YXL-D-C, 6EL6-B-A, 6EL7-B-A, 6EL9-B-A, 6HL0-B-A, 6HL1-B-A, 6ITM-B-A, 6ITM-D-C, 6KKB-D-X, 6OQX-C-A, 6OQY-C-A, 6OR1-C-A
S1120	1	2OV2-L-D
S1121	1	2OVH-B-A
S1122	1	2OVR-C-B
S1123	1	2OXZ-Y-A
S1124	1	2P58-A-C
S1125	1	2P58-B-C
S1126	1	2P8Q-B-A
S1127	1	2PB8-P-A
S1128	1	2PCU-B-A
S1129	1	2PIE-F-A
S113	23	3P4M-C-D, 3P4M-F-A, 3P4N-C-D, 3P4N-F-A, 3P4O-C-D, 3P4O-F-A, 6ICV-C-A, 6ICV-D-B, 6MBJ-Y-A, 6MBJ-Z-B, 6MBK-Y-A, 6MBK-Z-B, 6MBL-Y-A, 6OX0-Y-A, 6OX0-Z-B, 6OX3-Y-A, 6OX3-Z-B, 6OX4-Y-A, 6OX4-Z-B, 6OX5-Y-A, 6V62-Y-A, 6V63-Y-A, 6V63-Z-B
S1130	1	2PKL-B-A
S1131	1	2PKU-B-A
S1132	1	2PQ2-B-A
S1133	1	2PQN-B-A
S1134	1	2PUX-C-B
S1135	1	2PV1-B-A
S1136	1	2Q5Y-B-A
S1137	1	2Q6G-C-A
S1138	1	2QA9-I-E
S1139	1	2QIY-D-B
S114	4	2KXW-B-A, 2M5E-B-A, 6BUT-B-A, 6MUE-B-A
S1140	1	2QME-I-A
S1141	1	2QN6-C-A
S1142	1	2QOS-A-C
S1143	1	2R0L-B-A
S1144	1	2R9Q-Y-B
S1145	1	2RL0-E-D
S1146	1	2ROL-B-A
S1147	1	2RPQ-B-A
S1148	1	2RQU-B-A
S1149	1	2RR3-B-A
S115	4	1CFF-B-A, 2KNE-B-A, 6AMT-C-A, 6AMT-F-D
S1150	1	2RVB-A-B
S1151	1	2V1R-R-A
S1152	1	2V2F-A-F
S1153	1	2V6X-B-A
S1154	1	2VDA-B-A
S1155	1	2VQE-U-M
S1156	1	2VT1-A-B
S1157	1	2VZG-A-B
S1158	1	2WAY-B-A
S1159	1	2WO6-C-B
S116	4	2FFU-P-A, 5AJN-P-A, 5AJO-B-A, 6E7I-P-A
S1160	1	2WPM-L-S
S1161	1	2WPV-H-G
S1162	1	2XC8-C-B
S1163	1	2XCB-C-A
S1164	1	2XFX-C-A
S1165	1	2XJY-B-A
S1166	1	2XPP-B-A
S1167	1	2XRW-B-A
S1168	1	2XS1-B-A
S1169	1	2XS8-B-A
S117	4	2CE9-X-A, 2CE9-Y-C, 4GNT-B-A, 5F74-B-A
S1170	1	2XU7-C-B
S1171	1	2XXN-B-A
S1172	1	2Y65-Y-A
S1173	1	2Y7L-B-A
S1174	1	2Y8T-E-D
S1175	1	2Y9Q-B-A
S1176	1	2YB8-A-B
S1177	1	2YBF-B-A
S1178	1	2YCH-B-A
S1179	1	2YKA-B-A
S118	4	2BSS-C-A, 4G8I-C-A, 4G9D-C-A, 6PYL-C-A
S1180	1	2YNN-P-A
S1181	1	2Z32-B-A
S1182	1	2Z9I-E-B
S1183	1	2Z9I-H-B
S1184	1	2ZL2-V-K
S1185	1	2ZNL-B-A
S1186	1	2ZPY-B-A
S1187	1	2ZU0-D-B
S1188	1	3AJB-B-A
S1189	1	3AL3-B-A
S119	4	1K4U-P-S, 1SSH-B-A, 1W70-C-A, 1ZSG-B-A
S1190	1	3AYU-B-A
S1191	1	3B7S-B-A
S1192	1	3B7T-B-A
S1193	1	3BEV-C-A
S1194	1	3BIN-B-A
S1195	1	3BO8-C-A
S1196	1	3BQO-B-A
S1197	1	3BRH-C-A
S1198	1	3BRH-D-B
S1199	1	3BS4-B-A
S12	8	5F85-B-A, 5F86-B-A, 5KXH-B-A, 5KY0-B-A, 5KY3-B-A, 5KY4-B-A, 5KY5-B-A, 5KY9-B-A
S120	4	1Z9O-J-D, 1Z9O-L-F, 5ET0-B-A, 5ET0-D-C
S1200	1	3BU8-D-B
S1201	1	3BUA-F-B
S1202	1	3BW9-C-A
S1203	1	3BWA-C-A
S1204	1	3BXM-I-A
S1205	1	3BZI-E-A
S1206	1	3C0T-B-A
S1207	1	3C59-B-A
S1208	1	3C9N-C-A
S1209	1	3C9Q-L-A
S121	4	1OU8-C-A, 1OU8-D-B, 1TWB-C-A, 1TWB-D-B
S1210	1	3CDW-H-A
S1211	1	3CV0-B-A
S1212	1	3CVL-B-A
S1213	1	3CVN-B-A
S1214	1	3CVP-B-A
S1215	1	3D1E-P-A
S1216	1	3D3X-C-A
S1217	1	3D9T-C-A
S1218	1	3DBO-A-B
S1219	1	3DCG-E-D
S122	4	1RDT-E-D, 2KNH-B-A, 2KWF-B-A, 2MH0-A-B
S1220	1	3DD7-D-C
S1221	1	3DOX-P-A
S1222	1	3DOX-Q-A
S1223	1	3DPC-C-B
S1224	1	3DRF-B-A
S1225	1	3DRJ-B-A
S1226	1	3DRK-B-A
S1227	1	3DVE-B-A
S1228	1	3E0M-E-A
S1229	1	3E4Z-D-B
S123	4	1JPL-E-A, 1JPL-G-C, 1JWG-C-A, 1JWG-D-B
S1230	1	3E50-C-A
S1231	1	3EAR-B-A
S1232	1	3EBB-E-A
S1233	1	3EU7-X-A
S1234	1	3EWT-E-A
S1235	1	3F6K-N-A
S1236	1	3FMA-P-E
S1237	1	3FOM-P-A
S1238	1	3FP7-I-E
S1239	1	3FQT-C-A
S124	22	2BFX-C-B, 2BFX-D-A, 2BFY-C-B, 2BFY-D-A, 2VGO-C-B, 2VGO-D-A, 2VGP-C-B, 2VGP-D-A, 2VRX-C-B, 2VRX-D-A, 3ZTX-C-B, 3ZTX-D-A, 4B8M-C-B, 4B8M-D-A, 4C2V-C-B, 4C2V-D-A, 4C2W-C-B, 4C2W-D-A, 5EYK-C-B, 5EYK-D-A, 5K3Y-C-B, 5K3Y-D-A
S1240	1	3FQW-C-A
S1241	1	3FY2-B-A
S1242	1	3G2U-D-B
S1243	1	3G9W-D-A
S1244	1	3GCI-P-A
S1245	1	3GJO-G-C
S1246	1	3GLU-B-A
S1247	1	3GME-D-A
S1248	1	3GV4-H-A
S1249	1	3GXV-C-A
S125	4	1JUQ-E-A, 1JUQ-F-B, 1JUQ-G-C, 1JUQ-H-D
S1250	1	3H1Z-P-A
S1251	1	3HBV-Z-P
S1252	1	3HDA-Z-P
S1253	1	3HQU-S-A
S1254	1	3HRY-C-A
S1255	1	3HTU-F-E
S1256	1	3I6L-F-D
S1257	1	3IQH-P-X
S1258	1	3IUR-B-A
S1259	1	3IUR-C-A
S126	4	1JDH-B-A, 1JPW-E-B, 1JPW-F-C, 3OUX-B-A
S1260	1	3JQ5-B-A
S1261	1	3JTI-B-A
S1262	1	3K2U-B-A
S1263	1	3KND-B-A
S1264	1	3KTP-B-A
S1265	1	3KYN-P-A
S1266	1	3KZE-E-C
S1267	1	3L3Q-B-A
S1268	1	3L3Q-C-A
S1269	1	3LAE-X-A
S127	4	5IM7-E-A, 5IM7-F-C, 5IND-E-A, 5IND-F-C
S1270	1	3LN5-C-A
S1271	1	3LNY-B-A
S1272	1	3LU9-C-B
S1273	1	3LW1-P-A
S1274	1	3M7U-B-A
S1275	1	3MK4-B-A
S1276	1	3MMG-C-A
S1277	1	3MQR-B-A
S1278	1	3MQS-D-C
S1279	1	3MRK-P-A
S128	4	2KHW-A-B, 2KTF-B-A, 2KWU-A-B, 2L0F-B-A
S1280	1	3MRM-P-A
S1281	1	3MRN-P-A
S1282	1	3NFK-D-B
S1283	1	3NIH-B-A
S1284	1	3NII-B-A
S1285	1	3NIJ-B-A
S1286	1	3NMX-D-A
S1287	1	3O71-B-A
S1288	1	3OBQ-B-A
S1289	1	3OIQ-B-A
S129	4	2CMY-B-A, 2PLX-B-A, 6OKD-C-B, 6OKD-D-A
S1290	1	3OQS-B-A
S1291	1	3P37-F-C
S1292	1	3P3N-B-A
S1293	1	3P4K-P-A
S1294	1	3P72-B-A
S1295	1	3POA-B-A
S1296	1	3PWU-C-A
S1297	1	3Q47-C-B
S1298	1	3QHE-B-A
S1299	1	3QIS-B-A
S13	45	1AWQ-B-A, 1AWR-G-A, 1AWR-H-B, 1AWR-I-C, 1AWR-J-D, 1AWR-K-E, 1AWR-L-F, 1AWU-B-A, 1AWV-G-A, 1AWV-H-B, 1AWV-I-C, 1AWV-J-D, 1AWV-K-E, 1AWV-L-F, 1DXP-C-A, 1DXP-D-B, 1DY8-C-A, 1DY8-D-B, 1DY9-C-A, 1DY9-D-B, 1JOT-B-A, 1PXD-B-A, 1UGX-B-A, 1W3C-C-A, 1W3C-D-B, 3KEE-F-B, 3KEE-G-C, 3KEE-H-D, 3LLY-B-A, 3LLZ-B-A, 3P8N-C-A, 3P8N-D-B, 3P8O-C-A, 3P8O-D-B, 4I31-C-A, 4I31-D-B, 4I32-C-A, 4I32-D-B, 4I33-C-A, 4I33-D-B, 4IIM-E-B, 4JMY-C-A, 4JMY-D-B, 4KTC-B-A, 4KTC-D-C
S130	4	4LSJ-B-A, 5JFZ-B-A, 5JFZ-D-C, 5JFZ-F-E
S1300	1	3QQ4-C-A
S1301	1	3R0L-A-D
S1302	1	3R42-B-A
S1303	1	3RC0-P-A
S1304	1	3RC4-B-A
S1305	1	3RC5-B-A
S1306	1	3RO2-B-A
S1307	1	3RO3-B-A
S1308	1	3RWE-C-A
S1309	1	3RWG-C-A
S131	4	1A1M-C-A, 4U1H-C-A, 4U1I-C-A, 4U1J-C-A
S1310	1	3RWI-C-A
S1311	1	3RYB-B-A
S1312	1	3RZ9-B-A
S1313	1	3S9C-B-A
S1314	1	3SI5-Y-B
S1315	1	3SJ9-B-A
S1316	1	3SJK-B-A
S1317	1	3SOV-Z-A
S1318	1	3SPV-C-A
S1319	1	3SUI-B-A
S132	4	6PJ5-B-A, 6PJ7-B-A, 6PJ9-B-A, 6PJU-B-A
S1320	1	3TBH-B-A
S1321	1	3TG5-B-A
S1322	1	3TJ5-B-A
S1323	1	3TJV-B-A
S1324	1	3TPM-B-A
S1325	1	3TSZ-B-A
S1326	1	3TVT-B-A
S1327	1	3TZ1-B-A
S1328	1	3U28-B-A
S1329	1	3UKX-C-B
S133	4	5XWJ-C-A, 5XWJ-D-B, 5XWL-C-A, 5XWL-D-B
S1330	1	3UKY-C-B
S1331	1	3UNN-B-A
S1332	1	3UVU-B-A
S1333	1	3V30-B-A
S1334	1	3VA4-C-B
S1335	1	3VCL-C-A
S1336	1	3VRI-C-A
S1337	1	3VRJ-C-A
S1338	1	3W3W-B-A
S1339	1	3WBN-B-A
S134	4	5WLI-C-A, 5WLI-F-D, 5WLI-I-G, 5WLI-L-J
S1340	1	3X23-B-A
S1341	1	3ZIL-B-A
S1342	1	3ZIN-B-A
S1343	1	3ZIN-C-A
S1344	1	3ZIO-B-A
S1345	1	3ZIO-C-A
S1346	1	3ZIP-B-A
S1347	1	3ZIP-C-A
S1348	1	3ZIQ-C-A
S1349	1	3ZIR-B-A
S135	22	2L8J-B-A, 3EG6-C-A, 3EMH-B-A, 3P4F-C-A, 3UVK-B-A, 3UVL-B-A, 3UVM-B-A, 3UVN-B-A, 3UVN-D-C, 3UVO-B-A, 4ERQ-D-A, 4ERQ-E-B, 4ERY-D-A, 4ERZ-D-C, 4ERZ-E-A, 4ERZ-F-B, 4ES0-C-A, 4ESG-C-B, 4ESG-D-A, 4EWR-C-A, 6F4R-B-A, 6F4S-B-A
S1350	1	3ZQH-C-A
S1351	1	3ZS6-B-A
S1352	1	4AOM-T-A
S1353	1	4B45-B-A
S1354	1	4B60-C-A
S1355	1	4BQK-C-B
S1356	1	4BQK-D-A
S1357	1	4BU0-B-A
S1358	1	4BU0-C-A
S1359	1	4BXU-B-A
S136	4	5AM8-P-A, 5AM8-Q-B, 5AM8-R-C, 5AM8-S-D
S1360	1	4C5G-B-A
S1361	1	4C5I-C-A
S1362	1	4CU4-B-A
S1363	1	4CVZ-C-A
S1364	1	4CXF-B-A
S1365	1	4CY2-C-A
S1366	1	4D07-B-A
S1367	1	4D0G-C-A
S1368	1	4D49-H-F
S1369	1	4D7Z-A-B
S137	4	4C2C-B-A, 4C2F-B-A, 4PES-C-A, 4PES-D-B
S1370	1	4DCB-F-A
S1371	1	4DEX-B-A
S1372	1	4DGB-B-A
S1373	1	4DJC-B-A
S1374	1	4DLQ-B-A
S1375	1	4DZU-B-A
S1376	1	4E05-I-H
S1377	1	4E17-B-A
S1378	1	4E18-B-A
S1379	1	4EP3-E-A
S138	4	3UO8-L-B, 3UO8-M-C, 3UOA-L-B, 3UOA-M-C
S1380	1	4EZQ-B-A
S1381	1	4EZR-B-A
S1382	1	4EZS-B-A
S1383	1	4EZT-B-A
S1384	1	4EZU-B-A
S1385	1	4EZZ-B-A
S1386	1	4F1Z-Q-A
S1387	1	4F20-Q-A
S1388	1	4F7P-C-A
S1389	1	4FAJ-B-A
S139	4	2OXW-X-A, 2OXZ-X-A, 2OY2-W-A, 2OY2-Y-F
S1390	1	4FBW-D-B
S1391	1	4FDD-B-A
S1392	1	4FGA-P-A
S1393	1	4FGT-D-A
S1394	1	4FVD-C-A
S1395	1	4GF3-B-A
S1396	1	4GGD-C-A
S1397	1	4GHU-B-A
S1398	1	4GQ6-B-A
S1399	1	4GQB-C-A
S14	8	3N55-B-A, 3NJF-B-A, 3NJF-D-C, 3NJG-B-A, 3NJI-B-A, 3NJJ-B-A, 3NJN-B-A, 3NJN-D-C
S140	4	2OT0-E-A, 2OT0-F-B, 2OT0-G-C, 2OT0-H-D
S1400	1	4GXB-B-A
S1401	1	4GXL-B-A
S1402	1	4H0H-D-B
S1403	1	4H3Q-B-A
S1404	1	4H4F-Q-A
S1405	1	4HH6-Z-A
S1406	1	4HTP-E-B
S1407	1	4HVW-B-A
S1408	1	4HX1-C-A
S1409	1	4HXJ-C-A
S141	4	1NVQ-B-A, 1NVR-B-A, 1NVS-B-A, 1ZYS-B-A
S1410	1	4IGA-B-A
S1411	1	4IKN-B-A
S1412	1	4J09-B-A
S1413	1	4J47-B-A
S1414	1	4J48-B-A
S1415	1	4J73-B-A
S1416	1	4J79-B-A
S1417	1	4J86-D-B
S1418	1	4J8G-C-B
S1419	1	4JBN-C-A
S142	4	1FN8-B-A, 1FY4-B-A, 1GDU-B-A, 1XVM-B-A
S1420	1	4JIF-B-A
S1421	1	4JL0-C-A
S1422	1	4JL0-D-B
S1423	1	4JO9-C-B
S1424	1	4JQX-B-A
S1425	1	4JS0-B-A
S1426	1	4K0U-B-A
S1427	1	4K3M-E-A
S1428	1	4K72-C-A
S1429	1	4KG9-B-A
S143	4	1B7X-C-B, 1OOK-P-B, 2H9T-I-H, 3BF6-I-H
S1430	1	4KMD-B-A
S1431	1	4KTU-B-A
S1432	1	4L1U-I-E
S1433	1	4LZX-B-A
S1434	1	4M1L-B-A
S1435	1	4M1Z-C-A
S1436	1	4M38-F-B
S1437	1	4M91-B-A
S1438	1	4M92-B-A
S1439	1	4MJ5-C-A
S144	22	1C5W-A-B, 1C5X-A-B, 1C5Y-A-B, 1C5Z-A-B, 1GI7-A-B, 1GI8-A-B, 1GI9-A-B, 1GJ7-A-B, 1GJ8-A-B, 1GJ9-A-B, 1GJA-A-B, 1GJB-A-B, 1GJC-A-B, 1GJD-A-B, 1LMW-A-B, 1LMW-C-D, 1O3P-A-B, 1O5A-A-B, 1O5B-A-B, 1O5C-A-B, 3IG6-A-B, 3IG6-C-D
S1440	1	4MQV-D-C
S1441	1	4NNY-C-A
S1442	1	4NO5-C-A
S1443	1	4NUT-B-A
S1444	1	4NXQ-E-B
S1445	1	4O45-B-A
S1446	1	4OAJ-B-A
S1447	1	4ODK-C-A
S1448	1	4ODM-E-A
S1449	1	4ODP-B-A
S145	21	1CDL-E-A, 1OF2-C-A, 1OGT-C-A, 1UXS-C-A, 1UXW-C-A, 1WRZ-B-A, 1YR5-B-A, 1ZUZ-B-A, 2A83-C-A, 2BBM-B-A, 2BBN-B-A, 2K0F-B-A, 2L7L-B-A, 2Y4V-B-A, 3CZF-C-A, 3D18-C-A, 3LV3-C-A, 3ZQG-C-A, 5DEG-C-A, 5IB1-C-A, 5IB2-C-A
S1450	1	4ODQ-B-A
S1451	1	4OIH-B-A
S1452	1	4OKW-B-A
S1453	1	4OU3-B-A
S1454	1	4PBY-D-B
S1455	1	4PO6-B-A
S1456	1	4PZ5-B-A
S1457	1	4Q1L-D-A
S1458	1	4QBS-P-A
S1459	1	4QLI-B-A
S146	21	1A1N-C-A, 1QVO-C-A, 1QVO-F-D, 3RL2-C-A, 4L1U-J-F, 4LNR-C-A, 4O56-B-A, 4U1K-C-A, 4U1K-F-D, 4U1L-C-A, 4U1L-F-D, 4U1M-C-A, 4U1N-C-A, 5EO0-C-A, 5EO1-C-A, 6B27-G-A, 6B27-H-B, 6B27-I-C, 6B27-J-D, 6B27-K-E, 6B27-L-F
S1460	1	4QRQ-C-A
S1461	1	4R3L-B-A
S1462	1	4R7A-A-B
S1463	1	4R8T-A-B
S1464	1	4REY-B-A
S1465	1	4RS9-B-A
S1466	1	4TJX-B-A
S1467	1	4TQ1-B-A
S1468	1	4U1S-C-A
S1469	1	4U6Y-P-A
S147	21	1NAN-M-H, 1NAN-Q-L, 1S8D-C-A, 1T1W-C-A, 1T1X-C-A, 1T1Y-C-A, 1T20-C-A, 1T21-C-A, 1T22-C-A, 2C7U-C-A, 2C7U-F-D, 2CLZ-C-A, 2CLZ-M-H, 2V2W-C-A, 2V2W-F-D, 2V2X-C-A, 2V2X-F-D, 3GIV-C-A, 3GIV-F-D, 5NMH-C-A, 5NMK-C-A
S1470	1	4U90-D-A
S1471	1	4UE9-B-A
S1472	1	4UN2-B-A
S1473	1	4UPU-B-A
S1474	1	4UQY-B-A
S1475	1	4UQZ-B-A
S1476	1	4USL-D-A
S1477	1	4V11-B-A
S1478	1	4V3I-B-A
S1479	1	4WSF-B-A
S148	21	1ELR-B-A, 2BUG-B-A, 2L6J-B-A, 2LSV-B-A, 3FP2-Q-A, 3LCA-Q-A, 3M5M-C-B, 4AIF-D-A, 4AIF-E-B, 4CGQ-Q-A, 4CGU-C-A, 5MGX-A-F, 5MGX-B-G, 5MGX-C-E, 5MGX-D-H, 5NJX-B-A, 6FDP-B-A, 6HPG-a-A, 6HPG-c-C, 6HPG-d-D, 6HPG-e-E
S1480	1	4WV6-B-A
S1481	1	4WV6-C-A
S1482	1	4WVH-C-A
S1483	1	4WVI-D-A
S1484	1	4WVJ-D-A
S1485	1	4X1H-C-A
S1486	1	4X2H-C-A
S1487	1	4X2O-C-A
S1488	1	4X2V-E-A
S1489	1	4X3H-B-A
S149	20	1DUY-C-A, 1DUY-F-D, 1DUZ-C-A, 1DUZ-F-D, 1HHK-C-A, 1HHK-F-D, 1IM3-C-A, 1IM3-G-E, 1IM3-K-I, 1IM3-O-M, 2AV1-C-A, 2AV1-F-D, 2AV7-C-A, 2AV7-F-D, 2GIT-C-A, 2GIT-F-D, 3IXA-C-A, 3IXA-F-D, 4E5X-C-A, 4E5X-F-D
S1490	1	4X3I-B-A
S1491	1	4X5K-B-A
S1492	1	4X8K-B-A
S1493	1	4XAL-B-A
S1494	1	4XBU-B-A
S1495	1	4XC2-F-B
S1496	1	4XI7-C-A
S1497	1	4XIB-C-A
S1498	1	4XZR-A-B
S1499	1	4YJE-B-A
S15	8	1LVB-C-A, 1LVB-D-B, 1LVM-C-A, 1LVM-D-B, 2HT9-X-A, 3C5I-E-C, 3F2K-C-A, 4C5A-C-A
S150	19	1BII-P-A, 1M6O-C-A, 1N2R-C-A, 1QO3-P-A, 1SYV-C-A, 3E6F-P-A, 3E6H-P-A, 3ECB-P-A, 3L3D-C-A, 3L3G-C-A, 3L3I-C-A, 3L3J-C-A, 5KD7-P-A, 5KD7-H-F, 5T7G-P-A, 5T7G-Q-C, 5WEU-P-A, 6NPR-P-C, 6NPR-R-A
S1500	1	4YK6-B-A
S1501	1	4YZH-B-A
S1502	1	4Z2O-P-A
S1503	1	4Z33-C-A
S1504	1	4Z33-D-B
S1505	1	4Z68-E-A
S1506	1	4Z8J-B-A
S1507	1	4ZDU-B-A
S1508	1	4ZHB-B-A
S1509	1	4ZJ7-B-A
S151	142	1A3B-L-H, 1A3E-L-H, 1A46-L-H, 1A4W-L-H, 1A5G-L-H, 1A61-L-H, 1ABJ-L-H, 1AI8-L-H, 1AIX-L-H, 1AWF-L-H, 1B5G-L-H, 1B7X-A-B, 1BB0-A-B, 1BCU-L-H, 1CA8-A-B, 1EB1-L-H, 1FPC-L-H, 1H8I-L-H, 1HBT-L-H, 1HXE-L-H, 1HXF-L-H, 1K21-L-H, 1K22-L-H, 1LHC-L-H, 1LHD-L-H, 1LHE-L-H, 1LHF-L-H, 1LHG-L-H, 1MU6-A-B, 1MU8-A-B, 1MUE-A-B, 1NRR-L-H, 1NRS-L-H, 1NZQ-L-H, 1OYT-L-H, 1QBV-L-H, 1QUR-L-H, 1SB1-L-H, 1SFQ-D-E, 1SG8-A-B, 1SGI-D-E, 1SHH-D-E, 1T4U-L-H, 1T4V-L-H, 1TBZ-L-H, 1THP-A-B, 1THR-L-H, 1TMT-L-H, 1TOM-L-H, 1TWX-A-B, 1VR1-L-H, 1VZQ-L-H, 1W7G-L-H, 1XMN-E-F, 1YPE-L-H, 1YPG-L-H, 1YPJ-L-H, 1YPK-L-H, 1YPL-L-H, 1YPM-L-H, 2A0Q-A-B, 2A0Q-C-D, 2BVR-L-H, 2BVS-L-H, 2BXT-L-H, 2CF8-L-H, 2CF9-L-H, 2CN0-L-H, 2FEQ-L-H, 2GDE-L-H, 2JH0-C-D, 2JH5-C-D, 2JH6-C-D, 2OD3-A-B, 2R2M-A-B, 2THF-A-B, 2UUF-A-B, 2UUJ-A-B, 2UUK-A-B, 2V3H-L-H, 2V3O-L-H, 2ZDA-L-H, 2ZFQ-L-H, 2ZG0-L-H, 2ZGB-L-H, 2ZGX-L-H, 2ZHE-L-H, 2ZHF-L-H, 2ZHW-L-H, 2ZI2-L-H, 2ZO3-L-H, 3B23-A-B, 3BIU-L-H, 3BIV-L-H, 3BV9-A-B, 3C27-A-B, 3DA9-A-B, 3DHK-L-H, 3DT0-L-H, 3DUX-L-H, 3EQ0-L-H, 3F68-L-H, 3HK3-A-B, 3LDX-L-H, 3P17-L-H, 3R3G-A-B, 3S7H-A-B, 3U69-L-H, 3U8O-L-H, 3U8R-L-H, 3U8T-L-H, 3UTU-L-H, 4AX9-L-H, 4BAH-A-B, 4BAK-A-B, 4BAM-A-B, 4BAN-A-B, 4BAO-A-B, 4BAQ-A-B, 4CH2-C-D, 4CH8-A-B, 4E05-L-H, 4H6S-A-B, 4I7Y-L-H, 4LOY-L-H, 4LXB-L-H, 4UEH-L-H, 4UFD-L-H, 4UFF-L-H, 4UFG-L-H, 5A2M-L-H, 5AFY-L-H, 5JDU-C-D, 5JFD-L-H, 5L6N-L-H, 5LPD-L-H, 5MJT-L-H, 6EO6-L-H, 6EO8-L-H, 6EO9-L-H, 7KME-L-H, 8KME-1-2
S1510	1	4ZKO-P-U
S1511	1	4ZTD-F-C
S1512	1	4ZU6-B-X
S1513	1	4ZUU-C-A
S1514	1	5ABY-B-A
S1515	1	5AJJ-B-A
S1516	1	5B5V-F-C
S1517	1	5B6C-B-A
S1518	1	5B74-D-B
S1519	1	5BNW-D-A
S152	18	1F4V-D-A, 1NX0-C-A, 1NX0-D-B, 1NX1-C-A, 1NX1-D-B, 1U8T-F-B, 2B1J-C-A, 2B1J-D-B, 2K2R-B-A, 2VZD-C-A, 2VZD-D-B, 4XEF-B-A, 4XEF-C-A, 4XEF-E-D, 4XEF-F-D, 5FW5-C-A, 5W93-E-B, 6J19-B-A
S1520	1	5BUO-B-A
S1521	1	5C0J-C-A
S1522	1	5C27-D-A
S1523	1	5C6D-C-A
S1524	1	5C6D-D-B
S1525	1	5CRW-B-A
S1526	1	5CWW-C-B
S1527	1	5CX3-E-A
S1528	1	5D5K-B-C
S1529	1	5DAI-B-A
S153	18	1NTV-B-A, 1NU2-B-A, 2P1N-C-B, 2P1N-F-E, 2P1O-C-B, 2P1Q-C-B, 3DIW-C-A, 3DIW-D-B, 3SO6-Q-A, 4IN9-B-A, 4WYU-D-A, 4WYU-C-B, 5U3L-P-H, 5U3M-A-H, 5U3N-A-H, 5U3O-A-H, 6O5O-C-A, 6O5O-D-B
S1530	1	5DBR-C-A
S1531	1	5DHF-D-C
S1532	1	5DI9-D-C
S1533	1	5DIF-D-C
S1534	1	5DMS-B-A
S1535	1	5DMV-D-C
S1536	1	5DX1-H-C
S1537	1	5E0L-C-A
S1538	1	5E6Q-A-B
S1539	1	5E8J-D-B
S154	18	1HOC-C-A, 2DYH-B-A, 3CPL-E-A, 3CPL-F-C, 3ICI-C-A, 3IQI-P-X, 4HUU-C-A, 4HUU-F-D, 4HUV-C-A, 4HUV-F-D, 4HUX-C-A, 4HV8-E-A, 4HV8-F-C, 4L8B-C-A, 4L8D-E-A, 4L8D-F-C, 5V8Z-B-A, 5V8Z-D-C
S1540	1	5EFW-C-A
S1541	1	5EG6-R-C
S1542	1	5ELQ-P-A
S1543	1	5EYZ-E-A
S1544	1	5EZ0-F-B
S1545	1	5EZ0-H-D
S1546	1	5F1N-C-A
S1547	1	5F67-C-A
S1548	1	5FA4-C-A
S1549	1	5FBY-B-A
S155	18	1O6K-C-A, 1O6L-C-A, 2JDO-C-A, 2JDR-C-A, 2UW9-C-A, 2X39-C-A, 3CQU-C-A, 3CQW-C-A, 3E87-D-B, 3E88-D-B, 3EQS-B-A, 3EQY-D-B, 3LNZ-J-I, 3LNZ-L-K, 3MV5-C-A, 3MVH-B-A, 3QKK-C-A, 3QKL-C-A
S1550	1	5FBZ-E-A
S1551	1	5FKP-C-A
S1552	1	5FMJ-B-A
S1553	1	5FML-A-B
S1554	1	5FV6-C-B
S1555	1	5G1X-B-A
S1556	1	5GIM-C-B
S1557	1	5GJX-C-A
S1558	1	5GJY-C-A
S1559	1	5GLF-B-A
S156	17	4RE1-C-B, 4RE1-D-A, 5OAQ-L-A, 6GE3-L-A, 6GE4-L-A, 6GE5-L-A, 6GE6-L-A, 6GEC-L-A, 6GEE-L-A, 6GEG-L-A, 6GEI-L-A, 6GEK-L-A, 6GEK-M-B, 6HIK-L-A, 6HIL-L-A, 6HIL-M-B, 6Q2X-L-A
S1560	1	5GP7-B-A
S1561	1	5GRG-D-A
S1562	1	5GRQ-D-B
S1563	1	5GTU-B-A
S1564	1	5GXW-B-A
S1565	1	5H3J-B-A
S1566	1	5H43-B-A
S1567	1	5H43-C-A
S1568	1	5H5S-B-A
S1569	1	5H7P-B-A
S157	17	3SFJ-B-A, 3SFJ-D-C, 4E34-D-B, 4E35-D-B, 4E3B-C-A, 4E3B-D-B, 4JOE-D-B, 4JOF-D-B, 4JOG-D-B, 4JOH-D-A, 4JOJ-D-B, 4JOK-D-B, 4K6Y-D-B, 4NNL-C-A, 4NNL-D-B, 4NNM-C-A, 4NNM-D-B
S1570	1	5H7Y-B-A
S1571	1	5H94-F-D
S1572	1	5HAX-B-A
S1573	1	5HHV-B-A
S1574	1	5HHV-I-A
S1575	1	5HUW-A-C
S1576	1	5HUW-B-C
S1577	1	5I0Q-A-B
S1578	1	5I7Z-B-A
S1579	1	5IAY-B-A
S158	17	1SDX-E-A, 3TOD-B-A, 3U72-B-A, 3U8Q-B-A, 3UGW-B-A, 3UK4-B-A, 3USD-B-A, 3V5A-B-A, 3VDF-B-A, 4DIG-B-A, 4DXU-B-A, 4FIM-B-A, 4FJP-B-A, 4FOR-B-A, 4G2Z-B-A, 4GRK-B-A, 4N6P-B-A
S1580	1	5IEK-C-A
S1581	1	5INB-B-A
S1582	1	5IXF-B-A
S1583	1	5IZ2-Z-B
S1584	1	5J19-D-A
S1585	1	5J3Q-D-C
S1586	1	5J6H-F-A
S1587	1	5J6Z-A-B
S1588	1	5J8H-B-A
S1589	1	5JA5-B-A
S159	16	5O3U-L-A, 5O3U-M-B, 5O3U-N-C, 5O3U-O-D, 5O3V-D-B, 5O3V-C-A, 5O3W-W-A, 5O3W-X-B, 5O3W-Y-C, 5O3W-Z-D, 5UW3-E-A, 5UW3-F-B, 5UW3-G-C, 5UW3-H-D, 5UW7-C-A, 5UW7-D-B
S1590	1	5JBT-X-A
S1591	1	5JBT-Y-A
S1592	1	5JCY-B-A
S1593	1	5JF0-D-A
S1594	1	5JP4-B-A
S1595	1	5JTM-F-B
S1596	1	5JTP-G-C
S1597	1	5JW9-A-B
S1598	1	5JWD-C-A
S1599	1	5KVM-B-A
S16	8	3BZL-A-C, 3BZL-B-D, 3BZO-A-B, 3BZV-A-B, 3BZX-A-B, 3BZY-A-B, 3BZZ-A-B, 3C00-A-B
S160	16	1O9U-B-A, 4NM0-B-A, 4NM3-B-A, 4NM5-B-A, 4NM7-B-A, 4NU1-B-A, 4WJO-B-A, 4WJQ-D-C, 5EPP-B-A, 6UYO-D-C, 6UYP-B-A, 6UYQ-B-A, 6UYR-B-A, 6UYZ-B-A, 6V7P-B-A, 6V7R-D-C
S1600	1	5L04-B-A
S1601	1	5L85-B-A
S1602	1	5LMF-D-A
S1603	1	5LSO-D-B
S1604	1	5LY3-B-A
S1605	1	5M5G-E-B
S1606	1	5M5V-G-A
S1607	1	5MCO-B-A
S1608	1	5MHC-P-A
S1609	1	5MXO-P-A
S161	16	1FZJ-P-A, 1FZM-P-A, 1KPU-P-A, 1OSZ-C-A, 2IIJ-B-A, 2MHA-E-A, 2MHA-F-C, 2VAA-P-A, 3BFQ-F-G, 3BFW-B-A, 3BFW-D-C, 5IQN-B-A, 5IQN-F-G, 6F0F-B-A, 6F0G-C-A, 6F0G-D-B
S1610	1	5N1Y-C-A
S1611	1	5N70-B-A
S1612	1	5N7D-C-A
S1613	1	5N85-B-A
S1614	1	5N8A-X-A
S1615	1	5NHU-K-C
S1616	1	5NJC-E-A
S1617	1	5NQ2-C-A
S1618	1	5NWM-B-A
S1619	1	5OAK-D-C
S162	122	1ABI-L-H, 1AD8-L-H, 1AHT-L-H, 1AY6-L-H, 1BA8-A-B, 1BBR-J-K, 1BBR-M-N, 1BTH-L-H, 1BTH-J-K, 1C4U-1-2, 1D3D-A-B, 1D3P-A-B, 1D4P-A-B, 1DE7-L-H, 1DIT-L-H, 1ETR-L-H, 1ETS-L-H, 1ETT-L-H, 1G30-A-B, 1G32-A-B, 1GJ4-L-H, 1H8D-L-H, 1ID5-L-H, 1IHS-L-H, 1IHT-L-H, 1KTS-A-B, 1KTT-A-B, 1MKW-L-H, 1MKX-L-H, 1NU7-A-B, 1NU7-E-F, 1O0D-L-H, 1RD3-C-D, 1THS-L-H, 1TMB-L-H, 1TMU-L-H, 1UCY-J-K, 1UCY-M-N, 1UVT-L-H, 1WAY-A-B, 1WBG-A-B, 1XMN-A-B, 1XMN-C-D, 1XMN-G-H, 2A2X-L-H, 2AFQ-A-B, 2AFQ-C-D, 2ANK-L-H, 2ANM-L-H, 2C8W-A-B, 2C8X-A-B, 2C8Y-A-B, 2C8Z-A-B, 2C90-A-B, 2C93-A-B, 2GP9-A-B, 2H9T-L-H, 2HGT-L-H, 2ZC9-L-H, 2ZDV-L-H, 2ZF0-L-H, 2ZFF-L-H, 2ZFP-L-H, 2ZFR-L-H, 2ZHQ-L-H, 2ZIQ-L-H, 2ZNK-L-H, 3BF6-L-H, 3D49-L-H, 3EGK-L-H, 3GIC-A-B, 3JZ2-A-B, 3QTO-L-H, 3QTV-L-H, 3QWC-L-H, 3QX5-L-H, 3RLW-L-H, 3RLY-L-H, 3RM0-L-H, 3RM2-L-H, 3RML-L-H, 3RMM-L-H, 3RMN-L-H, 3RMO-L-H, 3SHA-L-H, 3SHC-L-H, 3SI3-L-H, 3SI4-L-H, 3SV2-L-H, 3T5F-L-H, 3U98-L-H, 3U9A-L-H, 3UWJ-L-H, 3VXE-L-H, 4DT7-A-B, 4DT7-C-D, 4E7R-L-H, 4E7R-M-G, 4HTC-L-H, 4MLF-A-B, 4UD9-L-H, 4UDW-L-H, 4UE7-L-H, 4UFE-L-H, 4YES-A-B, 5AF9-L-H, 5AFZ-L-H, 5AHG-L-H, 5DO4-L-H, 5GIM-A-B, 5JDU-A-B, 5JZY-L-H, 5LCE-L-H, 5MLS-L-H, 5MM6-L-H, 6EO7-L-H, 6FJT-L-H, 6GBW-L-H, 6HSX-L-H, 6I51-L-H, 6PXJ-A-B, 6ROT-L-H
S1620	1	5ODT-B-A
S1621	1	5OJ5-B-A
S1622	1	5OJR-F-B
S1623	1	5ONR-B-A
S1624	1	5OWU-B-A
S1625	1	5OX2-P-A
S1626	1	5SVZ-B-A
S1627	1	5T0F-B-A
S1628	1	5T1G-B-A
S1629	1	5T48-B-A
S163	16	6J4O-B-A, 6J4U-B-A, 6J7B-B-A, 6J8F-A-B, 6J8N-A-B, 6J8N-C-D, 6J8O-A-B, 6J9H-A-B, 6J9H-C-D, 6K81-B-A, 6NVQ-B-C, 6OCF-B-A, 6OCG-B-A, 6OCH-B-A, 6OCH-D-C, 6QBY-B-A
S1630	1	5T6J-C-B
S1631	1	5T6W-C-A
S1632	1	5T6X-C-A
S1633	1	5TDA-B-A
S1634	1	5TDY-C-D
S1635	1	5TED-H-A
S1636	1	5TP6-B-A
S1637	1	5TU5-B-A
S1638	1	5TU6-B-A
S1639	1	5TWG-E-A
S164	16	4HKN-C-A, 4HL5-C-A, 4HMH-C-A, 4W50-E-A, 4W50-G-C, 4W50-H-D, 5ADQ-B-A, 5ADR-B-A, 5ADS-B-A, 5ADT-B-A, 5ZQO-B-A, 5ZQP-B-A, 5ZQQ-B-A, 5ZQR-B-A, 6A84-B-A, 6KRO-B-A
S1640	1	5TWH-E-A
S1641	1	5TXS-C-A
S1642	1	5U5R-B-A
S1643	1	5UWH-D-C
S1644	1	5UWI-D-C
S1645	1	5UWJ-D-C
S1646	1	5UWO-D-C
S1647	1	5UWS-D-C
S1648	1	5UWT-D-C
S1649	1	5UWU-D-C
S165	16	1PQ1-B-A, 2K7W-B-A, 2VM6-B-A, 3D7V-B-A, 3FDL-B-A, 3IO8-B-A, 3KZ0-C-A, 3KZ0-D-B, 4B4S-B-A, 4D2M-B-A, 4D2M-D-C, 4QVF-B-A, 4ZIE-C-A, 5VWV-B-A, 5WOS-B-A, 6QFI-B-A
S1650	1	5UWW-D-C
S1651	1	5V1A-B-A
S1652	1	5V1T-B-A
S1653	1	5V3N-B-A
S1654	1	5V5O-A-C
S1655	1	5VAP-C-B
S1656	1	5VGD-C-A
S1657	1	5VLA-Z-A
S1658	1	5VLL-Y-A
S1659	1	5VNF-D-B
S166	16	1SQK-B-A, 2MPS-B-A, 3JZO-P-A, 3JZP-P-A, 3JZQ-P-A, 3JZQ-Q-B, 3JZR-P-A, 3JZS-P-A, 3SJH-B-A, 3U8X-B-A, 3U8X-D-C, 3U9D-B-A, 3U9D-D-C, 3U9Z-C-A, 6IJQ-A-B, 6T2E-B-A
S1660	1	5VTB-B-A
S1661	1	5W2J-F-B
S1662	1	5W4E-A-B
S1663	1	5W4E-D-B
S1664	1	5W4G-A-B
S1665	1	5W5C-E-F
S1666	1	5W5D-E-F
S1667	1	5WE2-F-C
S1668	1	5WGG-B-A
S1669	1	5WJC-B-A
S167	16	1JGN-B-A, 1JH4-B-A, 2RQG-A-B, 2RQH-A-B, 3B1J-C-A, 3B1J-D-B, 3KTR-B-A, 3KUI-B-A, 3KUJ-B-A, 3KUS-C-A, 3KUS-D-B, 3PKN-B-A, 3PTH-B-A, 3ZDF-C-B, 3ZDF-D-A, 6GFQ-C-B
S1670	1	5WMQ-C-A
S1671	1	5WMR-C-A
S1672	1	5WN9-A-H
S1673	1	5WOU-V-A
S1674	1	5WUJ-A-B
S1675	1	5WWJ-E-A
S1676	1	5WXC-E-A
S1677	1	5XA5-B-A
S1678	1	5XBO-B-A
S1679	1	5XIU-A-B
S168	16	1DM4-A-B, 1JMO-L-H, 1JOU-E-F, 1O5G-L-H, 1RD3-A-B, 1TB6-L-H, 2B5T-C-D, 3B9F-L-H, 3BEF-D-E, 3BEI-A-B, 3LU9-D-E, 4CH2-A-B, 4RKO-A-B, 5E8E-L-H, 5TO3-A-B, 6EVV-L-H
S1680	1	5XJL-M-2
S1681	1	5XLN-B-A
S1682	1	5XMF-C-A
S1683	1	5XOD-B-A
S1684	1	5XOJ-G-C
S1685	1	5XOS-C-A
S1686	1	5XS3-C-A
S1687	1	5XXQ-C-B
S1688	1	5XYF-C-A
S1689	1	5XYF-B-A
S169	15	3NFN-C-A, 3RWC-C-A, 3RWC-F-D, 3VXN-C-A, 3VXP-C-A, 3VXP-F-D, 4WU5-C-A, 4WU5-F-D, 5HGA-C-A, 5HGA-F-D, 5HGB-C-A, 5HGB-F-D, 5HGD-C-A, 5HGD-F-D, 5HGH-C-A
S1690	1	5Y18-B-A
S1691	1	5Y59-C-B
S1692	1	5Y5A-B-A
S1693	1	5YBA-B-A
S1694	1	5YBA-D-C
S1695	1	5YCA-C-A
S1696	1	5YF4-B-A
S1697	1	5YGF-D-A
S1698	1	5YIS-D-B
S1699	1	5YKW-B-A
S17	8	1HXL-C-A, 1HXL-D-B, 1HXZ-C-A, 1HXZ-D-B, 1SLG-M-B, 1SLG-P-D, 1VWA-M-B, 1VWA-P-D
S170	15	1AQC-C-A, 1AQC-D-B, 1M7E-E-B, 1M7E-F-C, 1OQN-C-A, 1OQN-D-B, 1X11-D-B, 2ROZ-A-B, 3DXC-B-A, 3DXD-B-A, 3DXE-B-A, 3DXE-D-C, 3L81-B-A, 4MDR-B-A, 6ITU-B-A
S1700	1	5YLX-C-A
S1701	1	5YPR-B-A
S1702	1	5YT0-B-A
S1703	1	5YV5-B-A
S1704	1	5YYZ-B-A
S1705	1	5ZOO-A-G
S1706	1	5ZVW-B-A
S1707	1	5ZYS-B-A
S1708	1	6A33-I-A
S1709	1	6A6H-C-A
S171	15	5DI8-C-A, 5DJ0-C-A, 5DJ6-C-A, 5DJ8-C-A, 5DJC-C-A, 5DJD-C-A, 5DJX-F-D, 5DJY-C-A, 5DJZ-C-A, 5DK0-C-A, 5DVL-B-A, 5DVN-B-A, 5NSC-C-A, 6IFJ-C-A, 6IFJ-D-B
S1710	1	6A9C-E-B
S1711	1	6AAF-B-A
S1712	1	6AT5-C-A
S1713	1	6AU8-C-A
S1714	1	6B3X-B-A
S1715	1	6B4E-D-B
S1716	1	6B7G-B-A
S1717	1	6B9H-B-A
S1718	1	6BGG-A-B
S1719	1	6BGH-B-A
S172	14	2X4R-C-A, 2X4R-F-D, 3GSO-P-A, 3GSQ-P-A, 3GSR-P-A, 3GSU-P-A, 3GSV-P-A, 3GSW-P-A, 3GSX-P-A, 3MR9-P-A, 3MRB-P-A, 3MRC-P-A, 3MRD-P-A, 6Q3K-P-A
S1720	1	6BNH-B-A
S1721	1	6BW4-B-C
S1722	1	6BXG-B-A
S1723	1	6BXQ-A-B
S1724	1	6C90-B-A
S1725	1	6CDG-B-A
S1726	1	6D29-C-A
S1727	1	6D2B-C-A
S1728	1	6D2R-C-A
S1729	1	6D2T-C-A
S173	93	1U3R-C-A, 1U3R-D-B, 1U3S-C-A, 1U3S-D-B, 1U9E-C-A, 1U9E-D-B, 1X76-C-A, 1X76-D-B, 1X78-C-A, 1X78-D-B, 1X7B-C-A, 1X7B-D-B, 1X7J-C-A, 1X7J-D-B, 1YYE-C-A, 1YYE-D-B, 1ZAF-C-A, 1ZAF-D-B, 1ZGY-B-A, 2A3I-B-A, 2A4J-B-A, 2FVJ-B-A, 2GTK-B-A, 2NV7-C-A, 2NV7-D-B, 2XUM-S-A, 2Y0I-S-A, 3B1M-B-A, 3BQD-B-A, 3CS8-B-A, 3F7D-B-A, 3FEJ-B-A, 3FUR-H-A, 3G9E-B-A, 3GYT-B-A, 3GYU-B-A, 3H0A-B-A, 3H0A-E-D, 3L3X-B-A, 3SP6-B-A, 3U9Q-B-A, 3V9T-C-A, 3V9V-C-A, 3ZRK-X-A, 3ZRK-Y-B, 3ZRL-X-A, 3ZRL-Y-B, 3ZRM-X-A, 3ZRM-Y-B, 4AFJ-X-A, 4AFJ-Y-B, 4B7E-B-A, 4B7K-B-A, 4QJR-B-A, 4UDA-B-A, 4UDB-B-A, 4Y29-B-A, 5L7E-B-A, 5L7G-B-A, 5L7H-B-A, 5MWP-B-A, 5MWY-B-A, 5NTW-Q-B, 5NTW-S-D, 5NU1-P-A, 5NU1-Q-B, 5Q0I-B-A, 5TWO-B-A, 5UNJ-C-A, 5Z5S-C-A, 5Z6S-C-A, 6AD9-B-A, 6FZF-C-A, 6FZF-D-B, 6FZJ-C-A, 6FZJ-D-B, 6FZP-C-A, 6FZU-P-A, 6FZU-Q-B, 6G05-P-A, 6G05-Q-B, 6G07-Q-B, 6G07-S-D, 6GEV-B-A, 6GG8-B-A, 6GGG-B-A, 6IZM-C-A, 6IZN-C-A, 6K0T-B-A, 6K0T-D-C, 6MS7-B-A, 6NWK-B-A, 6NWL-B-A
S1730	1	6DNO-B-A
S1731	1	6DQR-B-A
S1732	1	6DQU-B-A
S1733	1	6DSL-A-B
S1734	1	6DTG-B-A
S1735	1	6E3D-B-A
S1736	1	6E4D-F-A
S1737	1	6E5N-A-B
S1738	1	6EI2-C-A
S1739	1	6EJA-B-A
S174	14	2I04-C-A, 2I0L-C-A, 2I0L-D-B, 2KPL-B-A, 2OQS-B-A, 4JOP-C-A, 4JOR-C-A, 5IC3-C-A, 5K4F-C-A, 6HKS-G-A, 6HKS-H-B, 6HKS-J-D, 6HKS-K-E, 6HKS-L-F
S1740	1	6EJE-B-A
S1741	1	6ENB-B-A
S1742	1	6EX9-B-A
S1743	1	6EZI-B-A
S1744	1	6F0W-S-A
S1745	1	6F0Y-B-A
S1746	1	6F4Q-B-A
S1747	1	6F4T-B-A
S1748	1	6FBK-P-A
S1749	1	6FC6-B-A
S175	14	2QXV-B-A, 3CC5-C-A, 3CC5-F-D, 3CH1-C-A, 3CH1-F-D, 3CH1-I-G, 3CH1-L-J, 5GSA-C-A, 5H17-B-A, 5H19-B-A, 5U5T-C-A, 5U5T-D-B, 5U62-C-A, 5WUK-B-A
S1750	1	6G04-B-A
S1751	1	6GD5-B-A
S1752	1	6GHJ-B-A
S1753	1	6GJH-J-D
S1754	1	6GWJ-D-B
S1755	1	6GY5-U-A
S1756	1	6H8C-B-A
S1757	1	6H9J-D-A
S1758	1	6H9U-B-A
S1759	1	6HA6-D-A
S176	14	4RU2-B-A, 4RU2-D-C, 4RU2-F-E, 4RU2-J-I, 4RU2-L-K, 4RU2-P-O, 4RU2-R-Q, 5CXT-B-A, 5CXT-D-C, 5CXT-F-E, 5CXT-J-I, 5CXT-L-K, 5CXT-P-O, 5CXT-R-Q
S1760	1	6HC0-A-D
S1761	1	6HC8-E-A
S1762	1	6HL6-S-A
S1763	1	6HLV-B-A
S1764	1	6HM3-B-A
S1765	1	6HM4-B-A
S1766	1	6HOI-F-B
S1767	1	6HQU-M-E
S1768	1	6HQU-N-F
S1769	1	6HV2-B-A
S177	14	3PLU-C-A, 3PLU-D-B, 3PLV-C-A, 3TEI-B-A, 4FMQ-B-A, 4H3P-B-A, 4H3P-E-D, 4PYU-C-A, 4PYU-D-B, 4PYU-H-G, 4PYU-L-K, 4PYU-P-O, 4PYU-T-S, 5V62-I-A
S1770	1	6I42-B-A
S1771	1	6I6H-B-A
S1772	1	6IAM-C-A
S1773	1	6IBO-C-A
S1774	1	6IDX-C-A
S1775	1	6IEX-C-A
S1776	1	6IGK-B-A
S1777	1	6IIW-B-A
S1778	1	6IRL-C-A
S1779	1	6IY0-J-H
S178	14	1ZHK-C-A, 1ZHL-C-A, 1ZSD-C-A, 2NW3-C-A, 3VFM-C-A, 3VFN-C-A, 3VFO-C-A, 3VFP-C-A, 3VFR-C-A, 3VFS-C-A, 3VFT-C-A, 3VFU-C-A, 3VFV-C-A, 3VFW-C-A
S1780	1	6J0W-C-A
S1781	1	6J0W-D-B
S1782	1	6J29-C-A
S1783	1	6J56-D-B
S1784	1	6J8Y-D-C
S1785	1	6JJZ-C-A
S1786	1	6JLE-E-A
S1787	1	6JOZ-C-A
S1788	1	6JP3-C-A
S1789	1	6JP3-D-A
S179	14	1M4P-B-A, 1M4Q-B-A, 2QBW-B-A, 3CH8-P-A, 3OBU-B-A, 3OBX-B-A, 4A1S-C-A, 4A1S-E-B, 4EJE-C-A, 4EJE-D-B, 4WCI-D-C, 4WCI-F-E, 4ZNY-B-A, 5I22-B-A
S1790	1	6JQ2-P-A
S1791	1	6JUE-A-L
S1792	1	6JWJ-C-A
S1793	1	6JX3-A-B
S1794	1	6K06-A-C
S1795	1	6KLR-B-A
S1796	1	6L0W-D-C
S1797	1	6LNM-F-E
S1798	1	6MAJ-B-A
S1799	1	6MBE-B-A
S18	8	1MWN-X-A, 1MWN-Y-B, 2PC4-H-D, 3IQQ-B-A, 3RM1-B-A, 4TR9-H-A, 4TR9-I-B, 4TR9-J-C
S180	14	1FZK-P-A, 1FZO-P-A, 1I7R-C-A, 1I7R-F-D, 1KPV-P-A, 2VAB-P-A, 4PG9-C-A, 4PGE-C-A, 6GB5-E-A, 6GB5-F-C, 6GB7-I-C, 6GB7-J-G, 6GB7-K-A, 6GB7-L-E
S1800	1	6MHE-C-A
S1801	1	6MHF-C-A
S1802	1	6MJC-B-A
S1803	1	6MJE-B-A
S1804	1	6MJL-A-B
S1805	1	6ML1-G-A
S1806	1	6MM5-C-E
S1807	1	6MPP-B-A
S1808	1	6N3E-B-A
S1809	1	6N5W-A-C
S181	14	3MRG-P-A, 3MRH-P-A, 3MRI-P-A, 3MRJ-P-A, 3MRL-P-A, 5SWQ-C-A, 6QZR-R-F, 6QZR-J-E, 6QZR-M-B, 6QZR-N-A, 6QZR-O-C, 6QZR-P-D, 6QZR-T-G, 6QZR-U-H
S1810	1	6N5W-B-C
S1811	1	6NJZ-D-B
S1812	1	6NSX-B-A
S1813	1	6O21-B-A
S1814	1	6OP8-B-A
S1815	1	6PBH-C-A
S1816	1	6PJ4-B-A
S1817	1	6Q67-B-A
S1818	1	6QDT-B-A
S1819	1	6QNN-B-A
S182	13	1G9I-I-E, 1OX1-B-A, 1SBW-I-A, 1SMF-I-E, 1TAB-I-E, 2O9Q-C-A, 4U2W-B-A, 6E5M-I-A, 6EAT-I-A, 6EAU-I-A, 6EAV-I-A, 6EAW-I-A, 6EAX-I-A
S1820	1	6QTT-B-A
S1821	1	6QTU-B-A
S1822	1	6QTV-B-A
S1823	1	6QTW-B-A
S1824	1	6QTX-B-A
S1825	1	6R2G-C-A
S1826	1	6R7W-B-A
S1827	1	6R8I-B-A
S1828	1	6RH6-B-A
S1829	1	6RR0-N-G
S183	13	1DKX-B-A, 1DKZ-B-A, 1Q5L-B-A, 4EZW-E-A, 4EZW-F-B, 4EZW-G-C, 4EZW-H-D, 4EZX-C-A, 4EZX-D-B, 4EZY-B-A, 4PO2-C-A, 4PO2-D-B, 4R5I-B-A
S1830	1	6S0Y-D-B
S1831	1	6S3F-B-A
S1832	1	6S3W-B-A
S1833	1	6S5S-E-A
S1834	1	6S8R-B-A
S1835	1	6SH9-E-B
S1836	1	6SLG-B-A
S1837	1	6TJ1-D-A
S1838	1	6TWX-D-A
S1839	1	6TWY-C-B
S184	69	1RJK-C-A, 1RK3-C-A, 1RKG-C-A, 1RKH-C-A, 2O4J-C-A, 2O4R-C-A, 2ZFX-C-A, 2ZL9-C-A, 2ZLA-C-A, 2ZLC-C-A, 2ZMH-C-A, 2ZMI-C-A, 2ZMJ-C-A, 2ZXN-C-A, 3A2H-B-A, 3AFR-C-A, 3AUN-B-A, 3VJS-C-A, 3VJT-C-A, 3VRT-C-A, 3VRU-C-A, 3VRV-C-A, 3VRW-C-A, 3VT3-C-A, 3VT4-C-A, 3VT5-C-A, 3VT6-C-A, 3VT7-C-A, 3VT8-C-A, 3VT9-C-A, 3VTB-B-A, 3VTC-B-A, 3W0G-C-A, 3W0H-C-A, 3W0I-C-A, 3W0J-C-A, 3W5P-C-A, 3W5Q-C-A, 3W5R-C-A, 3W5T-C-A, 3WT5-C-A, 3WT6-C-A, 3WT7-C-A, 3WTQ-C-A, 4J24-K-C, 4J24-I-A, 4J24-J-B, 4J24-L-D, 4J26-I-A, 4J26-J-B, 4YNK-C-A, 5AWJ-C-A, 5B41-C-A, 5B5B-C-A, 5B5B-F-D, 5GIC-C-A, 5GID-C-A, 5XPM-C-A, 5XPN-C-A, 5XPO-C-A, 5XZF-C-A, 5XZH-C-A, 5ZWF-C-A, 5ZWH-C-A, 5ZWI-C-A, 6D94-B-A, 6JEZ-C-A, 6K5O-C-A, 6ONJ-C-A
S1840	1	6TYU-B-A
S1841	1	6TYV-B-A
S1842	1	6V55-Q-A
S1843	1	6VRO-B-A
S1844	1	8PCH-P-A
S185	13	1KJV-P-A, 1LXF-I-C, 1MXL-I-C, 1NPQ-B-A, 2KGB-I-C, 2L1R-B-A, 2MKP-I-C, 2MZP-I-C, 6OCX-F-D, 6OCX-H-C, 6OCX-J-A, 6OCX-L-B, 6OD0-D-A
S186	13	1NIW-D-C, 1NIW-F-E, 1NIW-H-G, 1SYQ-B-A, 1U6H-B-A, 1ZVZ-B-A, 1ZW2-B-A, 2LL7-B-A, 2MG5-B-A, 2N8J-B-A, 3S90-C-A, 3S90-D-B, 4DJ9-B-A
S187	13	1BXP-B-A, 1HAA-B-A, 1HAJ-B-A, 1HC9-C-A, 1HC9-D-B, 1HOY-B-A, 1JBD-B-A, 1KC4-B-A, 1KL8-B-A, 1RGJ-B-A, 2BTX-B-A, 6Q0M-C-A, 6Q0U-D-B
S188	13	1BS6-D-A, 1BS6-E-B, 1BS8-D-A, 1BS8-E-B, 1BS8-F-C, 3G6N-F-A, 3G6N-G-B, 4JE8-D-A, 4JE8-E-B, 5CP0-C-A, 5JEZ-D-A, 6JF6-E-C, 6JFA-C-A
S189	12	6I41-B-A, 6I5P-B-A, 6I5P-F-E, 6I5P-H-G, 6I68-B-A, 6I68-D-C, 6I68-F-E, 6I68-H-G, 6I7A-B-A, 6I7A-D-C, 6I7A-F-E, 6I7A-H-G
S19	8	1HHJ-C-A, 1HHJ-F-D, 1I1Y-C-A, 1I1Y-F-D, 2X4U-C-A, 2X4U-F-D, 6EWA-C-A, 6EWA-G-E
S190	12	5M5S-E-A, 5M5S-F-B, 5M5S-H-B, 5M5T-E-A, 5M5T-F-B, 5M5T-G-A, 5M5T-I-A, 5M5T-J-B, 5M61-E-A, 5M61-F-B, 5M61-H-B, 5YCO-F-C
S191	12	1B0G-C-A, 1B0G-F-D, 1HHI-C-A, 1HHI-F-D, 1I7U-C-A, 1I7U-F-D, 2VLL-C-A, 2VLL-F-D, 4NT6-C-A, 5HHN-C-A, 5HHP-C-A, 5HHQ-C-A
S192	12	2G54-C-A, 2G54-D-B, 2G56-C-A, 2G56-D-B, 4WDI-C-A, 4WDI-F-D, 4Z76-F-D, 4Z77-C-A, 4Z77-F-D, 4Z78-C-A, 4Z78-F-D, 4Z78-I-G
S193	12	1EJ4-B-A, 2JGC-B-A, 2V8W-B-A, 2V8X-B-A, 2V8Y-B-A, 3HXG-C-A, 3HXI-C-A, 3M94-C-A, 3U7X-C-A, 3U7X-D-B, 4UED-B-A, 5NVN-D-C
S194	12	2BE6-D-A, 2BE6-E-B, 2BE6-F-C, 2F3Y-B-A, 2F3Z-B-A, 6DAD-C-A, 6DAD-D-B, 6DAE-D-B, 6DAE-C-A, 6DAF-C-A, 6DAF-D-B, 6U3A-C-A
S195	53	1FYN-B-A, 1KLQ-B-A, 1L2Z-B-A, 1WA7-B-A, 1WLP-A-B, 2AK5-D-B, 2D1X-P-A, 2D1X-Q-C, 2JKG-P-A, 2JMA-B-A, 2KYM-B-A, 2LCS-B-A, 2O9V-B-A, 2QYF-E-A, 2QYF-F-C, 2RQW-B-A, 2V8C-C-A, 2VKN-C-A, 2ZNE-D-B, 3D9O-Z-B, 3UA7-F-D, 4BT9-C-A, 4BTB-C-A, 4BXR-C-A, 4BXR-D-B, 4CC3-B-A, 4F00-B-A, 4J9C-B-A, 4J9F-B-A, 4J9F-D-A, 4J9F-F-E, 4JWD-C-B, 4LD3-B-A, 4LN2-B-A, 4LNP-B-A, 4QT7-B-A, 4UX9-I-D, 5EV0-D-B, 5LVF-B-A, 5MF9-B-A, 6E5X-B-A, 6EVM-C-A, 6EVN-C-A, 6EVO-C-A, 6EVP-C-A, 6F55-B-A, 6H6D-C-A, 6H6D-F-D, 6H6H-C-A, 6H6H-F-D, 6IQJ-D-B, 6J68-C-A, 6J68-D-B
S196	12	1H8B-B-A, 1JJ2-1-R, 1S72-2-S, 1VQ7-2-S, 1VQ8-2-S, 1VQ9-2-S, 1VQK-2-S, 1VQL-2-S, 1VQO-2-S, 1VQP-2-S, 1YHQ-2-S, 3CC2-2-S
S197	12	1FZC-I-B, 1FZC-J-E, 1FZG-S-C, 1FZG-T-F, 1FZG-M-B, 1FZG-N-E, 1RE3-G-C, 1RE3-H-F, 2OYH-G-C, 2OYH-H-B, 2OYH-I-F, 2OYH-J-E
S198	11	3Q5U-B-A, 4MDD-C-A, 4OAR-B-A, 5X8Q-D-C, 5X8Q-H-G, 6IVX-B-A, 6IVX-F-E, 6IVX-H-G, 6ONI-D-B, 6PDZ-C-B, 6PDZ-D-A
S199	11	1YMT-B-A, 1YP0-B-A, 1YUC-C-A, 1YUC-D-B, 1ZH7-C-A, 1ZH7-D-B, 2Q3Y-B-A, 4DOR-C-A, 4DOR-D-B, 4ONI-C-A, 4ONI-D-B
S2	48	1S7Q-C-A, 1S7S-C-A, 1S7T-C-A, 1S7T-F-D, 1S7U-C-A, 1S7U-F-D, 1S7U-I-G, 1S7U-L-J, 1S7V-C-A, 1S7V-F-D, 1S7W-F-D, 1S7W-I-G, 1S7W-L-J, 1S7X-F-D, 1S7X-I-G, 1S7X-L-J, 3QUK-C-A, 3QUK-F-D, 3QUL-C-A, 3QUL-F-D, 3QUL-I-G, 3QUL-L-J, 3ROO-E-A, 3ROO-F-C, 3TBS-C-A, 3TBS-F-D, 3TBT-C-A, 3TBT-F-D, 3TBT-I-G, 3TBT-L-J, 3TBV-I-A, 3TBV-J-C, 3TBV-K-E, 3TBV-L-G, 3TBW-I-A, 3TBW-J-C, 3TBW-K-E, 3TBW-L-G, 3TBY-C-A, 3TBY-F-D, 3TBY-I-G, 3TBY-L-J, 3TID-C-A, 4HS3-C-A, 6PYJ-C-A, 6PYV-C-A, 6PYW-C-A, 6PZ5-C-A
S20	8	3TCG-I-A, 3TCG-J-B, 3TCG-K-C, 3TCG-L-D, 3TCG-M-E, 3TCG-N-F, 3TCG-O-G, 3TCG-P-H
S200	11	2BOK-L-A, 2VWL-L-A, 2VWN-L-A, 2VWO-L-A, 2XBV-L-A, 2XBX-L-A, 2XBY-L-A, 2XC0-L-A, 2XC5-L-A, 6B74-A-B, 6B77-A-B
S201	11	1E91-B-A, 1G1E-A-B, 1PD7-B-A, 1S5Q-A-B, 2FZ3-C-A, 4PR5-C-A, 4PRA-C-A, 4PRB-C-A, 4PRD-C-A, 4PRE-C-A, 4PRN-C-A
S202	11	2X6M-B-A, 4CH9-C-A, 4CH9-D-B, 4CHB-C-A, 4CHB-D-B, 5V1Y-E-A, 5V1Y-F-B, 6J0X-E-A, 6J0X-F-B, 6J0X-G-C, 6J0X-H-D
S203	11	3PE4-B-A, 3PE4-D-C, 3TAX-B-A, 3TAX-D-C, 4GYW-B-A, 4GYW-D-C, 4GYY-B-A, 4GYY-D-C, 5C1D-C-A, 5HGV-B-A, 5HGV-D-C
S204	10	1SFI-I-A, 3P8F-I-A, 4K1E-B-A, 4K8Y-B-A, 4KEL-B-A, 4XOJ-B-A, 6BVH-I-A, 6D3Y-C-A, 6D3Z-C-A, 6D40-C-A
S205	10	2NWN-B-A, 3M61-P-U, 3OX7-P-U, 3OY5-P-U, 3OY6-P-U, 4ZKN-P-U, 4ZKS-P-U, 5WXQ-P-U, 5WXR-P-U, 6XVD-P-U
S206	52	2BUO-T-A, 2FKA-B-A, 2FLK-B-A, 2FLW-B-A, 2FMF-B-A, 2FMH-B-A, 2FMI-B-A, 2FMK-B-A, 2P1L-B-A, 2P1L-D-C, 2P1L-F-E, 2P1L-H-G, 2PON-A-B, 2X0X-D-A, 2X0X-E-B, 2X0X-F-C, 2XAP-D-A, 2XAP-E-B, 2XAP-F-C, 2XO4-D-A, 2XO4-E-B, 2XO4-F-C, 2XXM-T-A, 3DS0-T-A, 3DS1-T-A, 3DS4-T-A, 3DVU-C-A, 4MI8-C-A, 4MI8-D-B, 4U7E-A-B, 4U7I-B-A, 4U7Y-B-A, 4WZX-E-A, 5T6Y-C-A, 5VAU-F-B, 5VAU-H-D, 5VAX-E-A, 5VAX-F-B, 5VAX-G-C, 5VAX-H-D, 5VAY-F-B, 5VAY-H-D, 6DCN-D-A, 6DCN-C-B, 6DCO-C-A, 6DCO-D-B, 6MT3-B-A, 6MT4-C-A, 6MT5-C-A, 6MT6-B-A, 6MTL-C-A, 6TZC-C-B
S207	10	2V7D-P-A, 2V7D-Q-B, 2V7D-R-C, 2V7D-S-D, 3LKN-C-A, 3LKO-C-A, 3LKP-C-A, 3LKQ-C-A, 3LKR-C-A, 3LKS-C-A
S208	10	3WOO-C-A, 3WOO-D-B, 3WOP-C-A, 3WOP-D-B, 3WOQ-C-A, 3WOQ-D-B, 4AA1-P-A, 4APH-P-A, 4FYS-C-A, 5E2Q-B-A
S209	10	3H7B-C-A, 3H7B-F-D, 3H9H-C-A, 3H9H-F-D, 5WHA-E-D, 5WHA-F-D, 5WHA-H-G, 5WHB-H-G, 5WPM-B-A, 5WPM-C-A
S21	8	3Q4J-H-B, 3Q4J-I-C, 3Q4J-J-D, 3Q4J-K-E, 3Q4J-L-F, 4K3O-E-A, 4K3Q-E-A, 4K3R-E-A
S210	10	2A3Z-C-A, 2A40-C-A, 2A40-F-D, 3MN5-S-A, 3MN7-S-A, 4EFH-B-A, 6JCU-B-A, 6JCU-D-C, 6JH8-B-A, 6JH9-B-A
S211	10	3MMY-H-G, 4NQV-M-A, 4NQV-N-C, 4NQV-Q-I, 4NQV-R-K, 4NQX-M-A, 4NQX-N-C, 4NQX-Q-I, 4NQX-R-K, 6J2A-C-A
S212	10	1TY4-D-B, 3L6X-B-A, 5LXH-E-A, 5LXH-F-B, 5LXH-G-C, 5NQ0-C-A, 5NQ1-C-A, 5NQ1-F-D, 6J2I-C-A, 6J2I-F-D
S213	10	2FP7-A-B, 2GGV-A-B, 2IJO-A-B, 2WHX-C-A, 3U1J-A-B, 5H4I-A-B, 5H6V-A-B, 5YOD-G-H, 5YOF-A-B, 5YVU-A-B
S214	10	5Y24-C-A, 5Y24-D-B, 5ZW6-C-A, 5ZW6-D-B, 6HP5-C-B, 6HP5-D-A, 6IM4-C-B, 6IM4-D-A, 6JG9-C-A, 6JG9-D-B
S215	10	4JC3-B-A, 4JDD-B-A, 5N10-F-B, 6HHP-B-A, 6HKB-B-A, 6HKF-B-A, 6HMT-B-A, 6HMU-B-A, 6TJM-B-A, 6TL3-B-A
S216	9	1T76-B-A, 2KRB-B-A, 3LGE-E-A, 3LGE-F-B, 3LGE-G-C, 3LGE-H-D, 3T5X-B-A, 5FJX-D-B, 5UBP-C-B
S217	50	1NLN-B-A, 2BZK-A-B, 2C3I-A-B, 2YNR-B-A, 2YNR-C-A, 2YNS-C-A, 2YNS-D-B, 3CXW-B-A, 3CY2-B-A, 3CY3-B-A, 3JPV-B-A, 3MA3-B-A, 3QF9-B-A, 4GW8-B-A, 4JX7-B-A, 4PID-B-A, 4PIE-B-A, 4PIQ-B-A, 4PIS-B-A, 4WX4-C-A, 4WX6-B-A, 4WX6-D-C, 4WX7-B-A, 4WX7-D-C, 4YI0-A-C, 5CTT-B-A, 5EKF-B-A, 5EKF-C-A, 5FGY-B-A, 5MZL-B-A, 5N4N-B-A, 5N4O-B-A, 5N4R-E-A, 5N4U-B-A, 5N4V-D-A, 5N4X-B-A, 5N4Z-B-A, 5N50-B-A, 5N51-B-A, 5N52-B-A, 5N5L-B-A, 5N5M-B-A, 5NDT-B-A, 5X8N-B-A, 6PCW-B-A, 6PDI-B-A, 6PDN-B-A, 6PDO-B-A, 6PDP-B-A, 6QXK-A-B
S218	9	5YD3-B-A, 5YD3-D-C, 5YD3-F-E, 5YD3-H-G, 5YD4-B-A, 5YD4-D-C, 5YD4-F-E, 5YD4-H-G, 5YD5-D-C
S219	9	1EJH-E-A, 1EJH-F-B, 1EJH-G-C, 1EJH-H-D, 2W97-E-A, 2W97-F-B, 5EHC-B-A, 5EI3-B-A, 5ME5-B-A
S22	7	3SRI-B-A, 3ZWZ-B-A, 4Z09-C-A, 4Z0D-C-A, 5NQF-B-A, 5NQG-B-A, 6N7Q-C-A
S220	9	1Q1S-A-C, 1Q1S-B-C, 1Q1T-A-C, 1Q1T-B-C, 4B8O-B-A, 4B8O-C-A, 4RXH-A-B, 4RXH-C-B, 5KLR-A-B
S221	9	4XO9-B-A, 4XOD-B-A, 4XOE-B-A, 5JQI-G-H, 5JQI-A-B, 5JQI-C-D, 5JQI-E-F, 6GTV-D-C, 6GU0-B-A
S222	9	1ELW-C-A, 3AGY-C-A, 3AGY-D-B, 3AGY-F-B, 3ESK-B-A, 3FP4-Q-A, 3Q49-C-B, 3UPV-B-A, 6FDT-B-A
S223	9	1XOW-B-A, 2Q7I-B-A, 2Q7K-B-A, 3V49-B-A, 3V4A-B-A, 4OEY-B-A, 4OH5-B-A, 4OK1-B-A, 5CJ6-B-A
S224	9	1DP5-B-A, 1DPJ-B-A, 1G0V-B-A, 3RL1-C-A, 4HWZ-C-A, 6ID4-T-E, 6ID4-U-A, 6J1V-C-A, 6J1W-C-A
S225	9	1UKH-B-A, 3OXI-J-A, 3PTG-J-A, 4E73-B-A, 4G1W-B-A, 4H39-B-A, 4HYS-B-A, 4HYU-B-A, 4IZY-B-A
S226	9	1KYD-P-A, 1KYF-P-A, 1KYU-P-A, 5JP2-E-A, 5JP2-F-B, 5XPT-B-A, 5XPU-B-A, 6EKJ-B-A, 6EKL-B-A
S227	9	3DRH-B-A, 4C2G-B-A, 4KA7-C-A, 4NZ8-C-A, 5T63-C-A, 5WQL-F-D, 5WQL-H-C, 5WQL-E-D, 6DQQ-B-A
S228	9	1BE9-B-A, 5HEB-B-A, 5HED-B-A, 5HEY-B-A, 5HF1-B-A, 5HFB-B-A, 5HFC-B-A, 5HFE-B-A, 5HFF-B-A
S229	9	1SOZ-D-A, 1SOZ-E-B, 2R3Y-D-A, 2R3Y-E-B, 2R3Y-F-C, 4RQZ-E-B, 6EW9-P-A, 6EW9-Q-B, 6EW9-R-C
S23	7	1W0V-C-A, 1W0W-C-A, 4BJT-F-C, 4J8S-B-A, 5WMO-C-A, 6IN9-C-B, 6IN9-D-A
S230	5	1OXN-F-E, 3F7O-X-A, 3F7O-Y-B, 4J44-B-A, 4PZ3-C-B
S231	3	4B8P-C-A, 4B8P-D-B, 4BA3-B-A
S232	3	2L1L-A-B, 3WYG-D-C, 5XOJ-D-C
S233	3	6TYT-B-A, 6TYX-C-A, 6TYX-D-B
S234	3	6F8F-G-D, 6F8G-E-A, 6F8G-H-B
S235	3	4Z0Y-E-A, 4Z0Z-E-A, 4Z0Z-H-D
S236	3	4NU8-A-X, 5DBE-A-X, 6AIF-B-A
S237	3	5MLO-B-A, 5MLO-D-C, 5MLO-F-E
S238	3	3ZG7-A-B, 3ZG8-A-B, 3ZGA-A-B
S239	3	1QSC-D-A, 1QSC-E-B, 1QSC-F-C
S24	35	1A2C-L-H, 1AE8-L-H, 1AFE-L-H, 1C1U-L-H, 1C1V-L-H, 1C4V-1-2, 1C5L-L-H, 1C5N-L-H, 1C5O-L-H, 1FPH-L-H, 1GHV-L-H, 1GHW-L-H, 1GJ5-L-H, 1HAH-L-H, 1HAI-L-H, 1HGT-L-H, 1NO9-L-H, 1NY2-1-2, 1O2G-L-H, 1OOK-A-B, 1QHR-A-B, 1QJ1-A-B, 1QJ6-A-B, 1QJ7-A-B, 1UMA-L-H, 2FES-L-H, 2HWL-A-B, 2HWL-C-D, 2PGB-A-B, 3HAT-L-H, 3QLP-L-H, 3TU7-L-H, 4THN-L-H, 5GDS-L-H, 6PXJ-L-H
S240	3	1OL5-B-A, 3E5A-B-A, 3HA6-B-A
S241	5	1W9E-R-A, 1W9E-S-B, 1W9E-T-A, 1W9Q-S-B, 1YBO-D-B
S242	3	2R7G-B-A, 2R7G-D-C, 2R7G-E-A
S243	3	4YJL-G-A, 4YJL-I-D, 4YJL-L-F
S244	3	4QUE-D-C, 4QUE-E-A, 4QUH-D-A
S245	3	6DRT-D-A, 6DRT-E-B, 6DRT-F-C
S246	3	1ZKK-F-B, 3F9W-E-B, 3F9Z-E-B
S247	3	5EU3-C-A, 5EU4-F-D, 5EU5-C-A
S248	3	3U3W-P-A, 3U3W-Q-B, 5F56-B-A
S249	3	5DPW-H-G, 5DPW-J-I, 5DPW-N-M
S25	7	1GL1-I-A, 1GL1-J-B, 1GL1-K-C, 2F91-B-A, 2VU8-I-E, 2XTT-A-B, 3TVJ-I-B
S250	3	2BEU-C-A, 2BEV-C-A, 2BEW-C-A
S251	3	1OM2-B-A, 2V1S-N-F, 3AWR-C-A
S252	5	1V1T-S-B, 1V1T-T-A, 1W9O-S-B, 1W9O-T-A, 6NID-E-A
S253	3	5HUY-B-C, 5HUY-A-C, 5W41-B-A
S254	3	3UEC-B-A, 3UIG-P-A, 3UIG-Q-B
S255	3	2OM2-B-A, 2OM2-D-C, 3ONW-C-A
S256	3	3NFL-E-A, 3NFL-F-B, 3NFL-H-D
S257	3	6P8S-E-A, 6P8S-F-B, 6P8U-C-B
S258	3	1PEK-C-E, 4SGA-P-E, 5SGA-P-E
S259	3	1O9D-P-A, 3E6Y-C-A, 3E6Y-D-B
S26	7	4YL6-B-A, 6J4P-B-A, 6J4V-B-A, 6JZC-C-B, 6JZC-D-A, 6JZD-B-A, 6QBY-D-C
S260	3	5NPZ-C-A, 5NQ3-C-A, 5NQ3-F-D
S261	3	4B4N-B-A, 4U0A-B-A, 6AY9-B-A
S262	3	1EE5-B-A, 3UL1-A-B, 4BPL-B-A
S263	5	2E4H-B-A, 6J4V-C-A, 6J8F-C-B, 6J8O-C-B, 6JZD-C-A
S264	3	2ZVM-U-A, 2ZVM-V-B, 2ZVM-W-C
S265	3	1CDM-B-A, 1CM1-B-A, 1CM4-B-A
S266	3	4QRS-C-A, 4QRT-C-A, 4QRU-C-A
S267	3	3DX6-C-A, 3DX7-C-A, 3DX8-C-A
S268	3	3ZOQ-B-A, 4L5N-C-A, 4L5N-E-B
S269	3	4ZOX-B-A, 4ZOZ-Y-A, 4ZOZ-C-B
S27	7	2JQ9-B-A, 3AU4-B-A, 3PZD-B-A, 4TXQ-C-A, 4TXQ-D-B, 4TXR-B-A, 5UWP-D-C
S270	3	1NU8-D-B, 1WCY-C-A, 1WCY-D-B
S271	3	4CY1-C-B, 4CY1-D-A, 4CY2-D-A
S272	3	1Q3P-C-A, 1Q3P-D-B, 5OVC-B-A
S273	3	1D4T-B-A, 1KA7-B-A, 1M27-B-A
S274	4	3HPJ-C-A, 3HPJ-F-D, 3MYJ-C-A, 3MYJ-F-D
S275	3	2J7X-B-A, 2J7Y-B-A, 4ZI1-B-A
S276	3	5M0I-H-B, 5M0I-J-D, 5M0I-I-C
S277	3	2XPN-B-A, 2XPO-B-A, 2XPO-D-C
S278	3	4X1V-B-A, 5XHZ-C-A, 5XHZ-D-A
S279	3	2IHS-C-A, 2IHS-D-B, 3F2O-D-B
S28	7	1VAC-P-A, 3P9L-C-D, 3P9L-F-A, 3P9M-C-D, 3P9M-F-A, 3PAB-C-D, 3PAB-F-A
S280	3	3TZX-C-B, 3TZY-C-B, 3TZZ-C-B
S281	3	6G0Y-G-E, 6G0Y-J-A, 6G0Y-I-C
S282	3	3EAB-I-C, 3EAB-J-D, 3EAB-K-E
S283	3	1MDI-B-A, 1MDJ-B-A, 1MDK-B-A
S284	3	4IB5-E-B, 4IB5-F-C, 4IB5-G-C
S285	4	1TG4-I-A, 1TJK-I-A, 3FG5-C-A, 4GLD-B-A
S286	3	5HAW-L-A, 5HAW-K-B, 5HSZ-K-A
S287	3	3JRV-C-A, 3JRV-D-B, 3JRV-E-B
S288	3	6TYT-C-A, 6TYW-B-A, 6TYZ-B-A
S289	3	5LEO-G-B, 5LEO-H-A, 6JHZ-Q-A
S29	7	2PVF-B-A, 3KPL-C-A, 3KPM-C-A, 3KPN-C-A, 3KPO-C-A, 3KPP-C-A, 3KPQ-C-A
S290	3	5KWN-U-A, 6QTO-B-A, 6QTR-B-A
S291	3	1CJR-A-B, 4K7L-A-B, 4O36-A-B
S292	3	5WE0-C-A, 5WE0-F-D, 5WE0-L-J
S293	3	2MWN-A-B, 3ZDL-B-A, 4W8P-B-A
S294	3	5WUM-C-A, 5WUN-B-A, 5WUN-C-A
S295	3	3RDV-F-B, 3RDV-G-C, 3RDV-H-D
S296	4	3W8J-C-A, 3W8J-D-B, 3WGX-C-A, 3WGX-D-B
S297	3	4K3P-E-A, 4K74-C-A, 4K74-D-B
S298	3	4ZRK-F-B, 4ZRK-G-C, 4ZRK-H-D
S299	3	1QXA-B-A, 2V5W-G-B, 4XMH-B-A
S3	8	5TP1-P-A, 5TP1-Q-B, 5TP1-R-C, 5TP1-S-D, 5WY2-B-A, 5WY2-D-C, 6E8R-C-A, 6E8R-D-B
S30	7	2ZVW-I-A, 2ZVW-J-B, 2ZVW-L-D, 2ZVW-M-E, 2ZVW-N-F, 2ZVW-O-G, 4RJF-D-C
S300	3	2AIJ-P-X, 2AIK-P-X, 2HI8-P-X
S301	2	3SRJ-D-A, 3SRJ-F-B
S302	2	6GZJ-B-A, 6GZL-B-A
S303	2	4PKF-C-A, 5BWD-C-A
S304	2	4K7F-C-A, 4K7F-F-D
S305	2	1P7V-B-A, 1P7W-B-A
S306	2	3IK5-D-C, 3IK5-B-A
S307	4	1H9L-A-B, 1HAX-A-B, 1QIX-A-B, 2BD3-P-A
S308	2	1SVZ-C-A, 1SVZ-D-B
S309	2	4CO6-D-A, 4CO6-F-B
S31	7	1ZY3-B-A, 2KBW-B-A, 2VOI-B-A, 4BD2-C-A, 4ZEQ-B-A, 4ZIG-B-A, 4ZII-C-A
S310	2	4Z9V-C-A, 4Z9V-D-B
S311	2	1W80-P-A, 2VJ0-P-A
S312	2	5CRV-C-A, 5CRV-D-B
S313	2	5AER-B-A, 5AER-C-A
S314	2	4U0C-B-A, 6AYA-B-A
S315	2	2FGE-D-A, 2FGE-E-B
S316	2	1JGE-C-A, 1K5N-C-A
S317	2	3WL9-C-A, 3WLB-C-A
S318	4	6J2E-C-A, 6J2E-F-D, 6J2G-C-A, 6J2G-F-D
S319	2	1NWD-B-A, 1NWD-C-A
S32	7	2V51-E-D, 2V51-F-B, 2V52-M-B, 4B1V-M-A, 4B1V-N-B, 4B1W-M-B, 4B1X-M-B
S320	2	1EYX-G-B, 1EYX-H-L
S321	2	4K38-C-B, 4K38-D-A
S322	2	3C2G-C-A, 3C2G-D-B
S323	2	2CIK-C-A, 2H6P-C-A
S324	2	5M5V-I-A, 5M5V-J-B
S325	2	4J84-C-A, 4J84-D-B
S326	2	3GZ1-P-B, 3GZ1-Q-A
S327	2	6HOL-C-A, 6HOL-D-B
S328	2	5DIY-P-A, 5DIY-Q-B
S329	4	4X1Q-P-U, 4ZHL-P-U, 6A8N-P-A, 6A8N-C-B
S33	7	2KS9-B-A, 2KSA-B-A, 2KSB-B-A, 3VI1-C-A, 3VI1-D-B, 4FII-B-A, 4HOM-B-A
S330	2	5F5O-D-C, 5F5O-F-E
S331	2	2QT5-X-A, 2QT5-Y-B
S332	2	5JJA-C-A, 5JJA-D-B
S333	2	2BJ4-C-A, 2BJ4-D-B
S334	2	5EAY-G-B, 5EAY-H-A
S335	2	4J78-B-A, 4J8B-B-A
S336	2	4OH4-F-B, 4OH4-E-A
S337	2	2BD7-P-A, 2BD8-P-A
S338	2	2AWW-C-A, 2G2L-C-A
S339	2	1N4M-C-A, 1N4M-D-B
S34	7	1H2K-S-A, 1H2L-S-A, 1H2M-S-A, 1L3E-A-B, 2ILM-S-A, 3D8C-B-A, 5JWP-B-A
S340	8	2V5F-X-A, 3MPJ-Y-B, 3NGY-E-D, 3ROF-B-A, 5FPX-F-B, 5H0U-B-A, 6HK3-N-A, 6HK4-N-A
S341	4	1R9N-E-A, 1R9N-F-B, 1R9N-G-C, 1R9N-H-D
S342	2	6TWU-C-B, 6TWX-C-B
S343	2	4H3B-B-A, 4H3B-D-C
S344	2	1CMI-C-A, 1CMI-D-B
S345	2	6QTQ-B-A, 6QTS-B-A
S346	2	4X3G-C-A, 4X3G-D-B
S347	2	5M72-B-A, 5WRV-A-B
S348	2	3QHR-L-B, 3QHR-M-D
S349	2	4LOO-B-A, 5O90-B-A
S35	34	1BXL-B-A, 1G5J-B-A, 2JBY-B-A, 2JM6-A-B, 2M04-B-A, 2ROC-B-A, 2ROD-B-A, 2V6Q-B-A, 2VOG-B-A, 2VOH-B-A, 2WH6-B-A, 2XPX-B-A, 3I1H-B-A, 3IO8-D-C, 3MQP-B-A, 4BD6-C-A, 4UF1-B-A, 4ZIF-B-A, 4ZIH-B-A, 5C6H-B-A, 5FMK-B-A, 5TWA-D-A, 5TWA-C-B, 5TZP-B-A, 5TZQ-C-B, 5TZQ-D-A, 5UA5-B-A, 5UUK-B-A, 5UUM-C-A, 5UUM-D-B, 5VMO-B-A, 6FBX-B-A, 6MBC-B-A, 6QG8-B-A
S350	2	4LCY-C-A, 4LCY-J-F
S351	2	4J82-C-A, 4J82-D-B
S352	4	6TTK-F-B, 6TTK-G-C, 6TTK-H-D, 6TTK-E-A
S353	2	3NIN-D-A, 3NIN-E-B
S354	2	4J81-C-B, 4J81-D-A
S355	2	4M7C-C-A, 4M7C-D-B
S356	2	5ONP-B-A, 5ONQ-B-A
S357	2	4F02-C-A, 4F02-F-D
S358	2	4LX3-B-A, 4QFQ-B-A
S359	2	6GB7-P-A, 6GB7-R-C
S36	7	1PU9-B-A, 1QSN-B-A, 2DEX-A-X, 2KWK-B-A, 4GUS-C-A, 4HSU-C-A, 4QEO-P-A
S360	2	4APO-D-B, 4APO-E-A
S361	2	1YJM-E-A, 1YJM-F-B
S362	2	2ZVL-U-A, 2ZVL-X-D
S363	4	3V5D-F-D, 3V5H-F-D, 3V5K-C-A, 3V5K-F-D
S364	2	3HQR-S-A, 5L9B-C-A
S365	2	3BU3-B-A, 3BU5-B-A
S366	2	3D24-B-A, 3D24-D-C
S367	2	1Y7L-P-A, 3IQG-P-X
S368	2	5U98-C-A, 5U98-F-D
S369	2	2V3S-C-B, 2V3S-D-A
S37	7	1VJ6-B-A, 3RL7-J-C, 3RL7-K-E, 3RL8-F-B, 4G69-B-A, 5OVP-B-A, 6MS1-D-A
S370	2	6IKG-E-B, 6IKG-F-A
S371	2	4J1V-G-A, 4J1V-H-C
S372	2	5IGO-W-C, 5IGO-X-D
S373	2	3P6Z-C-B, 3P6Z-I-H
S374	4	6EJ7-B-A, 6EJ8-B-A, 6EJ9-B-A, 6EJC-B-A
S375	2	5NAF-E-A, 5NAF-F-B
S376	2	2Z7F-I-E, 4DOQ-B-A
S377	2	5GRD-C-A, 5GSD-C-A
S378	2	4BXF-C-A, 4BXF-D-B
S379	2	2MES-B-A, 5J7J-B-A
S38	7	1RJY-P-A, 1RJY-Q-D, 1RK1-P-A, 1T0M-P-A, 1T0M-Q-D, 1T0N-P-A, 1T0N-Q-D
S380	2	1OM9-P-A, 1OM9-Q-B
S381	2	5KZT-C-A, 5KZT-D-B
S382	2	5YIP-B-A, 6A9X-A-D
S383	2	3Q8D-E-A, 3Q8D-F-B
S384	2	2AQ9-X-A, 6HY2-A-X
S385	4	6O4Y-C-A, 6O4Z-C-A, 6O51-C-A, 6O53-C-A
S386	2	2C5I-P-T, 2C5K-P-T
S387	2	3FWV-C-A, 3FWV-D-B
S388	2	5UWQ-D-C, 5UWR-D-C
S389	2	3SSB-I-A, 3SSB-J-B
S39	7	1L6X-B-A, 1OQO-C-A, 1OQO-D-B, 5U52-E-A, 5U52-Z-B, 5YI7-B-A, 5YI8-B-A
S390	2	6JXU-B-A, 6JXW-B-A
S391	2	4OWT-C-A, 4OWW-C-A
S392	2	1LEG-P-A, 1LEK-P-A
S393	2	6BC8-B-A, 6BCD-B-A
S394	2	6P6E-B-A, 6P6E-C-A
S395	2	5AMB-P-A, 5AMB-Q-B
S396	4	4K75-B-A, 4K78-B-A, 6OV7-C-A, 6OV7-D-B
S397	2	3OAK-C-B, 3OAK-D-A
S398	2	5E1D-D-A, 5E1O-D-A
S399	2	5NX1-B-A, 5NX3-B-A
S4	8	5JHN-F-A, 5JHN-G-B, 5JIN-F-A, 5JIN-G-B, 5JJ0-F-A, 5JJ0-G-B, 5T0K-P-A, 5T0K-Q-B
S40	7	1ABT-B-A, 1IDG-B-A, 1IDH-B-A, 1L4W-B-A, 1LJZ-B-A, 1LXG-B-A, 1LXH-B-A
S400	2	1N7F-C-A, 1N7F-D-B
S401	2	6TME-C-A, 6TME-D-B
S402	2	1H3H-B-A, 1OEB-D-A
S403	2	2BGR-Y-A, 2BGR-Z-B
S404	2	5W4F-A-B, 5W4F-D-B
S405	2	4DXR-B-A, 6R15-B-A
S406	2	2LXP-B-A, 3H8K-B-A
S407	4	3R85-E-A, 3R85-F-B, 3R85-G-C, 3R85-H-D
S408	2	5GK9-B-A, 6MAK-B-A
S409	2	2CE8-X-A, 2CE8-Y-C
S41	6	4V0V-B-A, 4V0W-B-A, 4V0W-D-C, 4V0X-B-A, 4XPN-B-A, 4XPN-D-C
S410	2	3SRJ-C-A, 3SRJ-E-B
S411	2	2ZGH-B-A, 2ZGJ-B-A
S412	2	1H9H-I-E, 1H9I-I-E
S413	2	6CCU-B-A, 6CD8-C-A
S414	2	3BRD-D-A, 3BRF-D-A
S415	2	1Y43-A-B, 3TRS-C-D
S416	2	4BL0-C-A, 4BL0-F-D
S417	2	5NHU-I-H, 5NHU-J-A
S418	4	3IOL-B-A, 5OTW-D-C, 5OTX-B-A, 5OTX-D-C
S419	2	4K76-E-A, 4K76-H-D
S42	6	2VP7-B-A, 2VPB-B-A, 2VPE-B-A, 2VPE-D-C, 2VPG-B-A, 2VPG-D-C
S420	2	3C5L-B-A, 3HIK-B-A
S421	2	5U4K-B-A, 5URN-B-A
S422	2	5V5L-E-A, 5V5L-F-C
S423	2	4BQ6-C-D, 4BQ6-E-F
S424	2	3UXG-B-A, 3V31-B-A
S425	2	5J28-C-A, 5J28-D-B
S426	2	1IHJ-C-B, 1IHJ-D-A
S427	2	1EVH-B-A, 4NM5-C-A
S428	2	2NUD-C-A, 2NUD-D-B
S429	4	4NAW-D-A, 4NAW-H-E, 4NAW-L-I, 4NAW-P-M
S43	6	1SRN-B-A, 1SSA-B-A, 1SSB-B-A, 1SSC-B-A, 3SRN-B-A, 4SRN-B-A
S430	2	1OBX-B-A, 1OBZ-P-A
S431	2	3OXR-C-A, 3OXS-C-A
S432	2	1WKW-B-A, 3AM7-B-A
S433	2	2B3G-B-A, 2MZD-B-A
S434	2	1BBR-I-N, 1DM4-C-B
S435	2	4M5S-B-A, 4M5T-H-G
S436	2	1D01-H-E, 1D01-I-F
S437	2	5WIR-D-B, 5XUP-D-B
S438	2	5W6A-E-A, 5W6A-F-C
S439	2	1Q0W-A-B, 6NJG-B-C
S44	6	1AGB-C-A, 1AGC-C-A, 1AGD-C-A, 1AGE-C-A, 1AGF-C-A, 2MGU-M-A
S440	4	4G2V-B-A, 4WND-B-A, 4WNE-B-A, 4WNG-B-A
S441	2	1N7T-B-A, 6Q0N-D-B
S442	2	4TZM-C-A, 4TZM-D-B
S443	2	6QDR-B-A, 6QDS-B-A
S444	2	1YTV-M-A, 1YTV-N-B
S445	2	6SPZ-P-A, 6SPZ-Q-A
S446	2	3TIE-C-A, 3TIE-F-D
S447	2	2CLR-C-A, 2CLR-F-D
S448	2	6J2F-C-A, 6J2F-F-D
S449	2	1OC0-B-A, 3BT2-B-U
S45	6	6QRM-D-B, 6SJZ-E-B, 6SJZ-F-A, 6SK2-F-B, 6SK8-C-A, 6SK8-D-B
S450	2	1U7B-B-A, 5E0V-C-A
S451	6	1EE4-D-A, 1EE4-F-B, 3CBP-B-A, 4Z88-T-H, 4Z88-V-J, 5Y1U-C-B
S452	4	3ABD-X-A, 3ABD-Y-B, 4EXT-B-C, 5O8K-B-A
S453	2	5H5Z-C-A, 5Y91-C-A
S454	2	6SH6-B-A, 6SH7-B-A
S455	2	5U5P-C-A, 5U5P-B-A
S456	2	1CZY-D-A, 1CZY-E-C
S457	2	1CQG-B-A, 1CQH-B-A
S458	2	2WA8-D-C, 3O2B-D-C
S459	2	3W1B-B-A, 4HTP-C-A
S46	27	2CO0-B-A, 2CO0-D-C, 2H9M-B-A, 2KE1-B-A, 2LGG-B-A, 2PUY-E-B, 3ASL-B-A, 3O37-F-B, 3QLC-C-A, 3SHB-B-A, 3SOU-D-A, 3SOU-E-B, 3UEF-B-A, 3V43-Q-A, 3ZVY-C-A, 3ZVY-D-B, 4GNE-B-A, 4GNF-C-A, 4LK9-B-A, 4OUC-B-A, 4QBR-P-A, 4QBR-E-C, 5F6K-M-C, 5FB1-C-A, 5HH7-P-A, 6E83-A-B, 6IEU-C-A
S460	2	2AXF-C-A, 2AXG-C-A
S461	2	3AT0-B-A, 4F27-Q-A
S462	2	4A62-C-A, 4A62-D-B
S463	4	4G42-C-A, 4G42-F-D, 4G43-C-A, 4G43-F-D
S464	2	1B3L-B-A, 1B3L-D-C
S465	2	1KJ3-P-H, 1KJ3-Q-I
S466	2	2K20-B-A, 2KYL-B-A
S467	2	6UCM-A-C, 6UCM-B-C
S468	2	1NOP-C-A, 1RFI-C-A
S469	2	5HSP-D-A, 6G55-D-A
S47	6	6OPD-C-A, 6PTB-F-D, 6PTE-C-A, 6PTE-D-E, 6PTE-G-H, 6PTE-J-K
S470	2	4RQI-E-A, 4RQI-G-C
S471	2	1J4P-B-A, 1K3N-B-A
S472	2	4UWX-C-A, 4UWX-D-B
S473	2	6IU7-B-A, 6IUA-B-A
S474	4	2ASU-A-B, 4O97-B-A, 4O9V-B-A, 4R0I-B-A
S475	2	2Z3N-C-A, 2Z3N-D-B
S476	2	1I4O-C-A, 1I4O-D-B
S477	2	5VMR-C-A, 5VMR-D-B
S478	2	6J2J-C-A, 6J2J-F-D
S479	2	2H9E-L-H, 2PR3-B-A
S48	6	6GH1-P-A, 6GH1-Z-G, 6GH4-P-A, 6GH4-Q-C, 6GH4-R-E, 6GH4-Y-G
S480	2	4RRV-B-A, 6GBE-B-A
S481	2	4F7T-C-A, 4F7T-F-D
S482	2	2FYZ-B-E, 2FYZ-F-E
S483	2	5OY3-B-A, 6F6D-B-A
S484	2	6K07-B-A, 6K08-B-A
S485	4	5GR7-C-A, 5GSB-C-A, 5GSR-P-A, 5GSR-Q-C
S486	2	1LQ8-F-E, 3DY0-B-A
S487	2	5XOJ-E-C, 5XOJ-F-C
S488	2	4TZO-F-E, 4TZO-H-G
S489	2	2YLE-B-A, 3R7G-B-A
S49	6	5MLW-B-A, 5MLW-D-C, 5MLW-F-E, 5YD8-W-Z, 5YD8-U-X, 5YD8-V-Y
S490	2	1RZX-B-A, 2PDZ-B-A
S491	2	1UK4-H-B, 1UK4-K-B
S492	2	5ENW-C-A, 5F7D-C-A
S493	2	6JJX-D-B, 6JJX-C-A
S494	2	6BCY-C-A, 6BCY-G-E
S495	2	4AA2-P-A, 6QS1-F-B
S496	4	4OEZ-B-A, 4OFU-B-A, 4OHA-B-A, 4OKT-B-A
S497	2	5VWI-C-A, 5VWI-D-B
S498	2	4OI4-B-A, 4OI4-D-C
S499	2	5KC1-A-F, 5KC1-G-F
S5	8	2NM1-B-A, 4KBB-C-A, 4KBB-D-B, 6G5F-P-B, 6G5G-P-B, 6G5K-C-A, 6G5K-D-B, 6QNS-S-A
S50	6	5TRZ-P-A, 5TRZ-Q-C, 5TS1-P-A, 5TS1-Q-C, 5TS1-R-E, 5TS1-S-G
S500	2	2G47-C-A, 2G47-D-B
S501	2	1SVF-B-A, 1SVF-D-C
S502	2	3HBU-Z-P, 4J45-B-A
S503	2	5H7H-B-A, 5H7H-C-A
S504	2	1J4L-P-A, 1K2N-P-A
S505	2	5AFP-C-B, 5AFP-D-A
S506	2	4EOY-D-A, 4EOY-E-B
S507	4	5JJM-G-A, 5JJM-H-B, 5JJM-I-C, 5JJM-J-D
S508	2	1TP3-B-A, 1TP5-B-A
S509	2	3HQL-C-A, 3IVV-D-A
S51	6	4PJ0-R-E, 4PJ0-r-e, 5MX2-r-e, 5TIS-r-e, 5WS5-R-E, 5WS6-R-E
S510	2	3BXL-B-A, 3DVK-B-A
S511	2	1FY5-B-A, 1GDN-B-A
S512	2	4DC2-Z-A, 5LI1-B-A
S513	2	5Y9W-C-B, 5YAH-C-B
S514	2	5GSV-C-A, 5GSX-F-D
S515	2	6B05-B-A, 6BRS-F-A
S516	2	5EOT-C-A, 5FA3-C-A
S517	2	1G7P-P-A, 1VAD-P-A
S518	4	6PJ8-B-A, 6PJP-B-A, 6PJQ-B-A, 6PJR-B-A
S519	2	4YZ6-B-A, 5T0Q-B-A
S52	6	6BVV-B-A, 6BW0-C-E, 6BW1-C-E, 6BW9-B-A, 6BWA-B-A, 6BWB-B-A
S520	2	4MLI-D-C, 4MLS-B-A
S521	2	4CC2-B-A, 4CC7-B-A
S522	2	5NX1-D-A, 5NX3-D-A
S523	2	4ZUV-C-A, 4ZUV-F-D
S524	2	3ERY-P-A, 3ERY-Q-B
S525	2	4EZO-C-A, 4EZP-C-A
S526	2	5K9S-B-A, 5K9S-C-A
S527	2	3KYO-P-A, 3KYO-Q-C
S528	2	4A2A-C-A, 4A2A-D-B
S529	4	6HGT-E-A, 6HGT-F-B, 6HGT-G-C, 6HGT-H-D
S53	6	5E8N-C-A, 5E8N-F-D, 5E8N-I-G, 5E8N-L-J, 5MZM-C-A, 5MZM-F-D
S530	2	4J1V-E-A, 4J1V-F-C
S531	2	6CF6-C-B, 6CF6-D-A
S532	2	6IUH-C-A, 6IUH-D-B
S533	2	2QBX-D-B, 2QBX-P-A
S534	2	4F7M-C-A, 4F7M-F-D
S535	2	2HQW-B-A, 3BYA-B-A
S536	2	1DLK-A-B, 1DLK-C-D
S537	2	3PSL-C-A, 3UEF-D-C
S538	2	4OFR-B-A, 4OKX-B-A
S539	2	4J77-C-A, 4J77-D-B
S54	6	5E0M-C-A, 5YAY-B-A, 5YBE-B-A, 5YBU-B-A, 5YBV-C-A, 5YBV-D-B
S540	4	6G84-D-A, 6G84-C-B, 6G85-C-A, 6G85-D-B
S541	2	6GVK-B-A, 6GVL-B-A
S542	2	4YIZ-B-A, 4YIZ-D-C
S543	2	3DNJ-C-A, 3DNJ-D-B
S544	2	2K2U-B-A, 2PHG-B-A
S545	2	3SL9-F-E, 3SL9-H-G
S546	2	5XAD-C-A, 5XAD-D-B
S547	2	4Z80-C-A, 4Z80-D-B
S548	2	5CFA-D-B, 5CFA-C-A
S549	2	3OSZ-B-A, 3PTL-B-A
S55	6	5AZF-C-A, 5B1Z-C-A, 5B1Z-D-B, 5E6O-G-C, 5E6O-H-A, 5FCG-C-A
S550	2	3TDI-C-B, 3TDI-D-A
S551	4	5VQI-A-B, 5VQI-C-B, 6P6A-A-B, 6P6A-C-B
S552	2	5VYO-G-C, 5VYO-H-D
S553	2	5JIU-C-A, 5JIU-D-B
S554	2	6O9B-C-A, 6O9C-C-A
S555	2	2Q3C-B-A, 3T4P-B-A
S556	2	6A0F-C-A, 6A0F-D-B
S557	2	5M5R-C-A, 5M5R-D-A
S558	2	3T6B-C-A, 3T6B-D-B
S559	2	6HKP-S-A, 6HL5-S-A
S56	6	3JQL-B-A, 4MVI-B-A, 4MVL-E-A, 4MVL-F-B, 4MVL-G-C, 4MVL-H-D
S560	2	3MRE-P-A, 3MRF-P-A
S561	2	6IFG-E-A, 6IFG-F-B
S562	6	2XS3-C-A, 2XS3-D-B, 2XS4-B-A, 4JJQ-B-A, 6OFQ-B-A, 6PU3-B-A
S563	4	1S9W-C-A, 1S9X-C-A, 1S9Y-C-A, 3KLA-C-A
S564	2	1LD9-C-A, 1LD9-F-D
S565	2	1JD5-B-A, 1SE0-B-A
S566	2	2W9R-B-A, 3O2H-B-A
S567	2	2V1R-P-B, 2V1R-Q-A
S568	2	2AWU-C-B, 6GMZ-B-A
S569	2	3GOF-C-A, 3GOF-D-B
S57	26	1OW6-D-A, 1OW6-F-C, 1ZAV-U-A, 1ZAV-V-A, 1ZAV-W-A, 1ZAV-X-A, 1ZAV-Y-A, 1ZAV-Z-A, 1ZAW-U-A, 1ZAW-V-A, 1ZAW-W-A, 1ZAW-X-A, 1ZAW-Y-A, 1ZAW-Z-A, 1ZAX-U-A, 1ZAX-V-A, 1ZAX-W-A, 1ZAX-X-A, 1ZAX-Y-A, 1ZAX-Z-A, 2VZI-A-B, 3RQG-E-C, 3ZRJ-X-A, 3ZRJ-Y-B, 4XEK-C-A, 4XEV-F-D
S570	2	4CY5-C-A, 4Y7R-B-A
S571	2	1O0P-B-A, 1OPI-B-A
S572	2	1NES-I-E, 1NES-J-E
S573	2	2L9S-A-B, 2LKM-A-B
S574	4	4MZ5-A-E, 4MZ5-C-E, 4MZ6-A-E, 4MZ6-C-E
S575	2	2MW2-B-A, 2MW2-C-A
S576	2	3M5N-F-B, 3M5N-H-D
S577	2	2ORZ-B-A, 5DN2-G-A
S578	2	6SZ5-B-A, 6SZ5-C-A
S579	2	3G2S-C-A, 3G2S-D-B
S58	6	4CCN-C-A, 4CCN-D-B, 4CCO-C-A, 4CCO-D-B, 4Y3O-C-A, 4Y3O-D-B
S580	2	1MF4-B-A, 1SKG-B-A
S581	2	5HQ8-I-A, 5HQ8-J-B
S582	2	5E00-C-A, 5WSH-C-A
S583	2	5WWJ-F-C, 5WXC-F-C
S584	2	3HS8-P-A, 3HS9-P-A
S585	4	1SB0-B-A, 2AGH-A-B, 6DNQ-C-D, 6DNQ-A-B
S586	2	2Y8O-B-A, 5ETF-B-A
S587	2	1YY6-B-A, 4YSI-B-A
S588	2	3UKZ-C-B, 3UL0-C-B
S589	2	3GZE-X-A, 3GZE-Y-C
S59	6	3QRX-B-A, 3T98-A-B, 3T98-C-B, 4JO9-A-B, 5NL1-G-F, 5NL1-L-E
S590	2	2CCH-E-B, 2CCH-F-D
S591	2	3NY3-B-A, 5TDD-B-A
S592	2	2QHO-D-C, 2QHO-H-G
S593	2	2W10-C-B, 2W10-D-A
S594	2	2WV4-C-A, 2WV4-D-B
S595	2	6G86-D-A, 6G86-C-B
S596	4	4O30-C-A, 4O30-D-B, 5VAC-C-A, 5VBC-C-A
S597	2	3WS6-E-A, 3WS6-F-B
S598	2	2WA8-B-A, 3O2B-B-A
S599	2	3ZED-E-B, 3ZED-F-C
S6	8	1HLE-B-A, 2H4P-B-A, 2H4Q-B-A, 3F02-C-A, 3F02-D-B, 5NCT-C-A, 5NCU-B-A, 5NCW-B-A
S60	6	5JQY-B-A, 5JTC-B-A, 5JZ8-B-A, 5JZU-B-A, 6Q9F-B-A, 6Q9I-B-A
S600	2	2LXM-B-A, 4TXR-C-A
S601	2	2KA9-B-A, 2KA9-C-A
S602	2	2W2U-C-A, 2W2U-D-B
S603	2	4OYK-C-A, 4OYK-D-B
S604	2	3UPR-P-A, 3UPR-Q-C
S605	2	1RFF-C-A, 1RFF-E-B
S606	2	1YP1-B-A, 3HDB-L-A
S607	4	5WZZ-E-C, 5WZZ-F-B, 5WZZ-G-A, 5WZZ-H-D
S608	2	3M5O-C-A, 3M5O-D-B
S609	2	1DKD-F-B, 1DKD-H-D
S61	6	3MGO-F-D, 3MGO-I-G, 3MGO-L-J, 3MGT-F-D, 3MGT-I-G, 3MGT-L-J
S610	2	4DT7-E-B, 4DT7-F-D
S611	2	3N2D-B-A, 3N3X-B-A
S612	2	4JMY-E-A, 4JMY-F-B
S613	2	4JQV-B-A, 4XXC-B-A
S614	2	3V2O-B-A, 3V2X-B-A
S615	2	1WBZ-P-A, 1WBZ-Q-C
S616	2	2Z9I-G-A, 2Z9I-I-C
S617	2	1YDP-P-A, 2DYP-C-A
S618	4	5NPI-E-B, 5NPI-D-A, 5NPJ-D-A, 5NPJ-E-B
S619	2	1EG4-P-A, 6JJY-U-A
S62	6	3PWJ-C-A, 3PWJ-F-D, 3PWL-C-A, 3PWL-F-D, 3PWN-C-A, 3PWN-F-D
S620	2	3WS3-E-A, 3WS3-F-C
S621	2	4OD8-C-A, 4YGM-D-B
S622	2	2MBH-B-A, 2N23-B-A
S623	2	1CO7-I-E, 3FP7-J-E
S624	2	2MKC-B-A, 2MY3-B-A
S625	2	2AP2-P-A, 2AP2-Q-C
S626	2	1NH2-B-D, 1YTF-B-D
S627	2	5D9S-C-A, 5DDH-C-A
S628	2	2JZI-B-A, 4Q5U-C-A
S629	4	1OLC-B-A, 2OLB-B-A, 2Z23-B-A, 6DTF-B-A
S63	6	1YCQ-B-A, 2K8F-B-A, 2MWY-B-A, 3DAB-B-A, 3DAB-D-C, 3DAB-H-G
S630	2	2ZJD-B-A, 2ZJD-D-C
S631	2	4CY3-D-A, 4CY5-D-A
S632	2	1TW6-D-B, 3D9U-B-A
S633	2	1FS1-A-B, 1FS1-C-D
S634	2	1F8H-B-A, 1FF1-B-A
S635	2	2CLV-C-A, 2CLV-M-H
S636	2	5NQV-G-C, 5NQV-H-D
S637	2	3E0M-F-B, 3E0M-G-C
S638	2	3CBL-B-A, 3CD3-B-A
S639	2	3ZIQ-B-A, 3ZIR-C-A
S64	6	3BZE-P-A, 3BZE-R-E, 3BZF-P-A, 3BZF-Q-C, 3VJ6-P-A, 5VCL-P-A
S640	4	2FTS-P-A, 4PD1-C-A, 4U91-B-A, 6HSO-I-A
S641	2	6B05-C-A, 6BRS-C-A
S642	2	3GW1-C-A, 3GW1-D-B
S643	2	1F0C-B-A, 1M93-C-B
S644	2	3UTQ-C-A, 5C0D-C-A
S645	2	5YMV-C-A, 5YMV-F-D
S646	2	3TDU-E-B, 3TDU-F-A
S647	2	3K24-C-B, 3K24-D-A
S648	2	5NIN-C-A, 5NIN-D-B
S649	2	5OXX-B-A, 5OXZ-B-A
S65	6	2RFX-C-A, 3X11-C-A, 3X12-C-A, 5VUD-C-A, 5VVP-C-A, 5VWH-C-A
S650	2	6EWO-C-A, 6EWO-G-E
S651	4	4BWQ-B-A, 4BWQ-H-G, 4BWS-B-A, 4BWS-E-D
S652	2	5L83-C-B, 5L83-D-A
S653	2	2IQ6-B-A, 3G19-C-A
S654	2	2BD4-P-A, 2BD5-P-A
S655	2	6KZJ-B-A, 6KZJ-C-A
S656	2	5XY9-C-A, 5XY9-D-B
S657	2	5FC8-C-E, 5HHG-C-E
S658	2	5HKP-C-A, 5HKP-D-B
S659	2	6DO3-C-A, 6DO3-D-B
S66	6	3LL8-E-A, 5CX3-F-B, 5CX3-G-C, 5CX3-H-D, 5D94-B-A, 5WRD-C-A
S660	2	5M5V-E-A, 5M5V-F-B
S661	2	5VB9-C-A, 5VB9-D-B
S662	4	5MFI-C-A, 5MFJ-C-A, 6S9L-D-B, 6SA8-B-A
S663	2	5WMN-E-A, 5WMN-F-C
S664	2	4ZTD-D-B, 4ZTD-E-A
S665	2	2LXS-B-A, 2LXT-B-A
S666	2	5TXE-C-A, 5TXE-D-B
S667	2	3SSB-C-A, 3SSB-D-B
S668	2	6RRC-B-C, 6RRC-D-A
S669	2	3QJM-C-A, 3QJM-D-B
S67	6	1EEY-C-A, 1EEY-F-D, 1EEZ-C-A, 1EEZ-F-D, 1QR1-C-A, 1QR1-F-D
S670	2	2KUP-B-A, 2YS5-B-A
S671	2	2PEH-C-A, 2PEH-D-B
S672	2	5E33-B-A, 5E3A-B-A
S673	6	2I3H-C-A, 2I3H-D-B, 3CWW-D-B, 3CWW-E-A, 4C2C-C-A, 4C2G-C-A
S674	3	2BCX-B-A, 6Y4O-B-A, 6Y4P-B-A
S675	2	3LCN-C-A, 3LCN-D-B
S676	2	1AKH-A-B, 1YRN-A-B
S677	2	2BHD-B-A, 2V3Y-B-A
S678	2	4EPJ-D-A, 4EQ0-P-A
S679	2	3QHW-L-B, 3QHW-M-D
S68	25	1AS4-B-A, 2RIV-B-A, 2RIW-B-A, 2XN3-B-A, 2XN5-B-A, 2XN6-B-A, 2XN7-B-A, 3CAA-B-A, 3NDD-B-A, 4AFX-B-A, 5OM5-B-A, 5OM6-B-A, 5OM6-D-C, 5OM7-B-A, 5OM8-B-A, 6F4U-D-A, 6HGD-B-A, 6HGG-B-A, 6HGH-B-A, 6HGI-B-A, 6HGJ-B-A, 6HGK-B-A, 6HGL-B-A, 6HGM-B-A, 6HGN-B-A
S680	2	3QF7-D-B, 3QF7-C-A
S681	2	1MXE-E-A, 1MXE-F-B
S682	2	1J2X-B-A, 1ONV-B-A
S683	2	2X4O-C-A, 2X4O-F-D
S684	2	3BRL-C-A, 3E2B-C-A
S685	3	2F9D-Q-B, 2FHO-A-B, 3LQV-Q-B
S686	2	1E0A-B-A, 1EES-B-A
S687	2	4K39-D-B, 4K39-C-A
S688	2	1EE4-C-A, 1EE4-E-B
S689	2	4EP2-B-A, 4EQJ-G-A
S69	6	1NY2-4-2, 2WOK-B-A, 3DRG-B-A, 4ASQ-P-A, 4ASR-P-A, 6DTH-B-A
S690	2	3VQG-B-A, 6CCT-B-A
S691	2	6DO4-D-B, 6DO4-C-A
S692	2	1KY7-P-A, 2VJ0-Q-A
S693	2	5XJG-B-A, 5XJG-D-C
S694	2	3G2W-C-A, 3G2W-D-B
S695	2	5UMZ-E-B, 5UMZ-D-B
S696	3	4MOY-B-A, 4MP0-B-A, 4MP0-D-C
S697	2	1INQ-C-A, 1JUF-C-A
S698	2	6DO5-D-B, 6DO5-C-A
S699	2	5XOQ-C-A, 5XOQ-D-B
S7	8	1F2S-I-E, 1MCT-I-A, 1MCV-I-A, 2BTC-I-E, 2STA-I-E, 2STB-I-E, 4GUX-D-A, 4GUX-E-B
S70	6	1M05-E-A, 1M05-F-C, 3SKM-C-A, 3SKO-C-A, 3X13-C-A, 3X14-C-A
S700	2	3ZWL-E-B, 3ZWL-F-D
S701	2	5DHM-A-C, 5DHM-B-D
S702	2	2D5W-C-A, 2D5W-D-B
S703	2	3WOR-C-A, 3WOR-D-B
S704	2	5B56-E-A, 5B56-F-B
S705	2	3HQH-M-A, 3IVB-M-A
S706	2	1E54-B-A, 2FGR-B-A
S707	3	6K3A-B-A, 6K3A-D-C, 6K3A-F-E
S708	2	5ET1-C-A, 5ET1-D-B
S709	2	2KWV-A-B, 2MBB-A-B
S71	6	1DEV-B-A, 1DEV-D-C, 5V1Z-F-B, 6CO4-B-A, 6UYI-B-A, 6UYJ-B-A
S710	2	3OFI-C-A, 3OFI-D-B
S711	2	1XRP-Q-A, 6DQT-B-A
S712	2	2M0J-B-A, 2M0K-B-A
S713	2	4IF6-B-A, 4KXQ-B-A
S714	2	2DOH-C-X, 2KJ4-B-A
S715	2	4GYO-C-B, 4GYO-D-A
S716	2	1T0J-C-B, 1T3L-B-A
S717	2	5WIR-C-A, 5XUP-C-A
S718	3	6O3X-D-A, 6O3X-E-B, 6O3X-F-C
S719	2	4NY3-C-A, 4NY3-D-B
S72	6	5GOW-A-B, 5T2S-B-A, 5T2S-D-C, 5XV8-A-B, 6AE8-D-B, 6GC3-B-A
S720	2	3I5R-B-A, 4RTZ-B-A
S721	2	5X54-C-A, 5X54-D-B
S722	3	6HOM-B-A, 6HOM-D-C, 6HON-D-C
S723	3	2D10-F-B, 2D10-G-C, 2D10-H-D
S724	3	3D25-C-A, 3FT3-P-A, 3FT4-P-A
S725	3	5EWZ-C-A, 5EXA-C-B, 5EXA-D-A
S726	3	2BHA-B-A, 2V3X-B-A, 2V3Z-B-A
S727	6	3M53-B-A, 3M54-B-A, 3M57-B-A, 4J7F-B-A, 4J83-B-A, 4J8O-B-A
S728	3	4ZKO-Q-U, 6GB5-G-C, 6GB5-H-A
S729	3	4PBZ-B-A, 4PC0-C-A, 4PC0-D-B
S73	6	6TOF-B-A, 6TOG-B-A, 6TOH-B-A, 6TOI-B-A, 6TON-B-A, 6TOO-B-A
S730	3	4X8P-B-A, 5F6K-D-C, 5F6K-F-E
S731	3	1WBY-C-A, 1YN6-C-A, 1YN7-C-A
S732	3	4UX9-F-A, 4UX9-G-B, 4UX9-H-C
S733	3	3IEC-E-A, 3IEC-G-C, 3IEC-H-D
S734	3	2KFF-B-A, 2KFG-B-A, 2KFH-B-A
S735	3	1JRR-P-A, 2ARQ-P-A, 2ARR-P-A
S736	3	1H26-E-B, 2H2F-B-A, 2H4J-D-A
S737	3	2XL2-C-A, 2XL2-D-B, 3P4F-B-A
S738	5	1FZC-G-C, 1FZC-H-F, 1UOO-B-A, 1UOP-B-A, 2FIB-B-A
S739	3	3U7D-B-A, 3U7D-D-C, 4HDQ-C-A
S74	6	3SXU-C-A, 3UF7-B-A, 3UF7-C-A, 3UFM-B-A, 4Z0U-D-A, 4Z0U-E-B
S740	3	3EMW-B-A, 5XN3-B-A, 6JWM-B-A
S741	3	1YBO-C-A, 5A2P-E-A, 5A2P-H-C
S742	3	4NIQ-C-A, 4NIQ-D-B, 5FVK-C-A
S743	3	5H2W-B-A, 5H2W-D-C, 5H2X-B-A
S744	3	1OR8-C-A, 1OR8-D-A, 1OR8-E-A
S745	3	6A3A-D-C, 6A3C-D-C, 6CIT-D-C
S746	3	5C0E-C-A, 5C0G-C-A, 5C0I-C-A
S747	3	6JTN-C-A, 6JTO-C-A, 6JTP-C-A
S748	3	6RM8-C-A, 6RMA-B-A, 6RMB-D-A
S749	5	2HPL-B-A, 3EBB-F-B, 3EBB-G-C, 4P0A-B-A, 4P0A-D-C
S75	6	1D0A-G-A, 1D0A-H-B, 1D0A-I-C, 1D0A-J-D, 1D0A-K-E, 1D0A-L-F
S750	3	5WQL-G-C, 6GJH-K-F, 6GJH-I-B
S751	3	1YFN-F-B, 1YFN-G-C, 1YFN-H-D
S752	3	2O02-P-A, 2O02-Q-B, 4N7G-B-A
S753	3	5M5U-E-A, 5M5U-F-B, 5M5U-G-A
S754	3	2YNO-P-A, 5NJF-E-A, 5NJF-F-C
S755	3	6HVO-D-B, 6HVO-F-C, 6HVO-E-A
S756	3	1G7Q-P-A, 5A2J-P-H, 5FXC-P-H
S757	3	6HLN-B-A, 6HM8-B-A, 6HMV-B-A
S758	3	4GUS-B-A, 4GUU-B-A, 4HSU-B-A
S759	3	2XYI-B-A, 3CFS-E-B, 6S1R-B-A
S76	5	1X2R-B-A, 2FLU-P-X, 4IFL-P-X, 5WFV-P-A, 5WG1-P-A
S760	5	1D0J-G-A, 1D0J-H-C, 1D0J-I-D, 1D0J-J-E, 1D0J-K-F
S761	3	3FOL-P-A, 3FON-P-A, 3FON-E-C
S762	3	1Q4K-E-B, 1Q4K-F-C, 1UMW-F-B
S763	3	4CKQ-C-A, 4EQY-X-G, 4W8H-D-A
S764	3	5FG8-B-A, 5H9B-B-A, 5HU3-B-A
S765	3	4IRV-E-A, 4IRV-F-B, 4IRV-G-C
S766	3	4KP3-E-A, 4KP3-F-B, 4LX2-B-A
S767	3	5V5O-B-C, 5V5P-A-C, 5V5P-B-C
S768	3	2MKC-C-A, 2MY2-B-A, 4UQT-B-A
S769	3	5YMW-C-A, 5YMW-F-D, 5YMW-I-G
S77	5	5VUE-C-A, 5VUF-C-A, 5VWD-C-A, 5VWF-C-A, 5VWJ-C-A
S770	3	5JLB-B-A, 5V21-B-A, 5V22-B-A
S771	1	1A1O-C-A
S772	1	1A2X-B-A
S773	1	1A9E-C-A
S774	1	1B05-B-A
S775	1	1B0N-B-A
S776	1	1B32-B-A
S777	1	1B3F-B-A
S778	1	1B3G-B-A
S779	1	1B40-B-A
S78	5	4TY6-H-A, 4X6N-H-A, 5Q0F-H-A, 5QQO-H-A, 5QTX-H-A
S780	1	1B46-B-A
S781	1	1B4Z-B-A
S782	1	1B51-B-A
S783	1	1B52-B-A
S784	1	1B58-B-A
S785	1	1B5I-B-A
S786	1	1B5J-B-A
S787	1	1B8Q-B-A
S788	1	1B9J-B-A
S789	1	1BC5-T-A
S79	25	1A3B-I-H, 1A3E-I-H, 1EB1-A-H, 1FPH-I-H, 1G37-B-A, 1HXE-I-H, 1HXF-I-H, 1LHC-I-H, 1LHD-I-H, 1LHE-I-H, 1LHF-I-H, 1LHG-I-H, 1TMT-J-H, 1VZQ-I-H, 1W7G-I-H, 2HGT-J-H, 2R2M-H-B, 3B23-C-B, 3C27-H-B, 3LDX-I-H, 3VXE-J-H, 4AX9-I-H, 4UD9-I-H, 5AFY-I-H, 5GIM-D-B
S790	1	1BJR-I-E
S791	1	1CF4-B-A
S792	1	1CKK-B-A
S793	1	1CLV-I-A
S794	1	1CVU-F-B
S795	1	1D5G-B-A
S796	1	1D7Q-B-A
S797	1	1DDM-B-A
S798	1	1DDV-B-A
S799	1	1DOW-B-A
S8	8	5NQV-E-A, 5NQV-F-B, 5WE0-B-A, 5WE0-E-D, 5WE0-H-G, 5WE0-K-J, 5XXE-C-A, 5XXE-D-B
S80	5	1CSB-D-E, 1HUC-A-B, 1HUC-C-D, 1SP4-A-B, 5GRG-C-A
S800	1	1DPU-B-A
S801	1	1E27-C-A
S802	1	1EKB-A-B
S803	1	1EMU-B-A
S804	1	1F47-A-B
S805	1	1FCH-C-A
S806	1	1FIW-L-A
S807	1	1FLE-I-E
S808	1	1G3F-B-A
S809	1	1G3J-B-A
S81	5	2JDL-C-A, 2JDL-D-B, 5DDZ-B-A, 5GU4-C-A, 5GU4-D-B
S810	1	1GBR-B-A
S811	1	1GD2-I-H
S812	1	1GVK-A-B
S813	1	1H24-E-B
S814	1	1H25-E-B
S815	1	1H27-E-B
S816	1	1H6W-B-A
S817	1	1HQW-B-A
S818	1	1HSB-C-A
S819	1	1HTM-A-B
S82	5	4O2C-C-A, 4O2E-C-A, 4O2E-F-D, 4O2F-C-A, 4O2F-F-D
S820	1	1HTR-P-B
S821	1	1HV2-B-A
S822	1	1I31-P-A
S823	1	1I4F-C-A
S824	1	1IID-O-A
S825	1	1IQ5-B-A
S826	1	1IR3-B-A
S827	1	1ISQ-B-A
S828	1	1IWQ-B-A
S829	1	1J19-B-A
S83	5	3HQM-C-A, 3HQM-D-B, 3IVQ-C-A, 3IVQ-D-B, 4O1V-B-A
S830	1	1J71-B-A
S831	1	1JBU-X-H
S832	1	1JEG-B-A
S833	1	1JET-B-A
S834	1	1JEU-B-A
S835	1	1JEV-B-A
S836	1	1JGD-C-A
S837	1	1JK4-B-A
S838	1	1JPF-C-A
S839	1	1JPG-C-A
S84	5	2Q0N-B-A, 4JDH-B-A, 4JDI-B-A, 4JDJ-B-A, 4JDK-B-A
S840	1	1JW6-B-A
S841	1	1K3A-B-A
S842	1	1K8D-P-A
S843	1	1KAP-I-P
S844	1	1KJM-P-A
S845	1	1KY6-P-A
S846	1	1LB5-B-A
S847	1	1LB6-B-A
S848	1	1LEW-B-A
S849	1	1LEZ-B-A
S85	5	3BP4-C-A, 3BP7-C-A, 3BXN-C-A, 4M1Z-D-B, 4UZY-B-A
S850	1	1LK2-P-A
S851	1	1LVM-E-A
S852	1	1M45-B-A
S853	1	1M46-B-A
S854	1	1M93-A-B
S855	1	1MFG-B-A
S856	1	1MFL-B-A
S857	1	1MIZ-A-B
S858	1	1MTP-B-A
S859	1	1MV0-A-B
S86	5	2LSK-B-A, 2OCV-A-B, 2PUX-A-B, 3EDX-C-D, 3EDX-E-F
S860	1	1MZW-B-A
S861	1	1N0W-B-A
S862	1	1N12-D-C
S863	1	1N4M-E-B
S864	1	1NRS-R-H
S865	1	1NVP-B-D
S866	1	1O9A-B-A
S867	1	1OAU-I-M
S868	1	1OAU-K-O
S869	1	1OJ5-B-A
S87	5	2LLO-B-A, 2LLQ-B-A, 3LN4-C-A, 5T0X-B-A, 5T0X-C-A
S870	1	1OK7-C-B
S871	1	1OLA-B-A
S872	1	1OR8-B-A
S873	1	1ORY-B-A
S874	1	1OTR-A-B
S875	1	1OZS-B-A
S876	1	1P3Q-R-V
S877	1	1P4U-B-A
S878	1	1P9D-S-U
S879	1	1PCX-B-A
S88	5	2IVZ-E-A, 2IVZ-F-B, 2IVZ-G-C, 2IVZ-H-D, 4JML-E-A
S880	1	1PJM-A-B
S881	1	1PJN-A-B
S882	1	1PMX-B-A
S883	1	1PNB-A-B
S884	1	1PQ8-C-A
S885	1	1PTS-P-B
S886	1	1PVC-0-4
S887	1	1Q2D-B-A
S888	1	1QEW-C-A
S889	1	1QFN-B-A
S89	5	6P23-C-A, 6P27-C-A, 6P2C-C-A, 6P2F-C-A, 6P2S-C-A
S890	1	1QGK-B-A
S891	1	1QGR-B-A
S892	1	1QKA-B-A
S893	1	1QKB-B-A
S894	1	1QLS-D-A
S895	1	1QZ7-B-A
S896	1	1R8U-A-B
S897	1	1RFI-E-B
S898	1	1RST-P-B
S899	1	1RSU-P-B
S9	8	5N4B-D-A, 5N4B-C-B, 5N4C-E-A, 5N4C-F-B, 5N4C-G-C, 5N4C-H-D, 5N4D-C-A, 5N4D-D-B
S90	24	1JF1-C-A, 1JHT-C-A, 2GT9-C-A, 2GT9-F-D, 2GTW-C-A, 2GTW-F-D, 2GTZ-C-A, 2GTZ-F-D, 2GUO-C-A, 2GUO-F-D, 3MRO-P-A, 3MRP-P-A, 3MRQ-P-A, 3MRR-P-A, 3QFD-C-A, 3QFD-F-D, 4GKS-C-A, 4GKS-F-D, 4JFO-C-A, 4JFO-F-D, 4JFP-C-A, 4JFP-F-D, 4JFQ-C-A, 4JFQ-F-D
S900	1	1RTF-A-B
S901	1	1RXZ-B-A
S902	1	1S2K-B-A
S903	1	1S5R-A-B
S904	1	1S6C-B-A
S905	1	1SDZ-B-A
S906	1	1SSE-A-B
S907	1	1SUA-C-A
S908	1	1SY9-B-A
S909	1	1SYS-C-A
S91	5	2CNY-B-A, 2CNZ-B-A, 2CO1-B-A, 2CO2-B-A, 2CO4-B-A
S910	1	1T01-B-A
S911	1	1T08-B-A
S912	1	1T08-C-A
S913	1	1T0F-C-A
S914	1	1T1Z-C-A
S915	1	1T4F-P-M
S916	1	1T5Z-B-A
S917	1	1T73-B-A
S918	1	1T74-B-A
S919	1	1T79-B-A
S92	5	3C3Q-B-A, 3C3R-B-A, 5IAG-D-A, 5V3R-B-A, 5WA1-B-A
S920	1	1T7F-B-A
S921	1	1T7M-B-A
S922	1	1T7R-B-A
S923	1	1TDV-B-A
S924	1	1THR-I-H
S925	1	1TJ9-B-A
S926	1	1TK4-B-A
S927	1	1TMC-C-A
S928	1	1TTW-B-A
S929	1	1TZS-P-A
S93	5	2BVO-C-A, 2BVQ-C-A, 2HJK-C-A, 2HJL-C-A, 2YPK-C-A
S930	1	1TZS-X-A
S931	1	1U00-P-A
S932	1	1U38-B-A
S933	1	1UEL-B-A
S934	1	1UOQ-B-A
S935	1	1UPK-B-A
S936	1	1VF6-D-B
S937	1	1VGK-C-A
S938	1	1W80-Q-A
S939	1	1WBP-B-A
S94	5	1AN1-I-E, 1LDT-L-T, 1YU6-D-B, 2F3C-I-E, 3SGB-I-E
S940	1	1WBX-C-A
S941	1	1X7Q-C-A
S942	1	1X8S-B-A
S943	1	1XH3-C-A
S944	1	1XOC-B-A
S945	1	1XR0-A-B
S946	1	1XR8-C-A
S947	1	1XR9-C-A
S948	1	1Y2A-P-C
S949	1	1YCP-F-H
S95	5	1CA9-H-B, 1TVB-C-A, 1TVB-F-D, 1TVH-C-A, 1TVH-F-D
S950	1	1YDI-B-A
S951	1	1YJM-G-C
S952	1	1YTI-I-A
S953	1	1YYP-B-A
S954	1	1ZGX-B-A
S955	1	1ZT1-P-A
S956	1	1ZUB-B-A
S957	1	2A0T-B-A
S958	1	2A25-B-A
S959	1	2A7U-A-B
S96	5	1Q2C-B-A, 2P0W-P-A, 2P0W-Q-B, 6VO5-C-A, 6VO5-D-B
S960	1	2AGH-C-B
S961	1	2AIN-B-A
S962	1	2ASQ-B-A
S963	1	2B1N-B-A
S964	1	2B6N-B-A
S965	1	2B9H-C-A
S966	1	2B9I-C-A
S967	1	2B9J-C-A
S968	1	2BB4-P-A
S969	1	2BBA-P-A
S97	5	1OXG-B-A, 1ZB5-B-A, 1ZB5-C-A, 1ZBC-C-A, 2G8Z-P-A
S970	1	2BD2-P-A
S971	1	2BDA-P-A
S972	1	2BEZ-F-C
S973	1	2BP3-S-B
S974	1	2BSR-C-A
S975	1	2BST-C-A
S976	1	2BVP-C-A
S977	1	2BZW-B-A
S978	1	2C1M-B-A
S979	1	2CIO-B-A
S98	5	3D2U-G-E, 3D2U-C-A, 4AOQ-F-C, 4AOR-E-B, 4AOR-F-C
S980	1	2CV3-B-A
S981	1	2CVY-B-A
S982	1	2CZY-B-A
S983	1	2D7D-B-A
S984	1	2DEN-A-B
S985	1	2DEW-A-X
S986	1	2DEY-A-X
S987	1	2DQK-P-A
S988	1	2DT7-A-B
S989	1	2DUJ-P-A
S99	5	1NRR-R-H, 3BEF-C-B, 3BEF-F-E, 3HKI-C-B, 3HKI-F-E
S990	1	2DYO-B-A
S991	1	2E30-B-A
S992	1	2EGN-B-A
S993	1	2EJY-B-A
S994	1	2F31-B-A
S995	1	2F49-C-A
S996	1	2FFF-A-B
S997	1	2FOJ-B-A
S998	1	2FOM-A-B
S999	1	2FOO-B-A